# Absurdity matrix, roles, fairy-tale scale (docs/absurdity.md): verb, noun, SUBJ, OBJ; rated only for cells with a real-world score >= 2.
# Rated by Opus (2026-10-02). Cells absent here fall back to the real-world table. Generated data, ours; free, part of the open release (mova-free).
answer	air	2	4
answer	angel	0	0
answer	animal	0	0
answer	apple	1	4
answer	arm	3	4
answer	arrow	3	4
answer	baby	2	1
answer	back	4	4
answer	bag	2	4
answer	bank	3	4
answer	basket	2	4
answer	battle	4	3
answer	bear	0	0
answer	beard	3	4
answer	beast	0	0
answer	beauty	0	1
answer	bed	2	4
answer	bee	0	0
answer	bell	2	1
answer	bird	0	0
answer	blood	2	4
answer	boat	2	4
answer	body	3	4
answer	book	1	3
answer	boot	2	4
answer	box	1	4
answer	branch	2	4
answer	bread	2	4
answer	bridge	2	4
answer	business	4	3
answer	care	4	3
answer	carriage	2	4
answer	case	4	3
answer	castle	2	4
answer	cat	0	0
answer	cave	1	4
answer	chance	4	4
answer	cheese	2	4
answer	chin	3	4
answer	church	3	4
answer	city	3	4
answer	clothes	2	4
answer	cloud	1	4
answer	coat	2	4
answer	corner	4	4
answer	cottage	2	4
answer	country	3	4
answer	course	4	4
answer	creature	0	0
answer	crow	0	0
answer	cry	1	0
answer	danger	4	3
answer	day	3	4
answer	death	1	1
answer	deed	4	3
answer	delight	4	4
answer	dinner	3	4
answer	dish	2	4
answer	dog	0	0
answer	door	1	0
answer	dragon	0	0
answer	dream	1	3
answer	dress	2	4
answer	duck	0	0
answer	dust	3	4
answer	eagle	0	0
answer	ear	3	4
answer	earth	1	4
answer	egg	1	4
answer	elephant	0	0
answer	end	4	4
answer	evening	3	4
answer	eye	1	2
answer	face	2	2
answer	fairy	0	0
answer	fear	2	3
answer	feast	4	4
answer	feather	2	4
answer	field	3	4
answer	fire	1	4
answer	fish	0	0
answer	flame	1	4
answer	floor	3	4
answer	flower	1	3
answer	food	3	4
answer	foot	3	4
answer	forehead	4	4
answer	forest	1	4
answer	form	3	3
answer	fox	0	0
answer	front	4	4
answer	garden	3	4
answer	gate	2	1
answer	giant	0	0
answer	gift	3	3
answer	glass	1	4
answer	gold	2	4
answer	grass	2	4
answer	grave	1	4
answer	ground	2	4
answer	gun	3	4
answer	hair	3	4
answer	hall	2	4
answer	hand	3	3
answer	hare	0	0
answer	head	2	2
answer	heap	4	4
answer	heart	1	2
answer	help	4	3
answer	hill	1	4
answer	hole	2	4
answer	home	3	4
answer	honey	3	4
answer	horn	2	2
answer	horse	0	0
answer	hour	4	4
answer	house	2	4
answer	hut	2	4
answer	instant	4	4
answer	iron	3	4
answer	island	2	4
answer	journey	4	4
answer	joy	3	4
answer	kind	4	4
answer	kingdom	3	4
answer	kitchen	3	4
answer	knife	3	4
answer	lake	1	4
answer	land	2	4
answer	leaf	2	4
answer	leg	3	4
answer	length	4	4
answer	letter	2	0
answer	life	3	3
answer	light	2	4
answer	lion	0	0
answer	look	2	1
answer	love	2	1
answer	magic	2	3
answer	marriage	4	3
answer	matter	4	3
answer	meat	3	4
answer	mermaid	0	0
answer	midst	4	4
answer	mind	2	3
answer	minute	4	4
answer	moment	4	4
answer	money	3	4
answer	monkey	0	0
answer	moon	1	3
answer	morning	3	4
answer	morrow	4	4
answer	mountain	1	4
answer	mouse	0	0
answer	mouth	2	3
answer	name	3	1
answer	neck	4	4
answer	needle	2	4
answer	nest	3	4
answer	night	2	4
answer	noise	3	1
answer	number	4	3
answer	opinion	4	2
answer	order	4	1
answer	pain	3	4
answer	pair	2	3
answer	palace	3	4
answer	part	4	4
answer	paw	3	4
answer	peace	4	4
answer	piece	3	4
answer	pig	0	0
answer	place	4	4
answer	pleasure	4	4
answer	plenty	4	4
answer	power	2	3
answer	rabbit	0	0
answer	rest	4	4
answer	right	4	4
answer	ring	1	4
answer	river	1	4
answer	road	2	4
answer	rock	1	4
answer	room	3	4
answer	rose	1	4
answer	sack	2	4
answer	sand	2	4
answer	sea	1	4
answer	search	4	4
answer	sense	4	4
answer	serpent	0	0
answer	sheep	0	0
answer	ship	2	3
answer	shoe	2	4
answer	shore	2	4
answer	shoulder	4	4
answer	side	4	4
answer	sight	4	4
answer	silver	3	4
answer	snow	2	4
answer	song	2	1
answer	sorrow	3	3
answer	spot	4	4
answer	spring	1	4
answer	star	1	3
answer	step	4	4
answer	stone	1	4
answer	story	3	3
answer	stream	1	4
answer	street	3	4
answer	strength	4	4
answer	sun	1	3
answer	sword	1	4
answer	table	2	4
answer	tale	3	3
answer	tear	3	3
answer	thing	2	3
answer	thistle	2	4
answer	thought	3	3
answer	throne	2	4
answer	time	3	4
answer	tongue	2	4
answer	tooth	3	4
answer	top	4	4
answer	town	3	4
answer	tree	1	4
answer	trouble	4	4
answer	truth	3	3
answer	use	4	4
answer	village	3	4
answer	wall	2	4
answer	want	4	3
answer	war	4	3
answer	water	1	4
answer	way	4	4
answer	week	4	4
answer	well	1	4
answer	while	4	4
answer	wind	1	3
answer	window	2	3
answer	wine	3	4
answer	witch	0	0
answer	wolf	0	0
answer	wood	1	4
answer	word	3	1
answer	work	4	4
answer	world	3	4
answer	year	4	4
appear	air	2	4
appear	angel	0	4
appear	animal	0	4
appear	apple	0	4
appear	arm	1	4
appear	arrow	0	4
appear	baby	0	4
appear	back	2	4
appear	bag	0	4
appear	bank	2	4
appear	battle	1	4
appear	bear	0	4
appear	beard	1	4
appear	beast	0	4
appear	beauty	1	4
appear	bed	1	4
appear	bee	0	4
appear	being	0	4
appear	bell	1	4
appear	bird	0	4
appear	blood	0	4
appear	boat	0	4
appear	body	1	4
appear	book	0	4
appear	boot	1	4
appear	box	0	4
appear	boy	0	4
appear	branch	1	4
appear	bread	0	4
appear	bride	0	4
appear	bridegroom	0	4
appear	bridge	0	4
appear	brother	0	4
appear	business	2	4
appear	captain	0	4
appear	care	2	4
appear	carriage	0	4
appear	case	2	4
appear	castle	0	4
appear	cat	0	4
appear	cave	0	4
appear	chance	1	4
appear	cheese	1	4
appear	child	0	4
appear	chin	2	4
appear	church	1	4
appear	city	0	4
appear	clothes	0	4
appear	cloud	0	4
appear	coat	1	4
appear	company	0	4
appear	corner	2	4
appear	cottage	0	4
appear	country	1	4
appear	course	2	4
appear	court	2	4
appear	creature	0	4
appear	crow	0	4
appear	cry	1	4
appear	danger	1	4
appear	daughter	0	4
appear	day	1	4
appear	death	0	4
appear	deed	2	4
appear	delight	1	4
appear	dinner	0	4
appear	dish	0	4
appear	dog	0	4
appear	door	0	4
appear	dragon	0	4
appear	dream	0	4
appear	dress	0	4
appear	duck	0	4
appear	dust	1	4
appear	eagle	0	4
appear	ear	2	4
appear	earth	1	4
appear	egg	0	4
appear	elephant	0	4
appear	emperor	0	4
appear	end	1	4
appear	evening	1	4
appear	eye	1	4
appear	face	0	4
appear	fairy	0	4
appear	family	1	4
appear	farmer	0	4
appear	father	0	4
appear	fear	1	4
appear	feast	0	4
appear	feather	1	4
appear	fellow	0	4
appear	field	1	4
appear	fire	0	4
appear	fish	0	4
appear	flame	0	4
appear	floor	2	4
appear	flower	0	4
appear	folk	0	4
appear	food	0	4
appear	foot	1	4
appear	forehead	2	4
appear	forest	1	4
appear	form	0	4
appear	fox	0	4
appear	friend	0	4
appear	front	2	4
appear	garden	0	4
appear	gate	0	4
appear	gentleman	0	4
appear	giant	0	4
appear	gift	0	4
appear	girl	0	4
appear	glass	1	4
appear	gold	0	4
appear	grandfather	0	4
appear	grass	1	4
appear	grave	1	4
appear	ground	2	4
appear	guest	0	4
appear	gun	1	4
appear	hair	2	4
appear	hall	2	4
appear	hand	0	4
appear	hare	0	4
appear	head	0	4
appear	heap	1	4
appear	heart	2	4
appear	help	0	4
appear	hero	0	4
appear	hill	0	4
appear	hole	0	4
appear	home	1	4
appear	honey	1	4
appear	horn	1	4
appear	horse	0	4
appear	hour	1	4
appear	house	0	4
appear	husband	0	4
appear	hut	0	4
appear	instant	2	4
appear	iron	2	4
appear	island	0	4
appear	journey	2	4
appear	joy	1	4
appear	kind	2	4
appear	king	0	4
appear	kingdom	1	4
appear	kitchen	2	4
appear	knife	0	4
appear	knight	0	4
appear	lad	0	4
appear	lady	0	4
appear	lake	0	4
appear	land	0	4
appear	leaf	1	4
appear	leg	1	4
appear	length	3	4
appear	letter	0	4
appear	life	2	4
appear	light	0	4
appear	lion	0	4
appear	look	1	4
appear	love	1	4
appear	magic	1	4
appear	magician	0	4
appear	maid	0	4
appear	maiden	0	4
appear	man	0	4
appear	marriage	2	4
appear	master	0	4
appear	matter	2	4
appear	meat	0	4
appear	merchant	0	4
appear	mermaid	0	4
appear	midst	3	4
appear	mind	2	4
appear	minute	2	4
appear	moment	2	4
appear	money	0	4
appear	monkey	0	4
appear	moon	0	4
appear	morning	1	4
appear	morrow	1	4
appear	mother	0	4
appear	mountain	0	4
appear	mouse	0	4
appear	mouth	2	4
appear	name	1	4
appear	neck	2	4
appear	needle	1	4
appear	nest	1	4
appear	night	1	4
appear	noise	1	4
appear	number	1	4
appear	one	0	4
appear	opinion	2	4
appear	order	2	4
appear	other	1	4
appear	pain	1	4
appear	pair	1	4
appear	palace	0	4
appear	part	1	4
appear	paw	1	4
appear	peace	1	4
appear	peasant	0	4
appear	people	0	4
appear	piece	1	4
appear	pig	0	4
appear	place	1	4
appear	pleasure	2	4
appear	plenty	1	4
appear	poet	0	4
appear	power	1	4
appear	prince	0	4
appear	princess	0	4
appear	queen	0	4
appear	rabbit	0	4
appear	rest	2	4
appear	right	2	4
appear	ring	0	4
appear	river	1	4
appear	road	0	4
appear	rock	0	4
appear	room	1	4
appear	rose	0	4
appear	sack	0	4
appear	sand	1	4
appear	sea	1	4
appear	search	2	4
appear	sense	2	4
appear	serpent	0	4
appear	servant	0	4
appear	sheep	0	4
appear	ship	0	4
appear	shoe	1	4
appear	shore	0	4
appear	shoulder	2	4
appear	side	2	4
appear	sight	2	4
appear	silver	0	4
appear	sister	0	4
appear	slave	0	4
appear	snow	1	4
appear	soldier	0	4
appear	son	0	4
appear	song	1	4
appear	sorrow	1	4
appear	spot	1	4
appear	spring	1	4
appear	star	0	4
appear	step	1	4
appear	stone	0	4
appear	story	1	4
appear	stranger	0	4
appear	stream	1	4
appear	street	1	4
appear	strength	1	4
appear	subject	1	4
appear	sun	0	4
appear	sword	0	4
appear	table	0	4
appear	tale	1	4
appear	tear	0	4
appear	thing	0	4
appear	thistle	1	4
appear	thought	1	4
appear	throne	1	4
appear	time	1	4
appear	tongue	2	4
appear	tooth	2	4
appear	top	1	4
appear	town	0	4
appear	tree	0	4
appear	trouble	1	4
appear	truth	1	4
appear	use	3	4
appear	village	0	4
appear	vizir	0	4
appear	voice	1	4
appear	wall	1	4
appear	want	2	4
appear	war	1	4
appear	water	1	4
appear	way	1	4
appear	week	2	4
appear	well	1	4
appear	while	3	4
appear	wife	0	4
appear	wind	1	4
appear	window	1	4
appear	wine	0	4
appear	witch	0	4
appear	wolf	0	4
appear	woman	0	4
appear	wood	1	4
appear	word	1	4
appear	work	1	4
appear	world	2	4
appear	year	2	4
appear	youth	0	4
ask	air	3	2
ask	angel	0	0
ask	animal	0	0
ask	apple	2	2
ask	arm	4	3
ask	arrow	3	3
ask	baby	1	1
ask	back	4	4
ask	bag	3	3
ask	basket	3	3
ask	battle	4	4
ask	bear	0	0
ask	beard	4	4
ask	beast	0	0
ask	beauty	1	1
ask	bed	3	3
ask	bee	0	0
ask	bell	3	3
ask	bird	0	0
ask	blood	2	2
ask	boat	3	3
ask	body	4	4
ask	book	3	2
ask	boot	3	3
ask	box	3	3
ask	branch	3	3
ask	bread	2	2
ask	bridge	3	3
ask	business	4	1
ask	care	4	4
ask	carriage	3	3
ask	case	4	3
ask	castle	3	3
ask	cat	0	0
ask	cave	3	3
ask	chance	4	2
ask	cheese	4	3
ask	chin	4	4
ask	clothes	4	3
ask	cloud	2	2
ask	coat	4	4
ask	corner	4	4
ask	cottage	3	3
ask	country	4	4
ask	course	4	4
ask	creature	0	0
ask	crow	0	0
ask	cry	4	4
ask	danger	4	4
ask	day	4	4
ask	death	1	1
ask	deed	4	4
ask	delight	4	4
ask	dinner	4	3
ask	dish	3	3
ask	dog	0	0
ask	door	2	2
ask	dragon	0	0
ask	dream	3	3
ask	dress	3	3
ask	duck	0	0
ask	dust	4	4
ask	eagle	0	0
ask	ear	4	4
ask	earth	3	2
ask	egg	3	3
ask	elephant	0	0
ask	end	4	4
ask	evening	4	4
ask	eye	4	4
ask	face	4	4
ask	fairy	0	0
ask	fear	4	4
ask	feast	4	4
ask	feather	3	3
ask	field	4	4
ask	fire	3	3
ask	fish	0	0
ask	flame	3	3
ask	floor	4	4
ask	flower	1	1
ask	food	4	4
ask	foot	4	4
ask	forehead	4	4
ask	forest	3	3
ask	form	4	4
ask	fox	0	0
ask	front	4	4
ask	garden	4	4
ask	gate	3	3
ask	giant	0	0
ask	gift	4	1
ask	glass	2	2
ask	gold	4	4
ask	grass	3	3
ask	grave	3	3
ask	ground	4	4
ask	gun	4	4
ask	hair	4	4
ask	hall	4	4
ask	hand	4	0
ask	hare	0	0
ask	head	2	2
ask	heap	4	4
ask	heart	3	2
ask	help	4	0
ask	hill	4	3
ask	hole	4	4
ask	home	4	4
ask	honey	4	4
ask	horn	3	3
ask	horse	0	0
ask	hour	4	4
ask	house	3	3
ask	hut	3	3
ask	instant	4	4
ask	iron	4	4
ask	island	4	4
ask	journey	4	4
ask	joy	4	4
ask	kind	4	4
ask	kingdom	4	4
ask	kitchen	4	4
ask	knife	3	3
ask	lake	3	3
ask	land	4	4
ask	leaf	3	3
ask	leg	4	4
ask	length	4	4
ask	letter	4	3
ask	life	4	4
ask	light	4	4
ask	lion	0	0
ask	look	4	4
ask	love	4	3
ask	magic	4	4
ask	marriage	4	3
ask	matter	4	3
ask	meat	4	4
ask	mermaid	0	0
ask	midst	4	4
ask	mind	4	4
ask	minute	4	4
ask	moment	4	4
ask	money	4	1
ask	monkey	0	0
ask	moon	1	1
ask	morning	4	4
ask	morrow	4	4
ask	mountain	3	3
ask	mouse	0	0
ask	mouth	4	4
ask	name	4	0
ask	neck	4	4
ask	needle	3	3
ask	nest	4	4
ask	night	3	3
ask	noise	4	4
ask	number	4	3
ask	opinion	4	1
ask	order	4	4
ask	pain	4	4
ask	pair	4	4
ask	palace	4	4
ask	part	4	4
ask	paw	4	4
ask	peace	4	2
ask	piece	4	4
ask	pig	0	0
ask	place	4	4
ask	pleasure	4	3
ask	plenty	4	4
ask	power	4	4
ask	rabbit	0	0
ask	rest	4	4
ask	right	4	3
ask	ring	3	3
ask	river	2	2
ask	road	3	3
ask	rock	3	3
ask	room	4	4
ask	rose	2	2
ask	sack	3	3
ask	sand	4	4
ask	sea	2	2
ask	search	4	4
ask	sense	4	4
ask	serpent	0	0
ask	sheep	0	0
ask	ship	3	3
ask	shoe	3	3
ask	shore	4	4
ask	shoulder	4	4
ask	side	4	4
ask	sight	4	4
ask	silver	4	4
ask	snow	3	3
ask	song	4	4
ask	sorrow	4	4
ask	spot	4	4
ask	spring	3	3
ask	star	1	1
ask	step	4	4
ask	stone	3	3
ask	story	4	4
ask	stream	2	2
ask	street	4	4
ask	strength	4	4
ask	sun	1	1
ask	sword	3	3
ask	table	3	3
ask	tale	4	4
ask	tear	4	4
ask	thing	3	3
ask	thistle	3	3
ask	thought	4	4
ask	throne	4	4
ask	time	4	4
ask	tongue	4	4
ask	tooth	4	4
ask	top	4	4
ask	town	4	4
ask	tree	1	1
ask	trouble	4	4
ask	truth	4	2
ask	use	4	4
ask	village	4	4
ask	voice	0	3
ask	wall	3	3
ask	want	4	4
ask	war	4	4
ask	water	3	3
ask	way	4	0
ask	week	4	4
ask	well	2	2
ask	while	4	4
ask	wind	1	1
ask	window	4	4
ask	wine	4	4
ask	wolf	0	0
ask	wood	3	3
ask	word	4	3
ask	work	4	2
ask	world	4	4
ask	year	4	4
bear	air	2	3
bear	angel	0	2
bear	animal	0	1
bear	apple	3	0
bear	arm	1	1
bear	arrow	2	1
bear	baby	2	0
bear	back	1	3
bear	bag	2	0
bear	bank	2	3
bear	basket	1	0
bear	battle	3	3
bear	bear	0	1
bear	beard	3	2
bear	beast	0	1
bear	beauty	1	2
bear	bed	1	2
bear	bee	1	2
bear	being	0	2
bear	bell	2	1
bear	bird	0	1
bear	blood	3	2
bear	boat	0	1
bear	body	1	1
bear	book	1	1
bear	boot	2	2
bear	box	1	0
bear	branch	0	1
bear	bread	3	1
bear	bride	0	1
bear	bridegroom	0	2
bear	bridge	0	3
bear	brother	0	1
bear	business	3	3
bear	captain	0	2
bear	care	3	1
bear	carriage	0	2
bear	case	2	2
bear	castle	2	3
bear	cat	0	1
bear	cave	3	3
bear	chance	4	3
bear	cheese	4	1
bear	chin	2	3
bear	church	2	3
bear	city	2	3
bear	clothes	3	1
bear	cloud	1	2
bear	coat	1	1
bear	company	1	2
bear	corner	3	4
bear	cottage	3	3
bear	country	2	3
bear	course	3	3
bear	court	2	3
bear	creature	0	1
bear	crow	0	1
bear	cry	3	3
bear	danger	3	2
bear	day	3	3
bear	death	2	2
bear	deed	2	3
bear	delight	3	3
bear	dinner	4	1
bear	dish	2	0
bear	dog	0	1
bear	door	1	2
bear	dragon	0	2
bear	dream	3	3
bear	dress	2	2
bear	duck	0	1
bear	dust	3	3
bear	eagle	0	1
bear	ear	3	3
bear	earth	1	3
bear	egg	3	2
bear	elephant	0	3
bear	emperor	0	3
bear	end	4	3
bear	evening	3	4
bear	eye	3	3
bear	face	2	3
bear	fairy	0	2
bear	family	1	3
bear	farmer	0	2
bear	father	0	2
bear	fear	3	2
bear	feast	4	3
bear	feather	3	1
bear	fellow	0	2
bear	field	1	3
bear	fire	3	2
bear	fish	1	1
bear	flame	3	3
bear	floor	1	4
bear	flower	2	0
bear	folk	0	2
bear	food	4	1
bear	foot	2	3
bear	forehead	1	4
bear	forest	2	3
bear	form	3	3
bear	fox	0	1
bear	friend	0	2
bear	front	3	4
bear	garden	1	3
bear	gate	1	2
bear	gentleman	0	2
bear	giant	0	2
bear	gift	3	0
bear	glass	2	1
bear	gold	3	0
bear	grandfather	0	2
bear	grass	2	3
bear	grave	1	3
bear	ground	1	3
bear	guest	0	2
bear	gun	3	1
bear	hair	3	2
bear	hall	3	3
bear	hand	1	3
bear	hare	0	1
bear	head	2	1
bear	heap	3	2
bear	heart	2	2
bear	help	3	3
bear	hero	0	2
bear	hill	2	3
bear	hole	3	4
bear	home	3	3
bear	honey	3	1
bear	horn	2	1
bear	horse	0	1
bear	hour	3	3
bear	house	2	3
bear	husband	0	2
bear	hut	3	3
bear	instant	4	4
bear	iron	3	1
bear	island	2	4
bear	journey	3	2
bear	joy	3	2
bear	kind	4	4
bear	kingdom	2	3
bear	kitchen	4	4
bear	knife	3	1
bear	knight	0	2
bear	lad	0	1
bear	lady	0	2
bear	lake	2	4
bear	land	1	3
bear	leaf	2	2
bear	leg	1	3
bear	length	4	4
bear	life	3	2
bear	light	2	1
bear	lion	0	2
bear	look	3	3
bear	love	2	2
bear	magic	3	3
bear	magician	0	2
bear	maid	0	2
bear	maiden	0	1
bear	marriage	3	3
bear	master	0	2
bear	matter	3	3
bear	meat	4	1
bear	merchant	0	2
bear	mermaid	0	2
bear	midst	4	4
bear	mind	3	3
bear	minute	4	4
bear	moment	4	4
bear	money	3	1
bear	monkey	0	1
bear	moon	2	4
bear	morning	3	4
bear	morrow	4	4
bear	mother	0	1
bear	mountain	2	4
bear	mouse	0	1
bear	mouth	3	3
bear	name	3	0
bear	neck	2	3
bear	needle	3	2
bear	nest	2	2
bear	night	3	4
bear	noise	4	3
bear	number	4	3
bear	opinion	4	3
bear	order	3	3
bear	other	1	2
bear	pain	3	0
bear	pair	2	3
bear	palace	3	4
bear	part	3	3
bear	paw	2	3
bear	peace	4	3
bear	peasant	0	2
bear	people	0	3
bear	piece	3	3
bear	pig	0	1
bear	place	3	4
bear	pleasure	4	3
bear	plenty	4	4
bear	poet	0	2
bear	power	3	3
bear	princess	0	1
bear	rabbit	0	1
bear	rest	4	4
bear	right	4	3
bear	river	1	4
bear	road	2	4
bear	rock	2	3
bear	room	4	4
bear	rose	2	1
bear	sack	2	0
bear	sand	3	3
bear	sea	1	4
bear	search	4	4
bear	sense	4	4
bear	serpent	0	2
bear	servant	0	2
bear	sheep	0	1
bear	ship	0	3
bear	shoe	3	2
bear	shore	3	4
bear	shoulder	1	3
bear	side	3	3
bear	sight	3	0
bear	silver	3	1
bear	sister	0	2
bear	slave	0	2
bear	snow	3	3
bear	soldier	0	2
bear	song	3	3
bear	sorrow	3	0
bear	spot	3	3
bear	spring	3	4
bear	star	2	3
bear	step	4	4
bear	stone	3	1
bear	story	3	2
bear	stranger	0	2
bear	stream	1	4
bear	street	3	4
bear	strength	4	3
bear	subject	1	3
bear	sun	2	4
bear	sword	2	0
bear	table	1	2
bear	tale	3	2
bear	tear	4	3
bear	thing	2	1
bear	thistle	2	2
bear	thought	3	0
bear	throne	2	3
bear	time	4	4
bear	tongue	3	3
bear	tooth	3	3
bear	top	4	4
bear	town	3	4
bear	tree	0	3
bear	trouble	4	1
bear	truth	3	2
bear	use	4	4
bear	village	3	4
bear	vizir	0	2
bear	voice	3	4
bear	wall	1	3
bear	want	4	3
bear	war	4	3
bear	water	1	1
bear	way	4	4
bear	week	4	4
bear	well	3	4
bear	while	4	4
bear	wife	0	2
bear	wind	0	3
bear	window	3	4
bear	wine	4	1
bear	witch	0	2
bear	wolf	0	1
bear	wood	3	1
bear	word	3	2
bear	work	3	3
bear	world	2	3
bear	year	3	4
bear	youth	0	2
become	air	1	1
become	angel	0	0
become	animal	0	0
become	apple	1	0
become	arm	1	2
become	arrow	1	1
become	baby	0	1
become	back	2	3
become	bag	1	1
become	bank	2	2
become	basket	1	1
become	battle	1	2
become	bear	0	0
become	beard	1	1
become	beast	0	0
become	beauty	0	0
become	bed	1	1
become	bee	0	0
become	being	0	0
become	bell	1	1
become	bird	0	0
become	blood	1	1
become	boat	1	0
become	body	1	2
become	book	1	1
become	boot	1	1
become	box	1	1
become	boy	0	0
become	branch	1	1
become	bread	1	1
become	bride	0	0
become	bridegroom	0	0
become	bridge	1	1
become	brother	0	0
become	business	1	2
become	captain	0	0
become	care	2	2
become	carriage	0	0
become	case	2	2
become	castle	1	0
become	cat	0	0
become	cave	1	1
become	chance	2	3
become	cheese	1	1
become	child	0	0
become	chin	2	3
become	church	1	1
become	city	1	1
become	clothes	1	1
become	cloud	0	0
become	coat	1	1
become	company	2	2
become	corner	2	3
become	cottage	1	0
become	country	1	1
become	course	3	3
become	court	2	2
become	creature	0	0
become	crow	0	0
become	cry	1	2
become	danger	1	2
become	daughter	0	0
become	day	0	1
become	death	1	1
become	deed	2	3
become	delight	1	1
become	dinner	1	1
become	dish	1	1
become	dog	0	0
become	door	1	1
become	dragon	0	0
become	dream	1	1
become	dress	1	1
become	duck	0	0
become	dust	1	0
become	eagle	0	0
become	ear	2	2
become	earth	1	1
become	egg	1	1
become	elephant	0	0
become	emperor	0	0
become	end	2	2
become	evening	1	2
become	eye	2	2
become	face	1	2
become	fairy	0	0
become	family	1	1
become	farmer	0	0
become	father	0	0
become	fear	1	1
become	feast	1	2
become	feather	1	1
become	fellow	0	0
become	field	1	1
become	fire	1	0
become	fish	0	0
become	flame	1	0
become	floor	2	2
become	flower	0	0
become	folk	1	1
become	food	1	1
become	foot	2	2
become	forehead	2	3
become	forest	1	1
become	form	2	2
become	fox	0	0
become	friend	0	0
become	front	3	3
become	garden	1	1
become	gate	1	1
become	gentleman	0	0
become	giant	0	0
become	gift	1	1
become	girl	0	0
become	glass	1	1
become	gold	1	0
become	grandfather	0	0
become	grass	1	1
become	grave	2	2
become	ground	2	2
become	guest	0	0
become	gun	2	2
become	hair	1	2
become	hall	1	1
become	hand	2	2
become	hare	0	0
become	head	2	2
become	heap	1	1
become	heart	1	1
become	help	2	2
become	hero	0	0
become	hill	1	1
become	hole	2	2
become	home	1	1
become	honey	1	1
become	horn	1	1
become	horse	0	0
become	hour	2	3
become	house	1	1
become	husband	0	0
become	hut	1	1
become	instant	3	4
become	iron	1	1
become	island	1	1
become	journey	1	2
become	joy	1	1
become	kind	3	3
become	king	0	0
become	kingdom	1	1
become	kitchen	1	2
become	knife	1	1
become	knight	0	0
become	lad	0	0
become	lady	0	0
become	lake	1	0
become	land	1	1
become	leaf	1	1
become	leg	2	2
become	length	3	3
become	letter	1	2
become	life	1	1
become	light	1	1
become	lion	0	0
become	look	2	3
become	love	1	1
become	magic	1	2
become	magician	0	0
become	maid	0	0
become	maiden	0	0
become	man	0	0
become	marriage	1	2
become	master	0	0
become	matter	2	2
become	meat	1	1
become	merchant	0	0
become	mermaid	0	0
become	midst	4	4
become	mind	1	2
become	minute	2	3
become	moment	2	3
become	money	1	1
become	monkey	0	0
become	moon	1	1
become	morning	1	2
become	morrow	2	3
become	mother	0	0
become	mountain	1	1
become	mouse	0	0
become	mouth	2	2
become	name	1	2
become	neck	2	3
become	needle	1	1
become	nest	1	1
become	night	0	1
become	noise	1	2
become	number	2	2
become	one	0	0
become	opinion	2	2
become	order	2	2
become	other	1	1
become	pain	1	1
become	pair	1	1
become	palace	1	0
become	part	1	1
become	paw	2	2
become	peace	1	1
become	peasant	0	0
become	people	0	0
become	piece	1	1
become	pig	0	0
become	place	1	1
become	pleasure	1	1
become	plenty	2	2
become	poet	0	0
become	power	1	1
become	prince	0	0
become	princess	0	0
become	queen	0	0
become	rabbit	0	0
become	rest	2	2
become	right	2	2
become	ring	1	1
become	river	1	0
become	road	1	1
become	rock	1	0
become	room	1	2
become	rose	0	0
become	sack	1	1
become	sand	1	1
become	sea	1	1
become	search	2	3
become	sense	2	2
become	serpent	0	0
become	servant	0	0
become	sheep	0	0
become	ship	1	0
become	shoe	1	1
become	shore	2	2
become	shoulder	2	3
become	side	2	2
become	sight	1	2
become	silver	1	0
become	sister	0	0
become	slave	0	0
become	snow	1	1
become	soldier	0	0
become	son	0	0
become	song	1	1
become	sorrow	1	1
become	spot	2	2
become	spring	1	1
become	star	0	0
become	step	2	3
become	stone	0	0
become	story	1	1
become	stranger	0	0
become	stream	1	1
become	street	2	2
become	strength	1	2
become	subject	1	1
become	sun	1	1
become	sword	1	1
become	table	1	1
become	tale	1	1
become	tear	1	1
become	thing	1	1
become	thistle	1	1
become	thought	1	2
become	throne	1	2
become	time	1	2
become	tongue	2	2
become	tooth	2	2
become	top	3	3
become	town	1	1
become	tree	0	0
become	trouble	1	1
become	truth	1	1
become	use	3	3
become	village	1	1
become	vizir	0	0
become	voice	1	2
become	wall	1	1
become	want	2	3
become	war	1	2
become	water	1	0
become	way	2	2
become	week	2	3
become	well	1	1
become	while	4	4
become	wife	0	0
become	wind	1	1
become	window	1	2
become	wine	1	0
become	witch	0	0
become	wolf	0	0
become	woman	0	0
become	wood	1	1
become	word	1	2
become	work	2	2
become	world	1	2
become	year	2	3
become	youth	0	0
beg	air	4	4
beg	angel	0	1
beg	animal	0	1
beg	apple	2	3
beg	arm	3	4
beg	arrow	3	4
beg	back	4	4
beg	bag	3	4
beg	bank	4	4
beg	basket	3	4
beg	battle	4	4
beg	bear	0	0
beg	beard	3	4
beg	beast	0	0
beg	beauty	1	1
beg	bed	3	4
beg	bee	0	1
beg	bell	3	4
beg	bird	0	0
beg	blood	4	3
beg	boat	3	4
beg	body	3	4
beg	book	3	4
beg	boot	3	4
beg	box	3	4
beg	branch	3	4
beg	bread	3	1
beg	bridge	3	4
beg	business	4	3
beg	care	4	3
beg	carriage	3	4
beg	case	4	3
beg	castle	4	4
beg	cat	0	0
beg	cave	4	4
beg	chance	4	1
beg	cheese	3	3
beg	chin	4	4
beg	church	4	4
beg	city	3	4
beg	clothes	3	2
beg	cloud	2	4
beg	coat	3	3
beg	company	2	2
beg	corner	4	4
beg	cottage	4	4
beg	country	3	4
beg	course	4	4
beg	court	2	1
beg	crow	0	0
beg	cry	4	4
beg	danger	4	4
beg	day	4	2
beg	death	2	2
beg	deed	4	3
beg	delight	4	4
beg	dinner	3	2
beg	dish	3	3
beg	door	3	4
beg	dragon	0	1
beg	dream	3	4
beg	dress	3	3
beg	duck	0	1
beg	dust	4	4
beg	eagle	0	0
beg	ear	4	4
beg	earth	3	4
beg	egg	3	4
beg	elephant	0	1
beg	end	4	4
beg	evening	4	4
beg	eye	3	4
beg	face	4	4
beg	fairy	0	0
beg	fear	4	4
beg	feast	4	4
beg	feather	3	4
beg	field	4	4
beg	fire	2	3
beg	fish	0	1
beg	flame	2	4
beg	floor	4	4
beg	flower	2	3
beg	food	4	1
beg	foot	4	4
beg	forehead	4	4
beg	forest	3	4
beg	form	4	4
beg	fox	0	0
beg	front	4	4
beg	garden	4	4
beg	gate	3	4
beg	giant	0	0
beg	gift	3	2
beg	glass	3	3
beg	gold	3	1
beg	grass	3	4
beg	grave	4	4
beg	ground	4	4
beg	gun	4	4
beg	hair	4	4
beg	hall	4	4
beg	hand	3	2
beg	hare	0	0
beg	head	3	4
beg	heap	4	4
beg	heart	2	4
beg	help	4	0
beg	hill	3	4
beg	hole	4	4
beg	home	4	4
beg	honey	3	2
beg	horn	3	4
beg	horse	0	0
beg	hour	4	3
beg	house	3	4
beg	hut	3	4
beg	instant	4	4
beg	iron	4	4
beg	island	4	4
beg	journey	4	4
beg	joy	4	4
beg	kind	4	4
beg	kingdom	3	4
beg	kitchen	4	4
beg	knife	3	4
beg	lake	3	4
beg	land	3	3
beg	leaf	3	4
beg	leg	4	4
beg	length	4	4
beg	letter	3	4
beg	life	4	1
beg	light	4	4
beg	lion	0	0
beg	look	4	3
beg	love	4	2
beg	magic	4	4
beg	marriage	4	4
beg	matter	4	4
beg	meat	4	1
beg	mermaid	0	0
beg	midst	4	4
beg	mind	4	4
beg	minute	4	2
beg	moment	4	1
beg	money	4	1
beg	monkey	0	0
beg	moon	1	2
beg	morning	4	4
beg	morrow	4	4
beg	mountain	3	4
beg	mouse	0	0
beg	mouth	4	4
beg	name	4	3
beg	neck	4	4
beg	needle	2	4
beg	nest	4	4
beg	night	4	3
beg	noise	4	4
beg	number	4	4
beg	opinion	4	4
beg	order	4	4
beg	pain	4	4
beg	pair	4	4
beg	palace	4	4
beg	part	4	4
beg	paw	4	4
beg	peace	4	1
beg	piece	4	1
beg	pig	0	0
beg	place	4	2
beg	pleasure	4	1
beg	plenty	4	4
beg	power	4	2
beg	rabbit	0	0
beg	rest	4	2
beg	right	4	2
beg	ring	3	2
beg	river	2	4
beg	road	3	4
beg	rock	3	4
beg	room	4	2
beg	rose	2	3
beg	sack	3	4
beg	sand	4	4
beg	sea	2	3
beg	search	4	4
beg	sense	4	4
beg	serpent	0	0
beg	sheep	0	0
beg	ship	3	4
beg	shoe	3	4
beg	shore	4	4
beg	shoulder	4	4
beg	side	4	4
beg	sight	4	3
beg	silver	4	1
beg	snow	3	4
beg	song	4	2
beg	sorrow	4	4
beg	spot	4	4
beg	spring	3	4
beg	star	1	2
beg	step	4	4
beg	stone	3	4
beg	story	4	2
beg	stream	2	4
beg	street	4	4
beg	strength	4	2
beg	sun	1	2
beg	sword	3	3
beg	table	3	4
beg	tale	4	2
beg	tear	4	4
beg	thing	3	3
beg	thistle	3	4
beg	thought	4	4
beg	throne	4	4
beg	time	4	1
beg	tongue	4	4
beg	tooth	3	4
beg	top	4	4
beg	town	3	4
beg	tree	2	3
beg	trouble	4	4
beg	truth	4	2
beg	use	4	2
beg	village	3	4
beg	voice	3	4
beg	wall	3	4
beg	want	4	4
beg	war	4	4
beg	water	3	2
beg	way	4	4
beg	week	4	2
beg	well	3	4
beg	while	4	4
beg	wind	1	2
beg	window	3	4
beg	wine	4	1
beg	witch	0	0
beg	wolf	0	0
beg	wood	4	4
beg	word	4	1
beg	work	4	1
beg	world	4	4
beg	year	4	2
begin	air	3	4
begin	angel	0	4
begin	animal	0	4
begin	apple	3	3
begin	arm	2	4
begin	arrow	3	4
begin	baby	0	4
begin	back	3	4
begin	bag	3	3
begin	bank	2	4
begin	basket	3	2
begin	bear	0	4
begin	beard	2	4
begin	beast	0	4
begin	beauty	1	4
begin	bed	3	3
begin	bee	0	4
begin	being	1	4
begin	bell	2	4
begin	bird	0	4
begin	blood	2	4
begin	boat	3	2
begin	body	2	4
begin	boot	3	3
begin	box	3	3
begin	boy	0	4
begin	branch	2	4
begin	bread	3	2
begin	bride	0	4
begin	bridegroom	0	4
begin	bridge	2	2
begin	brother	0	4
begin	captain	0	4
begin	care	2	3
begin	carriage	3	4
begin	castle	3	2
begin	cat	0	4
begin	cave	2	4
begin	chance	2	4
begin	cheese	4	3
begin	child	0	4
begin	chin	3	4
begin	church	2	2
begin	city	2	2
begin	clothes	3	3
begin	cloud	2	4
begin	coat	3	2
begin	company	1	3
begin	corner	2	4
begin	cottage	3	2
begin	country	2	3
begin	court	1	3
begin	creature	0	4
begin	crow	0	4
begin	cry	1	2
begin	danger	1	3
begin	daughter	0	4
begin	death	1	3
begin	deed	1	1
begin	delight	1	3
begin	dish	3	2
begin	dog	0	4
begin	door	3	4
begin	dragon	0	4
begin	dream	0	2
begin	dress	3	1
begin	duck	0	4
begin	dust	2	4
begin	eagle	0	4
begin	ear	3	4
begin	earth	2	4
begin	egg	2	3
begin	elephant	0	4
begin	emperor	0	4
begin	end	2	3
begin	eye	2	4
begin	face	2	4
begin	fairy	0	4
begin	family	1	2
begin	farmer	0	4
begin	father	0	4
begin	fear	1	3
begin	feather	3	4
begin	fellow	0	4
begin	field	1	3
begin	fire	1	2
begin	fish	0	4
begin	flame	1	3
begin	floor	3	3
begin	flower	2	4
begin	folk	0	4
begin	food	3	2
begin	foot	2	4
begin	forehead	3	4
begin	forest	1	4
begin	form	2	3
begin	fox	0	4
begin	friend	0	4
begin	front	3	4
begin	garden	2	2
begin	gate	3	3
begin	gentleman	0	4
begin	giant	0	4
begin	gift	3	3
begin	girl	0	4
begin	glass	3	3
begin	gold	3	4
begin	grandfather	0	4
begin	grass	2	4
begin	grave	3	2
begin	ground	2	4
begin	guest	0	4
begin	gun	3	4
begin	hair	2	4
begin	hall	3	3
begin	hand	2	4
begin	hare	0	4
begin	head	2	4
begin	heap	3	2
begin	heart	1	4
begin	help	2	3
begin	hero	0	4
begin	hill	2	4
begin	hole	2	2
begin	home	2	3
begin	honey	3	4
begin	horn	2	4
begin	horse	0	4
begin	hour	1	3
begin	house	3	2
begin	husband	0	4
begin	hut	3	2
begin	instant	2	4
begin	iron	3	4
begin	island	2	4
begin	joy	1	3
begin	kind	3	4
begin	king	0	4
begin	kingdom	2	2
begin	kitchen	3	4
begin	knife	3	4
begin	knight	0	4
begin	lad	0	4
begin	lady	0	4
begin	lake	2	4
begin	land	2	4
begin	leaf	2	4
begin	leg	2	4
begin	length	3	4
begin	light	1	4
begin	lion	0	4
begin	look	2	3
begin	love	1	3
begin	magic	0	2
begin	magician	0	4
begin	maid	0	4
begin	maiden	0	4
begin	man	0	4
begin	master	0	4
begin	matter	1	2
begin	meat	3	3
begin	merchant	0	4
begin	mermaid	0	4
begin	midst	4	4
begin	mind	2	4
begin	minute	2	4
begin	moment	2	4
begin	money	3	4
begin	monkey	0	4
begin	moon	1	4
begin	morrow	1	3
begin	mother	0	4
begin	mountain	2	4
begin	mouse	0	4
begin	mouth	2	4
begin	name	3	3
begin	neck	3	4
begin	needle	3	4
begin	nest	3	2
begin	noise	0	3
begin	number	3	3
begin	one	0	4
begin	opinion	3	3
begin	order	2	3
begin	other	0	4
begin	pain	0	3
begin	pair	2	4
begin	palace	3	2
begin	paw	3	4
begin	peace	1	2
begin	peasant	0	4
begin	people	0	4
begin	pig	0	4
begin	place	2	4
begin	pleasure	1	3
begin	plenty	3	4
begin	poet	0	4
begin	power	1	3
begin	prince	0	4
begin	princess	0	4
begin	queen	0	4
begin	rabbit	0	4
begin	rest	1	3
begin	right	3	4
begin	ring	3	3
begin	river	1	4
begin	road	1	2
begin	rock	3	4
begin	room	3	3
begin	rose	2	4
begin	sack	3	3
begin	sand	3	4
begin	sea	1	4
begin	sense	3	4
begin	serpent	0	4
begin	servant	0	4
begin	sheep	0	4
begin	ship	2	2
begin	shoe	3	2
begin	shore	2	4
begin	shoulder	3	4
begin	side	3	4
begin	sight	2	4
begin	silver	3	4
begin	sister	0	4
begin	slave	0	4
begin	snow	0	4
begin	soldier	0	4
begin	son	0	4
begin	sorrow	1	3
begin	spot	3	4
begin	spring	0	3
begin	star	1	4
begin	step	2	3
begin	stone	3	4
begin	stranger	0	4
begin	stream	1	4
begin	street	2	4
begin	strength	2	4
begin	subject	1	3
begin	sun	1	4
begin	sword	3	4
begin	table	3	3
begin	tear	1	4
begin	thing	1	3
begin	thistle	3	4
begin	thought	1	2
begin	throne	3	4
begin	time	1	2
begin	tongue	2	4
begin	tooth	2	4
begin	top	3	4
begin	town	2	2
begin	tree	2	4
begin	trouble	0	2
begin	truth	2	3
begin	use	3	4
begin	village	2	2
begin	vizir	0	4
begin	voice	1	4
begin	wall	3	2
begin	want	2	4
begin	water	1	4
begin	way	1	2
begin	well	2	2
begin	while	2	4
begin	wife	0	4
begin	wind	0	4
begin	window	3	3
begin	wine	3	3
begin	witch	0	4
begin	wolf	0	4
begin	woman	0	4
begin	wood	1	4
begin	world	1	2
begin	youth	0	4
believe	air	4	4
believe	animal	0	1
believe	apple	4	4
believe	arm	4	4
believe	arrow	4	4
believe	baby	2	2
believe	back	4	4
believe	bag	4	4
believe	bank	3	4
believe	basket	4	4
believe	battle	4	4
believe	bear	0	1
believe	beard	4	4
believe	beast	0	1
believe	beauty	1	1
believe	bed	4	4
believe	bee	1	1
believe	bell	3	3
believe	bird	0	1
believe	blood	4	4
believe	boat	4	4
believe	body	3	3
believe	book	3	1
believe	boot	4	4
believe	box	4	4
believe	branch	4	4
believe	bread	4	4
believe	bridge	4	4
believe	business	3	3
believe	care	4	4
believe	carriage	4	4
believe	case	4	2
believe	castle	4	4
believe	cat	0	1
believe	cave	4	4
believe	chance	4	3
believe	cheese	4	4
believe	chin	4	4
believe	church	2	2
believe	city	2	3
believe	clothes	4	4
believe	cloud	3	4
believe	coat	4	4
believe	corner	4	4
believe	cottage	4	4
believe	country	2	3
believe	course	4	4
believe	creature	0	1
believe	crow	0	1
believe	cry	4	2
believe	danger	4	3
believe	day	4	4
believe	death	3	3
believe	deed	4	2
believe	delight	4	4
believe	dinner	4	4
believe	dish	4	4
believe	dog	0	1
believe	door	3	4
believe	dragon	0	1
believe	dream	3	1
believe	dress	4	4
believe	duck	0	1
believe	dust	4	4
believe	eagle	0	1
believe	ear	3	1
believe	earth	3	4
believe	egg	4	4
believe	elephant	0	1
believe	end	4	4
believe	evening	4	4
believe	eye	3	0
believe	face	3	2
believe	fairy	0	0
believe	fear	3	4
believe	feast	4	4
believe	feather	4	4
believe	field	4	4
believe	fire	3	4
believe	fish	1	1
believe	flame	3	4
believe	floor	4	4
believe	flower	2	3
believe	food	4	4
believe	foot	4	4
believe	forehead	4	4
believe	forest	3	4
believe	form	4	3
believe	fox	0	1
believe	front	4	4
believe	garden	4	4
believe	gate	4	4
believe	giant	0	1
believe	gift	4	4
believe	glass	3	3
believe	gold	4	4
believe	grass	4	4
believe	grave	4	4
believe	ground	4	4
believe	gun	4	4
believe	hair	4	4
believe	hall	4	4
believe	hand	4	4
believe	hare	0	1
believe	head	3	3
believe	heap	4	4
believe	heart	1	1
believe	help	4	4
believe	hill	4	4
believe	hole	4	4
believe	home	4	4
believe	honey	4	4
believe	horn	4	4
believe	horse	0	1
believe	hour	4	4
believe	house	4	4
believe	hut	4	4
believe	instant	4	4
believe	iron	4	4
believe	island	4	4
believe	journey	4	4
believe	joy	4	4
believe	kind	4	4
believe	kingdom	2	3
believe	kitchen	4	4
believe	knife	4	4
believe	lake	3	4
believe	land	3	4
believe	leaf	4	4
believe	leg	4	4
believe	length	4	4
believe	letter	4	1
believe	life	4	4
believe	light	4	4
believe	lion	0	1
believe	look	4	2
believe	love	3	2
believe	magic	3	1
believe	marriage	4	4
believe	matter	4	2
believe	meat	4	4
believe	mermaid	0	1
believe	midst	4	4
believe	mind	1	3
believe	minute	4	4
believe	moment	4	4
believe	money	4	4
believe	monkey	0	1
believe	moon	2	3
believe	morning	4	4
believe	morrow	4	4
believe	mountain	3	4
believe	mouse	0	1
believe	mouth	3	3
believe	name	4	3
believe	neck	4	4
believe	needle	4	4
believe	nest	4	4
believe	night	4	4
believe	noise	4	3
believe	number	4	3
believe	opinion	4	1
believe	order	4	3
believe	pain	4	4
believe	pair	3	3
believe	palace	4	4
believe	part	4	3
believe	paw	4	4
believe	peace	4	4
believe	piece	4	4
believe	pig	0	1
believe	place	4	4
believe	pleasure	4	4
believe	plenty	4	4
believe	power	3	3
believe	rabbit	0	1
believe	rest	4	3
believe	right	4	4
believe	ring	3	3
believe	river	2	3
believe	road	4	4
believe	rock	3	4
believe	room	4	4
believe	rose	2	3
believe	sack	4	4
believe	sand	4	4
believe	sea	3	4
believe	search	4	4
believe	sense	4	2
believe	serpent	0	1
believe	sheep	0	1
believe	ship	4	4
believe	shoe	4	4
believe	shore	4	4
believe	shoulder	4	4
believe	side	4	4
believe	sight	4	1
believe	silver	4	4
believe	snow	4	4
believe	song	4	2
believe	sorrow	4	4
believe	spot	4	4
believe	spring	4	4
believe	star	2	3
believe	step	4	4
believe	stone	3	4
believe	story	4	0
believe	stream	3	4
believe	street	4	4
believe	strength	4	4
believe	subject	3	2
believe	sun	2	3
believe	sword	3	4
believe	table	4	4
believe	tale	4	0
believe	tear	4	3
believe	thing	3	0
believe	thistle	3	4
believe	thought	4	2
believe	throne	4	4
believe	time	4	4
believe	tongue	4	2
believe	tooth	4	4
believe	top	4	4
believe	town	2	3
believe	tree	2	3
believe	trouble	4	4
believe	truth	4	0
believe	use	4	4
believe	village	2	3
believe	voice	4	1
believe	wall	4	4
believe	want	4	4
believe	war	4	4
believe	water	4	4
believe	way	4	4
believe	week	4	4
believe	well	3	4
believe	while	4	4
believe	wind	2	2
believe	window	4	4
believe	wine	4	4
believe	wolf	0	1
believe	wood	3	4
believe	word	4	0
believe	work	4	4
believe	world	2	3
believe	year	4	4
bid	air	4	3
bid	angel	0	0
bid	animal	1	1
bid	apple	4	3
bid	arm	3	3
bid	arrow	4	3
bid	baby	3	2
bid	back	4	3
bid	bag	4	3
bid	bank	3	3
bid	battle	3	3
bid	bear	0	0
bid	beard	4	3
bid	beast	1	1
bid	beauty	1	1
bid	bed	4	3
bid	bee	1	1
bid	being	1	1
bid	bell	3	3
bid	bird	1	1
bid	blood	3	3
bid	boat	4	3
bid	body	3	3
bid	book	3	3
bid	boot	4	3
bid	box	4	3
bid	boy	0	0
bid	branch	4	3
bid	bread	4	3
bid	bride	0	0
bid	bridegroom	0	0
bid	bridge	4	3
bid	brother	0	0
bid	business	3	3
bid	captain	0	0
bid	care	3	3
bid	carriage	4	3
bid	case	3	3
bid	castle	4	3
bid	cat	0	0
bid	cave	4	3
bid	chance	3	3
bid	cheese	4	3
bid	child	0	0
bid	chin	4	3
bid	church	3	3
bid	city	3	3
bid	clothes	4	3
bid	cloud	3	3
bid	coat	4	3
bid	company	1	0
bid	corner	4	3
bid	cottage	4	3
bid	country	3	3
bid	course	3	3
bid	court	2	1
bid	creature	1	1
bid	crow	1	1
bid	cry	3	3
bid	danger	3	3
bid	daughter	0	0
bid	day	3	1
bid	death	2	2
bid	deed	3	3
bid	delight	3	3
bid	dinner	4	3
bid	dish	4	3
bid	dog	0	0
bid	door	4	3
bid	dragon	0	0
bid	dream	2	3
bid	dress	4	3
bid	duck	1	1
bid	dust	4	3
bid	eagle	1	1
bid	ear	4	3
bid	earth	3	3
bid	egg	4	3
bid	elephant	1	1
bid	emperor	0	0
bid	end	3	3
bid	evening	3	1
bid	eye	3	3
bid	face	3	3
bid	fairy	0	0
bid	family	1	0
bid	farmer	0	0
bid	father	0	0
bid	fear	2	3
bid	feast	3	3
bid	feather	4	3
bid	fellow	0	0
bid	field	4	3
bid	fire	3	3
bid	fish	1	1
bid	flame	3	3
bid	floor	4	3
bid	flower	3	3
bid	folk	0	0
bid	food	4	3
bid	foot	4	3
bid	forehead	4	3
bid	forest	3	3
bid	form	3	3
bid	fox	0	0
bid	friend	0	0
bid	front	4	3
bid	garden	4	3
bid	gate	4	3
bid	gentleman	0	0
bid	giant	0	0
bid	gift	3	2
bid	girl	0	0
bid	glass	4	3
bid	gold	4	2
bid	grandfather	0	0
bid	grass	4	3
bid	grave	4	3
bid	ground	4	3
bid	guest	0	0
bid	gun	4	3
bid	hair	4	3
bid	hall	4	3
bid	hand	3	3
bid	hare	1	1
bid	head	3	3
bid	heap	4	3
bid	heart	2	3
bid	help	3	3
bid	hero	0	0
bid	hill	4	3
bid	hole	4	3
bid	home	4	3
bid	honey	4	3
bid	horn	4	3
bid	horse	1	1
bid	hour	3	3
bid	house	4	3
bid	husband	0	0
bid	hut	4	3
bid	instant	4	3
bid	iron	4	3
bid	island	4	3
bid	journey	3	3
bid	joy	3	3
bid	kind	3	3
bid	king	0	0
bid	kingdom	3	3
bid	kitchen	4	3
bid	knife	4	3
bid	knight	0	0
bid	lad	0	0
bid	lady	0	0
bid	lake	3	3
bid	land	3	3
bid	leaf	4	3
bid	leg	4	3
bid	length	4	4
bid	letter	2	3
bid	life	3	3
bid	light	3	3
bid	lion	0	0
bid	look	3	3
bid	love	2	3
bid	magic	2	3
bid	magician	0	0
bid	maiden	0	0
bid	man	0	0
bid	marriage	3	3
bid	master	0	0
bid	matter	3	3
bid	meat	4	3
bid	merchant	0	0
bid	mermaid	0	0
bid	midst	4	4
bid	mind	3	3
bid	minute	4	3
bid	moment	4	3
bid	money	4	2
bid	monkey	1	1
bid	moon	2	3
bid	morning	3	1
bid	morrow	3	2
bid	mother	0	0
bid	mountain	3	3
bid	mouse	1	1
bid	mouth	3	3
bid	name	3	3
bid	neck	4	3
bid	needle	4	3
bid	nest	4	3
bid	night	3	1
bid	noise	3	3
bid	number	3	3
bid	one	0	0
bid	opinion	3	3
bid	order	2	3
bid	other	0	0
bid	pain	3	3
bid	pair	2	2
bid	palace	4	3
bid	part	3	3
bid	paw	4	3
bid	peace	3	3
bid	peasant	0	0
bid	people	0	0
bid	piece	3	3
bid	pig	1	1
bid	place	3	3
bid	pleasure	3	3
bid	plenty	4	3
bid	poet	0	0
bid	power	2	3
bid	prince	0	0
bid	princess	0	0
bid	queen	0	0
bid	rabbit	1	1
bid	rest	3	3
bid	right	3	3
bid	ring	3	3
bid	river	3	3
bid	road	4	3
bid	rock	4	3
bid	room	4	3
bid	rose	3	3
bid	sack	4	3
bid	sand	4	3
bid	sea	3	3
bid	search	4	3
bid	sense	3	3
bid	serpent	1	1
bid	sheep	1	1
bid	ship	4	3
bid	shoe	4	3
bid	shore	4	3
bid	shoulder	4	3
bid	side	4	3
bid	sight	3	3
bid	silver	4	2
bid	sister	0	0
bid	snow	4	3
bid	soldier	0	0
bid	son	0	0
bid	song	3	3
bid	sorrow	3	3
bid	spot	4	3
bid	spring	3	3
bid	star	2	3
bid	step	4	3
bid	stone	4	3
bid	story	3	3
bid	stranger	0	0
bid	stream	3	3
bid	street	4	3
bid	strength	3	3
bid	subject	0	0
bid	sun	2	3
bid	sword	4	3
bid	table	4	3
bid	tale	3	3
bid	tear	4	3
bid	thing	3	3
bid	thistle	4	3
bid	thought	3	3
bid	throne	4	3
bid	time	3	3
bid	tongue	3	3
bid	tooth	4	3
bid	top	4	3
bid	town	3	3
bid	tree	2	3
bid	trouble	3	3
bid	truth	3	3
bid	use	4	3
bid	village	3	3
bid	vizir	0	0
bid	voice	1	3
bid	wall	4	3
bid	want	3	3
bid	war	3	3
bid	water	3	3
bid	way	3	3
bid	week	4	3
bid	well	3	3
bid	wife	0	0
bid	wind	2	3
bid	window	4	3
bid	wine	4	3
bid	witch	0	0
bid	wolf	0	0
bid	woman	0	0
bid	wood	3	3
bid	word	3	3
bid	work	3	3
bid	world	3	3
bid	year	4	3
bid	youth	0	0
bring	air	2	2
bring	angel	0	0
bring	apple	2	0
bring	arm	3	2
bring	arrow	2	0
bring	baby	1	0
bring	back	3	3
bring	bag	3	0
bring	bank	3	3
bring	battle	1	2
bring	bear	0	0
bring	beard	3	2
bring	beast	0	0
bring	beauty	0	1
bring	bed	3	1
bring	bee	0	0
bring	being	0	1
bring	bell	2	1
bring	blood	3	1
bring	body	3	1
bring	book	2	0
bring	boot	3	0
bring	box	3	0
bring	branch	3	0
bring	bread	3	0
bring	bridge	3	3
bring	business	2	2
bring	care	2	1
bring	case	3	1
bring	castle	3	3
bring	cave	3	3
bring	chance	1	2
bring	cheese	3	0
bring	chin	4	3
bring	church	3	3
bring	city	2	3
bring	clothes	3	0
bring	cloud	1	2
bring	coat	3	0
bring	corner	4	4
bring	cottage	3	3
bring	country	2	3
bring	course	2	2
bring	court	2	2
bring	crow	0	0
bring	cry	1	3
bring	danger	2	2
bring	day	1	2
bring	deed	2	2
bring	delight	2	1
bring	dinner	3	0
bring	dish	3	0
bring	door	4	3
bring	dragon	0	1
bring	dream	1	1
bring	dress	3	0
bring	duck	0	0
bring	dust	2	1
bring	eagle	0	0
bring	ear	4	3
bring	earth	2	1
bring	egg	3	0
bring	elephant	0	1
bring	evening	0	3
bring	eye	4	3
bring	face	4	3
bring	fairy	0	0
bring	fear	2	2
bring	feast	2	1
bring	feather	3	0
bring	field	3	3
bring	fish	0	0
bring	flame	2	1
bring	floor	4	4
bring	flower	3	0
bring	food	3	0
bring	foot	4	3
bring	forehead	4	4
bring	forest	3	3
bring	form	3	3
bring	fox	0	0
bring	front	4	4
bring	garden	3	3
bring	gate	3	3
bring	giant	0	1
bring	gift	2	0
bring	glass	3	0
bring	grass	3	1
bring	grave	2	3
bring	ground	3	3
bring	gun	2	0
bring	hair	3	1
bring	hall	3	4
bring	hand	3	3
bring	hare	0	0
bring	head	3	1
bring	heap	3	1
bring	heart	2	1
bring	hill	3	3
bring	hole	4	3
bring	home	3	3
bring	honey	3	0
bring	horn	3	0
bring	hour	1	3
bring	house	3	3
bring	hut	3	3
bring	instant	2	4
bring	iron	3	1
bring	island	3	3
bring	journey	2	3
bring	joy	2	0
bring	kind	4	4
bring	kingdom	2	3
bring	kitchen	4	4
bring	knife	3	0
bring	lake	3	3
bring	land	2	3
bring	leaf	3	1
bring	leg	4	3
bring	length	4	4
bring	life	2	2
bring	lion	0	0
bring	look	2	3
bring	magic	1	1
bring	marriage	2	2
bring	matter	2	2
bring	meat	3	0
bring	mermaid	0	1
bring	midst	4	4
bring	mind	3	3
bring	minute	2	4
bring	moment	1	4
bring	monkey	0	0
bring	moon	2	2
bring	morning	0	3
bring	morrow	1	4
bring	mountain	3	3
bring	mouse	0	0
bring	mouth	4	3
bring	name	2	2
bring	neck	4	3
bring	needle	3	0
bring	nest	3	1
bring	night	0	3
bring	noise	2	3
bring	number	3	2
bring	opinion	3	3
bring	order	2	2
bring	pain	2	2
bring	pair	2	1
bring	palace	3	3
bring	part	3	2
bring	paw	3	3
bring	piece	3	1
bring	pig	0	0
bring	place	3	4
bring	pleasure	2	1
bring	plenty	2	1
bring	power	2	2
bring	rabbit	0	0
bring	rest	2	2
bring	right	3	3
bring	ring	2	0
bring	river	1	3
bring	road	2	3
bring	rock	3	2
bring	room	4	4
bring	rose	3	0
bring	sack	3	0
bring	sand	3	1
bring	sea	1	3
bring	search	2	4
bring	sense	3	3
bring	serpent	0	1
bring	sheep	1	0
bring	shoe	3	0
bring	shore	3	4
bring	shoulder	4	4
bring	side	4	4
bring	sight	2	3
bring	silver	2	0
bring	snow	1	2
bring	song	2	1
bring	sorrow	1	1
bring	spot	4	4
bring	spring	0	3
bring	star	1	2
bring	step	3	4
bring	stone	3	0
bring	story	2	2
bring	stream	1	3
bring	street	4	4
bring	strength	2	2
bring	subject	3	3
bring	sun	1	3
bring	sword	3	0
bring	table	3	1
bring	tale	2	2
bring	tear	3	3
bring	thing	2	0
bring	thistle	3	1
bring	thought	2	3
bring	throne	3	2
bring	time	1	3
bring	tongue	4	3
bring	tooth	3	2
bring	top	4	4
bring	town	3	3
bring	tree	3	2
bring	truth	2	2
bring	use	4	4
bring	village	3	3
bring	voice	3	4
bring	wall	4	4
bring	want	2	4
bring	war	1	2
bring	way	4	4
bring	week	1	4
bring	well	4	3
bring	while	4	4
bring	wind	0	2
bring	window	4	4
bring	wine	3	0
bring	witch	0	1
bring	wolf	0	0
bring	wood	3	0
bring	word	2	0
bring	work	2	1
bring	world	3	4
bring	year	1	4
burn	air	2	3
burn	angel	1	2
burn	animal	2	1
burn	apple	1	1
burn	baby	2	2
burn	battle	2	4
burn	bear	2	1
burn	beard	1	1
burn	beast	2	1
burn	beauty	3	3
burn	bee	2	2
burn	being	2	2
burn	bell	3	2
burn	bird	2	1
burn	blood	1	3
burn	boot	1	1
burn	boy	1	1
burn	bride	1	2
burn	bridegroom	1	2
burn	brother	1	2
burn	business	3	4
burn	captain	1	2
burn	care	3	4
burn	case	3	3
burn	cat	2	2
burn	cave	3	4
burn	chance	4	4
burn	cheese	1	1
burn	child	1	2
burn	chin	2	2
burn	cloud	3	3
burn	company	3	3
burn	corner	3	2
burn	course	4	4
burn	court	3	3
burn	creature	2	2
burn	crow	2	2
burn	cry	3	4
burn	danger	4	4
burn	daughter	1	2
burn	day	3	4
burn	death	3	4
burn	deed	3	2
burn	delight	3	4
burn	dinner	1	1
burn	dish	2	2
burn	dog	2	2
burn	dragon	0	1
burn	dream	3	4
burn	duck	2	1
burn	dust	3	3
burn	eagle	2	2
burn	earth	2	2
burn	egg	2	1
burn	elephant	2	2
burn	emperor	1	2
burn	end	4	4
burn	evening	3	4
burn	eye	1	2
burn	fairy	1	2
burn	family	2	2
burn	father	1	2
burn	fear	2	4
burn	feast	2	2
burn	fellow	1	2
burn	fire	0	3
burn	fish	2	1
burn	flame	0	3
burn	floor	1	1
burn	flower	2	1
burn	folk	1	2
burn	foot	1	1
burn	form	3	3
burn	fox	2	2
burn	friend	1	2
burn	front	4	4
burn	garden	1	1
burn	gentleman	1	2
burn	giant	1	2
burn	gift	2	2
burn	girl	1	2
burn	glass	3	3
burn	gold	2	3
burn	grandfather	1	2
burn	grave	3	3
burn	ground	1	2
burn	guest	1	2
burn	gun	3	3
burn	hare	2	2
burn	head	1	2
burn	heart	1	3
burn	help	4	4
burn	hero	1	2
burn	hill	2	3
burn	hole	3	0
burn	honey	2	2
burn	horn	2	2
burn	horse	2	2
burn	hour	4	4
burn	husband	1	2
burn	instant	4	4
burn	iron	1	3
burn	island	2	2
burn	journey	4	4
burn	joy	3	4
burn	kind	4	4
burn	king	1	2
burn	kingdom	2	2
burn	knife	2	3
burn	knight	1	2
burn	lad	1	2
burn	lady	1	2
burn	lake	3	4
burn	land	2	2
burn	length	4	4
burn	life	3	3
burn	lion	2	2
burn	look	3	4
burn	love	1	3
burn	magic	2	3
burn	magician	1	2
burn	maid	1	2
burn	maiden	1	2
burn	man	1	2
burn	marriage	3	4
burn	master	1	2
burn	matter	4	4
burn	meat	1	1
burn	merchant	1	2
burn	mermaid	2	2
burn	midst	4	4
burn	mind	3	4
burn	minute	4	4
burn	moment	4	4
burn	money	2	1
burn	monkey	2	2
burn	moon	2	4
burn	morning	3	4
burn	morrow	4	4
burn	mother	1	2
burn	mountain	2	3
burn	mouse	2	2
burn	name	3	3
burn	needle	2	3
burn	night	3	4
burn	noise	4	4
burn	number	4	4
burn	one	1	2
burn	opinion	4	4
burn	order	4	3
burn	other	1	2
burn	pain	1	4
burn	pair	3	3
burn	part	3	3
burn	peace	4	4
burn	peasant	1	2
burn	people	1	2
burn	pig	2	2
burn	pleasure	4	4
burn	plenty	4	4
burn	poet	1	2
burn	power	3	4
burn	prince	1	2
burn	princess	1	2
burn	queen	1	2
burn	rabbit	2	2
burn	rest	4	4
burn	right	4	4
burn	ring	2	2
burn	river	3	4
burn	road	3	3
burn	rock	3	3
burn	rose	2	1
burn	sand	1	3
burn	sea	3	4
burn	search	4	4
burn	sense	4	4
burn	serpent	1	2
burn	servant	1	2
burn	sheep	2	2
burn	shoe	1	1
burn	shore	3	4
burn	side	2	3
burn	sight	3	4
burn	silver	3	3
burn	sister	1	2
burn	slave	1	2
burn	snow	2	4
burn	son	1	2
burn	song	3	3
burn	sorrow	2	4
burn	spot	3	3
burn	spring	3	4
burn	star	1	3
burn	step	4	4
burn	stone	2	3
burn	story	3	3
burn	stranger	1	2
burn	stream	3	4
burn	street	2	3
burn	strength	4	4
burn	subject	3	3
burn	sun	0	3
burn	sword	2	3
burn	tale	4	3
burn	tear	1	4
burn	thistle	2	1
burn	thought	3	4
burn	time	4	4
burn	tooth	2	3
burn	top	3	3
burn	trouble	3	4
burn	truth	3	4
burn	use	4	4
burn	vizir	1	2
burn	voice	3	4
burn	wall	2	1
burn	want	4	4
burn	war	2	4
burn	water	2	4
burn	way	4	4
burn	week	4	4
burn	well	3	4
burn	while	4	4
burn	wife	1	2
burn	wind	2	4
burn	window	2	2
burn	wine	2	3
burn	wolf	2	1
burn	woman	1	2
burn	word	2	3
burn	work	3	2
burn	world	2	2
burn	year	4	4
burn	youth	1	2
call	air	3	2
call	angel	0	0
call	apple	3	1
call	arm	3	2
call	arrow	3	2
call	back	3	2
call	bag	3	1
call	basket	3	2
call	battle	3	2
call	bear	0	0
call	beard	3	2
call	beast	0	0
call	beauty	1	0
call	bed	3	2
call	bee	1	0
call	being	0	0
call	bell	1	2
call	blood	2	2
call	boat	3	1
call	body	3	2
call	book	3	1
call	boot	3	2
call	box	3	2
call	branch	3	2
call	bread	3	2
call	bridge	3	2
call	care	3	3
call	carriage	3	0
call	castle	3	1
call	cave	2	1
call	chance	3	3
call	cheese	3	2
call	chin	3	3
call	clothes	3	2
call	cloud	2	1
call	coat	3	2
call	corner	3	2
call	cottage	3	1
call	country	2	1
call	course	3	3
call	creature	0	0
call	cry	2	2
call	danger	2	2
call	day	2	1
call	death	1	0
call	deed	3	2
call	delight	3	2
call	dinner	2	1
call	dish	3	2
call	door	2	2
call	dragon	0	0
call	dream	2	2
call	dress	3	2
call	dust	3	2
call	eagle	0	0
call	ear	3	3
call	earth	2	1
call	egg	3	2
call	elephant	0	0
call	end	3	2
call	evening	2	2
call	eye	3	3
call	face	3	3
call	fairy	0	0
call	fear	3	3
call	feast	3	1
call	feather	3	2
call	field	3	2
call	fire	1	1
call	fish	0	0
call	flame	2	2
call	floor	3	2
call	flower	1	1
call	food	3	2
call	foot	3	3
call	forehead	3	3
call	forest	1	1
call	form	3	2
call	fox	0	0
call	front	4	3
call	garden	2	1
call	gate	2	2
call	gift	3	2
call	glass	2	1
call	gold	3	2
call	grass	3	2
call	grave	2	2
call	ground	3	2
call	gun	3	2
call	hair	3	2
call	hall	3	2
call	hand	3	3
call	hare	0	0
call	heap	3	2
call	heart	1	2
call	help	3	1
call	hill	2	2
call	hole	3	2
call	home	1	1
call	honey	3	2
call	horn	1	1
call	hour	2	2
call	house	3	1
call	hut	3	1
call	instant	3	3
call	iron	3	2
call	island	2	1
call	journey	2	2
call	joy	3	2
call	kind	4	3
call	kingdom	3	1
call	knife	3	2
call	lake	2	1
call	land	2	1
call	leaf	3	2
call	leg	3	3
call	length	4	3
call	letter	2	2
call	life	2	2
call	light	2	1
call	lion	0	0
call	look	3	3
call	love	1	1
call	magic	2	1
call	marriage	3	2
call	matter	4	3
call	meat	3	2
call	mermaid	0	0
call	midst	4	4
call	mind	3	2
call	minute	3	3
call	moment	3	3
call	money	3	2
call	monkey	0	0
call	moon	1	0
call	morning	2	2
call	morrow	3	2
call	mountain	1	1
call	mouse	0	0
call	mouth	3	3
call	name	3	0
call	neck	3	3
call	needle	3	2
call	nest	3	2
call	night	2	1
call	noise	2	2
call	number	3	2
call	opinion	3	3
call	order	3	2
call	pain	3	3
call	pair	2	1
call	part	3	3
call	paw	3	3
call	peace	3	2
call	piece	3	2
call	place	3	1
call	pleasure	3	3
call	plenty	4	3
call	power	2	1
call	rabbit	0	0
call	rest	4	3
call	right	3	3
call	ring	2	1
call	river	1	1
call	road	2	2
call	rock	2	2
call	room	3	2
call	rose	1	1
call	sack	3	2
call	sand	3	2
call	sea	1	0
call	search	3	2
call	sense	3	3
call	serpent	0	0
call	shoe	3	2
call	shore	3	2
call	shoulder	3	3
call	side	3	3
call	sight	3	3
call	silver	3	2
call	snow	3	2
call	song	2	2
call	sorrow	3	2
call	spot	3	2
call	spring	2	1
call	star	1	0
call	step	3	3
call	stone	2	2
call	story	3	2
call	stream	1	1
call	street	3	2
call	strength	3	2
call	sun	1	0
call	sword	2	1
call	table	3	2
call	tale	3	2
call	tear	3	3
call	thing	2	1
call	thistle	2	2
call	thought	3	3
call	throne	3	2
call	tongue	3	3
call	tooth	3	3
call	top	4	3
call	town	2	1
call	tree	1	0
call	trouble	3	2
call	truth	3	2
call	use	4	3
call	village	2	1
call	voice	0	1
call	wall	3	2
call	want	3	3
call	war	3	1
call	water	2	1
call	way	4	3
call	week	3	3
call	well	2	1
call	while	4	4
call	wind	1	0
call	window	3	2
call	wine	3	2
call	wolf	0	0
call	wood	1	1
call	word	2	1
call	world	2	1
call	year	3	3
carry	air	1	3
carry	angel	0	2
carry	apple	3	0
carry	arm	1	2
carry	arrow	1	0
carry	baby	2	0
carry	back	2	3
carry	bag	1	0
carry	bank	3	4
carry	battle	3	3
carry	bear	0	1
carry	beard	3	3
carry	beast	0	1
carry	beauty	1	2
carry	bed	2	1
carry	bee	1	2
carry	bell	3	1
carry	blood	3	2
carry	book	3	0
carry	boot	1	0
carry	box	1	0
carry	branch	2	0
carry	bread	3	0
carry	bridge	2	3
carry	business	4	3
carry	care	4	3
carry	carriage	0	2
carry	case	2	1
carry	castle	3	2
carry	cave	3	4
carry	chance	4	4
carry	cheese	4	0
carry	chin	3	3
carry	church	3	4
carry	city	3	4
carry	clothes	3	0
carry	cloud	1	3
carry	coat	3	0
carry	corner	4	4
carry	cottage	3	3
carry	country	3	4
carry	course	4	4
carry	court	3	4
carry	crow	0	1
carry	cry	3	3
carry	danger	4	4
carry	day	4	1
carry	death	1	3
carry	deed	4	3
carry	delight	4	3
carry	dinner	4	0
carry	dish	3	0
carry	door	3	1
carry	dragon	0	2
carry	dream	2	3
carry	dress	3	0
carry	dust	3	2
carry	eagle	0	1
carry	ear	3	3
carry	earth	2	1
carry	egg	4	0
carry	elephant	0	2
carry	end	4	4
carry	evening	4	4
carry	eye	4	3
carry	face	4	4
carry	fairy	0	1
carry	family	1	1
carry	fear	3	3
carry	feast	4	2
carry	feather	2	1
carry	field	4	4
carry	fire	3	1
carry	fish	0	0
carry	flame	3	1
carry	floor	2	4
carry	flower	3	0
carry	food	4	0
carry	foot	0	2
carry	forehead	3	4
carry	forest	3	4
carry	form	3	3
carry	fox	0	1
carry	front	4	4
carry	garden	4	4
carry	gate	3	2
carry	giant	0	2
carry	gift	4	0
carry	glass	3	0
carry	gold	4	0
carry	grass	3	1
carry	grave	3	4
carry	ground	2	4
carry	gun	3	0
carry	hair	2	3
carry	hall	4	4
carry	hand	1	2
carry	head	2	2
carry	heap	4	2
carry	heart	3	1
carry	help	3	3
carry	hill	3	4
carry	hole	4	4
carry	home	4	3
carry	honey	4	0
carry	horn	3	0
carry	horse	0	1
carry	hour	4	4
carry	house	3	3
carry	hut	3	3
carry	instant	4	4
carry	iron	4	1
carry	island	2	4
carry	journey	4	4
carry	joy	3	3
carry	kind	4	4
carry	kingdom	4	4
carry	kitchen	4	4
carry	knife	4	0
carry	lake	3	4
carry	land	3	4
carry	leaf	1	0
carry	leg	0	2
carry	length	4	4
carry	letter	2	0
carry	life	3	3
carry	light	3	1
carry	lion	0	1
carry	look	4	4
carry	love	3	3
carry	magic	1	2
carry	marriage	4	4
carry	matter	4	3
carry	meat	4	0
carry	mermaid	0	1
carry	midst	4	4
carry	mind	4	4
carry	minute	4	4
carry	moment	4	4
carry	money	4	0
carry	moon	2	2
carry	morning	4	4
carry	morrow	4	4
carry	mountain	3	3
carry	mouth	3	4
carry	neck	3	3
carry	needle	4	0
carry	nest	3	1
carry	night	3	4
carry	noise	4	4
carry	number	4	4
carry	opinion	4	4
carry	order	4	2
carry	pain	4	3
carry	pair	2	2
carry	palace	4	3
carry	part	4	3
carry	paw	2	3
carry	peace	4	3
carry	piece	4	1
carry	pig	0	0
carry	place	4	4
carry	pleasure	4	4
carry	plenty	4	3
carry	power	2	3
carry	rest	4	4
carry	right	4	4
carry	ring	1	0
carry	river	0	4
carry	road	2	4
carry	rock	3	0
carry	room	4	4
carry	rose	4	0
carry	sack	1	0
carry	sand	3	1
carry	sea	0	4
carry	search	4	4
carry	sense	4	4
carry	serpent	0	1
carry	sheep	1	0
carry	ship	0	2
carry	shoe	2	0
carry	shore	4	4
carry	shoulder	1	3
carry	side	4	4
carry	sight	4	4
carry	silver	4	0
carry	snow	3	1
carry	song	3	2
carry	sorrow	3	3
carry	spot	4	4
carry	spring	3	3
carry	star	3	2
carry	step	4	4
carry	stone	4	0
carry	stream	0	3
carry	street	4	4
carry	strength	3	4
carry	subject	3	3
carry	sun	2	3
carry	sword	4	0
carry	table	3	0
carry	tale	3	3
carry	tear	3	3
carry	thistle	4	2
carry	thought	3	3
carry	throne	3	1
carry	time	3	4
carry	tongue	3	4
carry	tooth	3	1
carry	top	4	4
carry	town	4	4
carry	tree	2	2
carry	trouble	4	3
carry	truth	3	3
carry	use	4	4
carry	village	4	4
carry	voice	3	4
carry	wall	3	3
carry	want	4	4
carry	war	3	3
carry	way	4	4
carry	week	4	4
carry	well	4	3
carry	while	4	4
carry	wind	0	4
carry	window	4	3
carry	wine	4	0
carry	wolf	0	1
carry	wood	3	0
carry	work	3	1
carry	world	3	3
carry	year	3	4
cast	air	3	3
cast	angel	0	2
cast	animal	1	1
cast	apple	3	1
cast	arrow	3	1
cast	baby	2	1
cast	back	4	3
cast	bag	3	1
cast	bank	3	3
cast	basket	3	1
cast	battle	3	3
cast	bear	1	1
cast	beard	3	2
cast	beast	1	1
cast	beauty	2	2
cast	bed	4	3
cast	bee	2	2
cast	being	0	1
cast	bell	3	0
cast	bird	1	1
cast	blood	3	2
cast	boat	3	2
cast	body	3	1
cast	book	2	2
cast	boot	3	1
cast	box	3	1
cast	branch	2	1
cast	bread	4	1
cast	bride	1	1
cast	bridge	2	3
cast	business	4	4
cast	care	3	2
cast	carriage	2	3
cast	case	4	3
cast	castle	1	3
cast	cat	1	1
cast	cave	2	3
cast	chance	3	2
cast	cheese	4	2
cast	chin	3	3
cast	church	1	3
cast	city	2	3
cast	clothes	3	1
cast	cloud	1	2
cast	coat	3	1
cast	company	3	3
cast	corner	3	3
cast	cottage	1	3
cast	country	3	3
cast	course	4	3
cast	court	3	3
cast	creature	0	1
cast	crow	1	1
cast	cry	3	2
cast	danger	3	3
cast	day	3	4
cast	death	2	2
cast	deed	3	3
cast	delight	3	3
cast	dinner	4	3
cast	dish	4	2
cast	dog	1	1
cast	door	2	2
cast	dragon	0	1
cast	dream	2	2
cast	dress	3	1
cast	duck	1	1
cast	dust	3	1
cast	eagle	1	1
cast	ear	3	3
cast	earth	2	2
cast	egg	4	1
cast	elephant	1	2
cast	end	4	4
cast	evening	2	4
cast	face	2	2
cast	fairy	0	1
cast	family	1	2
cast	fear	2	1
cast	feast	4	3
cast	feather	3	1
cast	fellow	0	1
cast	field	3	3
cast	fire	1	2
cast	fish	2	1
cast	flame	1	2
cast	floor	3	3
cast	flower	2	1
cast	folk	0	2
cast	food	4	2
cast	foot	3	2
cast	forehead	3	3
cast	forest	1	3
cast	fox	1	1
cast	front	4	4
cast	garden	3	3
cast	giant	0	1
cast	gift	3	2
cast	gold	3	0
cast	grandfather	0	1
cast	grass	3	2
cast	grave	2	3
cast	ground	3	3
cast	gun	3	1
cast	hair	3	2
cast	hall	3	3
cast	hare	1	1
cast	heap	3	2
cast	heart	2	2
cast	help	4	3
cast	hill	1	3
cast	hole	3	3
cast	home	3	3
cast	honey	4	2
cast	horn	3	1
cast	horse	1	1
cast	hour	4	4
cast	house	1	3
cast	hut	2	3
cast	instant	4	4
cast	iron	3	0
cast	island	2	3
cast	journey	3	3
cast	joy	2	2
cast	kind	4	4
cast	kingdom	3	3
cast	kitchen	3	3
cast	knife	3	1
cast	lake	2	3
cast	land	3	3
cast	leaf	2	1
cast	leg	3	2
cast	length	4	4
cast	letter	3	1
cast	life	3	2
cast	lion	1	1
cast	look	3	0
cast	love	2	2
cast	magic	2	1
cast	marriage	3	3
cast	master	0	1
cast	matter	4	3
cast	meat	4	2
cast	mermaid	0	1
cast	midst	4	4
cast	mind	2	1
cast	minute	4	4
cast	moment	4	4
cast	money	3	1
cast	monkey	1	1
cast	moon	0	2
cast	morning	2	4
cast	morrow	3	4
cast	mountain	1	3
cast	mouse	1	1
cast	mouth	3	3
cast	name	3	3
cast	neck	3	3
cast	needle	3	1
cast	nest	3	2
cast	night	1	3
cast	noise	3	3
cast	number	4	3
cast	one	0	1
cast	opinion	3	3
cast	order	3	3
cast	other	0	1
cast	pain	3	3
cast	pair	3	2
cast	palace	1	3
cast	part	4	3
cast	paw	3	3
cast	peace	3	3
cast	piece	3	1
cast	pig	1	1
cast	place	3	3
cast	pleasure	3	3
cast	plenty	4	4
cast	power	2	2
cast	rabbit	1	1
cast	rest	4	4
cast	right	4	4
cast	ring	3	0
cast	river	2	3
cast	road	3	3
cast	room	3	3
cast	rose	2	1
cast	sack	3	1
cast	sand	3	1
cast	sea	2	3
cast	search	4	4
cast	sense	4	3
cast	serpent	1	1
cast	sheep	1	1
cast	ship	2	2
cast	shoe	3	0
cast	shore	3	3
cast	shoulder	3	3
cast	side	3	3
cast	sight	3	2
cast	silver	3	0
cast	snow	3	2
cast	song	3	2
cast	sorrow	2	2
cast	spot	3	3
cast	spring	3	3
cast	star	0	2
cast	step	3	3
cast	story	3	3
cast	stream	3	3
cast	street	3	3
cast	strength	3	3
cast	subject	3	3
cast	sun	0	3
cast	table	3	2
cast	tale	3	3
cast	tear	3	2
cast	thing	2	1
cast	thistle	3	1
cast	thought	3	2
cast	throne	2	3
cast	time	3	4
cast	tongue	3	3
cast	tooth	3	2
cast	top	3	2
cast	town	2	3
cast	tree	1	2
cast	trouble	3	2
cast	truth	3	3
cast	use	4	4
cast	village	2	3
cast	voice	3	2
cast	want	4	4
cast	war	3	3
cast	water	3	1
cast	way	4	4
cast	week	4	4
cast	well	3	3
cast	while	4	4
cast	wind	2	3
cast	window	2	2
cast	wine	4	2
cast	wolf	1	1
cast	wood	2	2
cast	word	3	2
cast	work	4	3
cast	world	3	3
cast	year	4	4
catch	air	3	2
catch	angel	1	1
catch	apple	4	0
catch	arrow	2	1
catch	back	4	3
catch	bag	3	1
catch	bank	3	3
catch	battle	4	3
catch	beard	2	1
catch	beauty	2	2
catch	bed	3	3
catch	bee	1	1
catch	being	1	1
catch	bell	4	2
catch	blood	4	3
catch	boat	3	1
catch	body	3	2
catch	book	4	1
catch	boot	3	1
catch	box	3	1
catch	bread	4	1
catch	bridge	4	3
catch	business	4	4
catch	care	4	4
catch	carriage	3	1
catch	case	4	4
catch	castle	4	4
catch	cave	4	4
catch	chance	4	2
catch	cheese	4	0
catch	chin	4	2
catch	church	4	4
catch	city	4	4
catch	clothes	3	2
catch	cloud	3	2
catch	coat	3	1
catch	company	2	3
catch	corner	4	3
catch	cottage	4	4
catch	country	4	4
catch	course	4	4
catch	court	3	4
catch	cry	4	1
catch	danger	4	3
catch	day	4	3
catch	deed	4	4
catch	delight	4	4
catch	dinner	4	1
catch	dish	4	1
catch	dragon	0	1
catch	dream	4	2
catch	dress	3	2
catch	dust	4	2
catch	ear	2	1
catch	earth	4	4
catch	egg	4	0
catch	elephant	1	1
catch	end	4	1
catch	evening	4	4
catch	face	4	2
catch	fairy	0	0
catch	family	2	2
catch	fear	2	3
catch	feast	4	4
catch	feather	4	1
catch	field	4	4
catch	flame	2	2
catch	floor	4	4
catch	flower	3	2
catch	folk	1	1
catch	food	4	1
catch	foot	3	1
catch	forehead	4	3
catch	forest	4	4
catch	form	4	3
catch	front	4	4
catch	garden	4	4
catch	gate	3	3
catch	giant	0	1
catch	gift	4	1
catch	glass	4	1
catch	gold	4	1
catch	grass	4	4
catch	grave	4	4
catch	ground	4	4
catch	guest	1	1
catch	gun	4	3
catch	hair	3	1
catch	hall	4	4
catch	hare	1	0
catch	head	3	2
catch	heap	4	4
catch	heart	3	2
catch	help	4	4
catch	hill	4	4
catch	hole	4	4
catch	home	4	4
catch	honey	4	3
catch	horn	3	1
catch	horse	1	0
catch	hour	4	4
catch	house	4	4
catch	hut	4	4
catch	instant	4	4
catch	iron	4	3
catch	island	4	4
catch	journey	4	4
catch	joy	4	4
catch	kind	4	4
catch	kingdom	4	4
catch	kitchen	4	4
catch	knife	3	1
catch	lake	4	4
catch	land	4	4
catch	leaf	4	1
catch	leg	3	1
catch	length	4	4
catch	letter	4	1
catch	life	4	3
catch	look	4	2
catch	love	3	3
catch	magic	2	3
catch	magician	0	1
catch	marriage	4	4
catch	matter	4	4
catch	meat	4	1
catch	mermaid	0	1
catch	midst	4	4
catch	mind	4	3
catch	minute	4	4
catch	moment	4	2
catch	money	4	2
catch	moon	4	2
catch	morning	4	4
catch	morrow	4	4
catch	mountain	4	4
catch	mouse	1	0
catch	mouth	3	3
catch	name	4	2
catch	neck	4	1
catch	needle	4	1
catch	nest	4	3
catch	night	4	4
catch	noise	4	1
catch	number	4	4
catch	opinion	4	4
catch	order	4	4
catch	other	0	0
catch	pain	4	4
catch	pair	1	1
catch	palace	4	4
catch	part	4	4
catch	paw	2	2
catch	peace	4	4
catch	piece	4	1
catch	pig	1	0
catch	place	4	4
catch	pleasure	4	4
catch	plenty	4	4
catch	power	4	4
catch	rabbit	1	0
catch	rest	4	4
catch	right	4	4
catch	ring	4	1
catch	river	3	4
catch	road	4	4
catch	rock	4	2
catch	room	4	4
catch	rose	4	2
catch	sack	3	1
catch	sand	4	3
catch	sea	3	4
catch	search	4	4
catch	sense	4	4
catch	sheep	2	0
catch	ship	3	1
catch	shoe	3	1
catch	shore	4	4
catch	shoulder	4	2
catch	side	4	4
catch	sight	4	1
catch	silver	4	2
catch	snow	4	2
catch	song	4	2
catch	sorrow	4	4
catch	spot	4	4
catch	spring	4	4
catch	star	3	1
catch	step	4	4
catch	stone	4	1
catch	story	4	3
catch	stream	4	4
catch	street	4	4
catch	strength	4	4
catch	subject	2	2
catch	sword	3	1
catch	table	4	3
catch	tale	4	4
catch	tear	4	2
catch	thing	2	1
catch	thistle	2	2
catch	thought	4	3
catch	throne	4	4
catch	time	4	4
catch	tongue	3	3
catch	tooth	3	3
catch	top	4	4
catch	town	4	4
catch	tree	2	4
catch	trouble	4	4
catch	truth	4	4
catch	use	4	4
catch	village	4	4
catch	vizir	0	1
catch	voice	4	2
catch	wall	4	4
catch	want	4	4
catch	war	4	4
catch	water	4	2
catch	way	4	4
catch	week	4	4
catch	well	4	4
catch	while	4	4
catch	window	4	4
catch	wine	4	3
catch	witch	0	0
catch	wood	4	4
catch	word	4	1
catch	work	4	4
catch	world	4	4
catch	year	4	4
come	air	1	4
come	angel	0	4
come	animal	0	4
come	apple	2	4
come	arm	3	4
come	arrow	0	4
come	baby	0	4
come	back	3	4
come	bag	2	4
come	bank	3	4
come	basket	2	4
come	battle	1	4
come	bear	0	4
come	beard	2	4
come	beast	0	4
come	beauty	2	4
come	bed	2	4
come	bee	0	4
come	being	0	4
come	bell	2	4
come	bird	0	4
come	blood	0	4
come	boat	0	4
come	body	2	4
come	book	3	4
come	boot	2	4
come	box	2	4
come	boy	0	4
come	branch	2	4
come	bread	2	4
come	bride	0	4
come	bridegroom	0	4
come	bridge	3	4
come	brother	0	4
come	business	2	4
come	captain	0	4
come	care	2	4
come	carriage	0	4
come	case	2	4
come	castle	2	4
come	cat	0	4
come	cave	3	4
come	chance	0	4
come	cheese	3	4
come	child	0	4
come	chin	3	4
come	church	3	4
come	city	3	4
come	clothes	2	4
come	cloud	0	4
come	coat	2	4
come	company	0	4
come	corner	3	4
come	cottage	3	4
come	country	3	4
come	course	3	4
come	court	1	4
come	creature	0	4
come	crow	0	4
come	cry	0	4
come	danger	0	4
come	daughter	0	4
come	day	0	4
come	death	0	4
come	deed	2	4
come	delight	2	4
come	dinner	0	4
come	dish	1	4
come	dog	0	4
come	door	3	4
come	dragon	0	4
come	dream	0	4
come	dress	2	4
come	duck	0	4
come	dust	1	4
come	eagle	0	4
come	ear	3	4
come	earth	3	4
come	egg	3	4
come	elephant	0	4
come	emperor	0	4
come	end	0	4
come	evening	0	4
come	eye	3	4
come	face	1	4
come	fairy	0	4
come	family	0	4
come	farmer	0	4
come	father	0	4
come	fear	1	4
come	feast	1	4
come	feather	1	4
come	fellow	0	4
come	field	3	4
come	fire	1	4
come	fish	0	4
come	flame	1	4
come	floor	3	4
come	flower	1	4
come	folk	0	4
come	food	1	4
come	foot	2	4
come	forehead	3	4
come	forest	2	4
come	form	1	4
come	fox	0	4
come	friend	0	4
come	front	3	4
come	garden	3	4
come	gate	3	4
come	gentleman	0	4
come	giant	0	4
come	gift	0	4
come	girl	0	4
come	glass	3	4
come	gold	2	4
come	grandfather	0	4
come	grass	1	4
come	grave	3	4
come	ground	3	4
come	guest	0	4
come	gun	3	4
come	hair	2	4
come	hall	3	4
come	hand	1	4
come	hare	0	4
come	head	1	4
come	heap	3	4
come	heart	3	4
come	help	0	4
come	hero	0	4
come	hill	3	4
come	hole	3	4
come	home	3	4
come	honey	2	4
come	horn	2	4
come	horse	0	4
come	hour	0	4
come	house	3	4
come	husband	0	4
come	hut	2	4
come	instant	1	4
come	iron	3	4
come	island	3	4
come	journey	2	4
come	joy	1	4
come	kind	3	4
come	king	0	4
come	kingdom	3	4
come	kitchen	3	4
come	knife	2	4
come	knight	0	4
come	lad	0	4
come	lady	0	4
come	lake	3	4
come	land	2	4
come	leaf	1	4
come	leg	3	4
come	length	3	4
come	letter	0	4
come	life	1	4
come	light	0	4
come	lion	0	4
come	look	1	4
come	love	1	4
come	magic	2	4
come	magician	0	4
come	maid	0	4
come	maiden	0	4
come	man	0	4
come	marriage	2	4
come	master	0	4
come	matter	2	4
come	meat	2	4
come	merchant	0	4
come	mermaid	0	4
come	midst	4	4
come	mind	2	4
come	minute	1	4
come	moment	0	4
come	money	1	4
come	monkey	0	4
come	moon	0	4
come	morning	0	4
come	morrow	0	4
come	mother	0	4
come	mountain	3	4
come	mouse	0	4
come	mouth	3	4
come	name	1	4
come	neck	3	4
come	needle	2	4
come	nest	3	4
come	night	0	4
come	noise	0	4
come	number	2	4
come	one	0	4
come	opinion	2	4
come	order	0	4
come	other	0	4
come	pain	1	4
come	pair	1	4
come	palace	2	4
come	part	2	4
come	paw	1	4
come	peace	0	4
come	peasant	0	4
come	people	0	4
come	piece	2	4
come	pig	0	4
come	place	3	4
come	pleasure	2	4
come	plenty	2	4
come	poet	0	4
come	power	1	4
come	prince	0	4
come	princess	0	4
come	queen	0	4
come	rabbit	0	4
come	rest	1	4
come	right	3	4
come	ring	2	4
come	river	2	4
come	road	3	4
come	rock	3	4
come	room	3	4
come	rose	1	4
come	sack	2	4
come	sand	2	4
come	sea	1	4
come	search	3	4
come	sense	1	4
come	serpent	0	4
come	servant	0	4
come	sheep	0	4
come	ship	0	4
come	shoe	2	4
come	shore	3	4
come	shoulder	3	4
come	side	3	4
come	sight	2	4
come	silver	2	4
come	sister	0	4
come	slave	0	4
come	snow	0	4
come	soldier	0	4
come	son	0	4
come	song	1	4
come	sorrow	1	4
come	spot	3	4
come	spring	0	4
come	star	1	4
come	step	1	4
come	stone	2	4
come	story	1	4
come	stranger	0	4
come	stream	1	4
come	street	3	4
come	strength	0	4
come	subject	1	4
come	sun	1	4
come	sword	2	4
come	table	2	4
come	tale	1	4
come	tear	0	4
come	thing	1	4
come	thistle	2	4
come	thought	0	4
come	throne	3	4
come	time	0	4
come	tongue	3	4
come	tooth	2	4
come	top	3	4
come	town	3	4
come	tree	2	4
come	trouble	0	4
come	truth	0	4
come	use	3	4
come	village	3	4
come	vizir	0	4
come	voice	0	4
come	wall	3	4
come	want	2	4
come	war	0	4
come	water	0	4
come	way	2	4
come	week	1	4
come	well	3	4
come	while	2	4
come	wife	0	4
come	wind	0	4
come	window	3	4
come	wine	1	4
come	witch	0	4
come	wolf	0	4
come	woman	0	4
come	wood	2	4
come	word	0	4
come	work	2	4
come	world	3	4
come	year	0	4
come	youth	0	4
cry	air	3	4
cry	angel	0	4
cry	animal	0	4
cry	apple	3	4
cry	arm	3	4
cry	arrow	3	4
cry	baby	0	4
cry	back	4	4
cry	bag	3	4
cry	bank	4	4
cry	basket	3	4
cry	battle	3	3
cry	bear	0	4
cry	beard	3	4
cry	beast	0	4
cry	beauty	1	3
cry	bed	3	4
cry	bee	1	4
cry	being	0	4
cry	bell	2	4
cry	bird	0	4
cry	blood	1	2
cry	boat	3	4
cry	body	3	4
cry	book	3	4
cry	boot	3	4
cry	box	3	4
cry	boy	0	4
cry	branch	3	4
cry	bread	3	2
cry	bride	0	4
cry	bridegroom	0	4
cry	bridge	3	4
cry	brother	0	4
cry	business	4	4
cry	captain	0	4
cry	care	4	4
cry	carriage	3	4
cry	case	4	4
cry	castle	3	4
cry	cat	0	4
cry	cave	3	4
cry	chance	4	4
cry	cheese	4	4
cry	child	0	4
cry	chin	3	4
cry	church	3	4
cry	city	2	4
cry	clothes	3	4
cry	cloud	1	4
cry	coat	3	4
cry	company	1	4
cry	corner	4	4
cry	cottage	3	4
cry	country	2	4
cry	course	4	4
cry	court	1	4
cry	creature	0	4
cry	crow	0	4
cry	cry	3	0
cry	danger	3	2
cry	daughter	0	4
cry	day	3	4
cry	death	2	3
cry	deed	4	4
cry	delight	3	3
cry	dinner	4	4
cry	dish	3	4
cry	dog	0	4
cry	door	2	4
cry	dragon	0	4
cry	dream	3	4
cry	dress	3	4
cry	duck	0	4
cry	dust	4	4
cry	eagle	0	4
cry	ear	3	4
cry	earth	2	4
cry	egg	3	4
cry	elephant	0	4
cry	emperor	0	4
cry	end	4	4
cry	evening	3	4
cry	eye	1	1
cry	face	2	4
cry	fairy	0	4
cry	family	1	4
cry	farmer	0	4
cry	father	0	4
cry	fear	3	3
cry	feast	4	4
cry	feather	3	4
cry	fellow	0	4
cry	field	3	4
cry	fire	3	1
cry	fish	0	2
cry	flame	3	4
cry	floor	3	4
cry	flower	1	4
cry	folk	0	4
cry	food	4	4
cry	foot	3	4
cry	forehead	3	4
cry	forest	2	4
cry	form	2	4
cry	fox	0	4
cry	friend	0	4
cry	front	4	4
cry	garden	3	4
cry	gate	2	4
cry	gentleman	0	4
cry	giant	0	4
cry	gift	4	4
cry	girl	0	4
cry	glass	3	4
cry	gold	3	4
cry	grandfather	0	4
cry	grass	2	4
cry	grave	2	4
cry	ground	3	4
cry	guest	0	4
cry	gun	3	4
cry	hair	3	4
cry	hall	3	4
cry	hand	3	4
cry	hare	0	4
cry	head	2	4
cry	heap	4	4
cry	heart	1	1
cry	help	4	1
cry	hero	0	4
cry	hill	3	4
cry	hole	3	4
cry	home	3	4
cry	honey	4	4
cry	horn	2	4
cry	horse	0	4
cry	hour	4	1
cry	house	3	4
cry	husband	0	4
cry	hut	3	4
cry	instant	4	4
cry	iron	3	4
cry	island	3	4
cry	journey	4	4
cry	joy	3	2
cry	kind	4	4
cry	king	0	2
cry	kingdom	2	4
cry	kitchen	3	4
cry	knife	3	4
cry	knight	0	4
cry	lad	0	4
cry	lady	0	4
cry	lake	2	4
cry	land	2	4
cry	leaf	2	4
cry	leg	3	4
cry	length	4	4
cry	letter	3	4
cry	life	4	4
cry	light	3	4
cry	lion	0	4
cry	look	4	4
cry	love	3	3
cry	magic	3	4
cry	magician	0	4
cry	maid	0	4
cry	maiden	0	4
cry	man	0	4
cry	marriage	4	4
cry	master	0	2
cry	matter	4	4
cry	meat	4	4
cry	merchant	0	4
cry	mermaid	0	4
cry	midst	4	4
cry	mind	3	4
cry	minute	4	4
cry	moment	4	4
cry	money	4	4
cry	monkey	0	4
cry	moon	1	4
cry	morning	3	4
cry	morrow	4	4
cry	mother	0	4
cry	mountain	2	4
cry	mouse	0	4
cry	mouth	2	4
cry	name	4	1
cry	neck	3	4
cry	needle	3	4
cry	nest	3	4
cry	night	2	4
cry	noise	3	3
cry	number	4	4
cry	one	0	4
cry	opinion	4	3
cry	order	4	2
cry	other	0	4
cry	pain	3	3
cry	pair	1	4
cry	palace	3	4
cry	part	4	4
cry	paw	3	4
cry	peace	4	2
cry	peasant	0	4
cry	people	0	4
cry	piece	4	4
cry	pig	0	4
cry	place	4	4
cry	pleasure	4	3
cry	plenty	4	4
cry	poet	0	4
cry	power	3	4
cry	prince	0	4
cry	princess	0	4
cry	queen	0	4
cry	rabbit	0	4
cry	rest	4	4
cry	right	4	3
cry	ring	2	4
cry	river	2	2
cry	road	3	4
cry	rock	3	4
cry	room	3	4
cry	rose	1	4
cry	sack	3	4
cry	sand	3	4
cry	sea	2	4
cry	search	4	4
cry	sense	4	4
cry	serpent	0	4
cry	servant	0	4
cry	sheep	0	4
cry	ship	3	4
cry	shoe	3	4
cry	shore	3	4
cry	shoulder	3	4
cry	side	4	4
cry	sight	4	4
cry	silver	3	4
cry	sister	0	4
cry	slave	0	4
cry	snow	3	4
cry	soldier	0	4
cry	son	0	4
cry	song	3	2
cry	sorrow	3	2
cry	spot	4	4
cry	spring	2	4
cry	star	1	4
cry	step	4	4
cry	stone	3	4
cry	story	4	2
cry	stream	2	4
cry	street	3	4
cry	strength	4	4
cry	subject	0	4
cry	sun	1	4
cry	sword	3	4
cry	table	3	4
cry	tale	4	2
cry	tear	3	0
cry	thing	2	3
cry	thistle	2	4
cry	thought	4	3
cry	throne	3	4
cry	time	4	2
cry	tongue	3	4
cry	tooth	3	4
cry	top	4	4
cry	town	2	4
cry	tree	1	4
cry	trouble	4	3
cry	truth	4	2
cry	use	4	4
cry	village	2	4
cry	vizir	0	4
cry	voice	0	2
cry	wall	3	4
cry	want	4	4
cry	war	4	2
cry	water	2	4
cry	way	4	4
cry	week	4	4
cry	well	2	4
cry	while	4	4
cry	wife	0	4
cry	wind	1	4
cry	window	3	4
cry	wine	3	4
cry	witch	0	4
cry	wolf	0	1
cry	woman	0	4
cry	wood	2	4
cry	word	4	1
cry	work	4	4
cry	world	2	4
cry	year	4	4
cry	youth	0	4
cut	air	3	2
cut	angel	0	2
cut	animal	1	1
cut	apple	4	0
cut	arm	2	0
cut	arrow	1	2
cut	baby	3	3
cut	back	4	1
cut	bag	4	0
cut	bank	4	2
cut	basket	4	1
cut	battle	4	4
cut	bear	1	2
cut	beard	4	0
cut	beast	1	1
cut	beauty	3	3
cut	bed	4	1
cut	bee	2	4
cut	being	1	2
cut	bell	4	3
cut	bird	1	2
cut	blood	4	3
cut	boat	2	2
cut	body	3	1
cut	book	4	1
cut	boot	4	1
cut	box	4	1
cut	boy	0	2
cut	branch	3	0
cut	bread	4	0
cut	bride	0	3
cut	bridegroom	0	3
cut	bridge	4	2
cut	brother	0	2
cut	business	4	2
cut	captain	0	2
cut	care	4	4
cut	carriage	3	3
cut	case	4	3
cut	castle	4	3
cut	cat	1	2
cut	cave	4	3
cut	chance	4	4
cut	cheese	4	0
cut	child	0	3
cut	chin	4	1
cut	church	4	3
cut	city	4	3
cut	clothes	4	0
cut	cloud	3	3
cut	coat	4	0
cut	company	2	2
cut	corner	4	2
cut	cottage	4	3
cut	country	4	3
cut	course	4	2
cut	court	3	3
cut	creature	1	2
cut	crow	2	2
cut	cry	3	3
cut	danger	4	4
cut	daughter	0	3
cut	day	3	2
cut	death	3	4
cut	deed	4	4
cut	delight	4	4
cut	dinner	4	3
cut	dish	4	3
cut	dog	2	2
cut	door	4	2
cut	dragon	1	1
cut	dream	3	3
cut	dress	4	0
cut	duck	2	1
cut	dust	4	4
cut	eagle	1	2
cut	ear	4	1
cut	earth	4	2
cut	egg	4	1
cut	elephant	2	2
cut	emperor	0	3
cut	end	4	1
cut	evening	4	4
cut	eye	4	3
cut	face	4	1
cut	fairy	0	3
cut	family	1	3
cut	farmer	0	2
cut	father	0	2
cut	fear	4	4
cut	feast	4	4
cut	feather	3	1
cut	fellow	0	2
cut	field	4	2
cut	fire	4	4
cut	fish	2	0
cut	flame	3	4
cut	floor	4	3
cut	flower	4	0
cut	folk	0	3
cut	food	4	0
cut	foot	4	1
cut	forehead	4	1
cut	forest	4	1
cut	form	4	3
cut	fox	1	2
cut	friend	0	2
cut	front	4	3
cut	garden	4	2
cut	gate	4	3
cut	gentleman	0	2
cut	giant	0	1
cut	gift	4	2
cut	girl	0	2
cut	gold	3	1
cut	grandfather	0	2
cut	grass	4	0
cut	grave	4	3
cut	ground	4	2
cut	guest	0	2
cut	gun	4	3
cut	hair	4	0
cut	hall	4	3
cut	hand	1	0
cut	hare	2	2
cut	head	4	0
cut	heap	4	2
cut	heart	3	1
cut	help	4	4
cut	hero	0	1
cut	hill	4	2
cut	hole	4	1
cut	home	4	3
cut	honey	4	3
cut	horn	3	1
cut	horse	3	2
cut	hour	4	3
cut	house	4	3
cut	husband	0	2
cut	hut	4	3
cut	instant	4	4
cut	iron	1	2
cut	island	4	2
cut	journey	4	1
cut	joy	4	4
cut	kind	4	4
cut	king	0	2
cut	kingdom	4	2
cut	kitchen	4	3
cut	knife	0	3
cut	knight	0	1
cut	lad	0	2
cut	lady	0	2
cut	lake	4	2
cut	land	4	2
cut	leaf	3	0
cut	leg	4	0
cut	length	4	1
cut	letter	4	2
cut	life	4	1
cut	light	3	3
cut	lion	1	1
cut	look	3	3
cut	love	4	4
cut	magic	2	3
cut	magician	0	2
cut	maid	0	2
cut	maiden	0	2
cut	man	0	2
cut	marriage	4	3
cut	master	0	2
cut	matter	4	4
cut	meat	4	0
cut	merchant	0	2
cut	mermaid	1	2
cut	midst	4	4
cut	mind	4	3
cut	minute	4	4
cut	moment	4	4
cut	money	4	2
cut	monkey	1	2
cut	moon	3	3
cut	morning	4	4
cut	morrow	4	4
cut	mother	0	2
cut	mountain	4	2
cut	mouse	1	2
cut	mouth	4	2
cut	name	4	3
cut	neck	4	1
cut	needle	2	3
cut	nest	4	2
cut	night	3	4
cut	noise	3	4
cut	number	4	3
cut	one	0	1
cut	opinion	4	4
cut	order	4	3
cut	other	0	1
cut	pain	2	4
cut	pair	1	2
cut	palace	4	3
cut	part	4	1
cut	paw	2	1
cut	peace	4	4
cut	peasant	0	2
cut	people	0	2
cut	piece	4	1
cut	pig	3	1
cut	place	4	3
cut	pleasure	4	4
cut	plenty	4	4
cut	poet	0	2
cut	power	3	3
cut	prince	0	2
cut	princess	0	2
cut	queen	0	2
cut	rabbit	2	1
cut	rest	4	3
cut	right	4	4
cut	ring	3	2
cut	river	2	1
cut	road	3	2
cut	rock	2	2
cut	room	4	3
cut	rose	3	0
cut	sack	4	0
cut	sand	4	3
cut	sea	3	2
cut	search	4	3
cut	sense	4	4
cut	serpent	2	1
cut	servant	0	2
cut	sheep	3	1
cut	ship	2	2
cut	shoe	4	1
cut	shore	4	3
cut	shoulder	4	1
cut	side	4	1
cut	sight	4	4
cut	silver	3	1
cut	sister	0	2
cut	slave	0	2
cut	snow	4	2
cut	soldier	0	2
cut	son	0	2
cut	song	4	2
cut	sorrow	4	4
cut	spot	4	3
cut	spring	4	4
cut	star	3	3
cut	step	4	2
cut	stone	2	1
cut	story	4	1
cut	stranger	0	2
cut	stream	2	2
cut	street	4	2
cut	strength	4	4
cut	subject	1	3
cut	sun	3	3
cut	sword	0	3
cut	table	4	2
cut	tale	4	1
cut	tear	4	4
cut	thing	2	1
cut	thistle	2	0
cut	thought	4	3
cut	throne	4	3
cut	time	4	2
cut	tongue	3	0
cut	top	4	1
cut	town	4	3
cut	tree	4	0
cut	trouble	4	4
cut	truth	3	4
cut	use	4	4
cut	village	4	3
cut	vizir	0	2
cut	voice	3	3
cut	wall	4	2
cut	want	4	4
cut	war	3	4
cut	water	2	2
cut	way	4	1
cut	week	4	3
cut	well	4	3
cut	while	4	4
cut	wife	0	2
cut	wind	1	3
cut	window	4	2
cut	wine	4	2
cut	witch	0	2
cut	wolf	1	1
cut	woman	0	2
cut	wood	4	0
cut	word	2	2
cut	work	4	2
cut	world	4	3
cut	year	4	3
cut	youth	0	2
die	air	3	4
die	angel	2	4
die	animal	0	4
die	apple	3	4
die	arm	2	4
die	arrow	4	4
die	baby	0	4
die	back	3	4
die	bag	4	4
die	bank	3	4
die	basket	4	4
die	battle	2	4
die	bear	0	4
die	beard	3	4
die	beast	0	4
die	beauty	1	4
die	bed	4	4
die	bee	0	4
die	being	0	4
die	bell	3	4
die	bird	0	4
die	blood	2	4
die	boat	3	4
die	body	1	4
die	book	3	4
die	boot	4	4
die	box	4	4
die	boy	0	4
die	branch	2	4
die	bread	3	4
die	bride	0	4
die	bridegroom	0	4
die	bridge	4	4
die	brother	0	4
die	business	2	4
die	captain	0	4
die	care	2	4
die	carriage	4	4
die	case	3	4
die	castle	3	4
die	cat	0	4
die	cave	3	4
die	chance	2	4
die	cheese	4	4
die	child	0	4
die	chin	3	4
die	church	3	4
die	city	2	4
die	clothes	4	4
die	cloud	2	4
die	coat	4	4
die	company	2	4
die	corner	4	4
die	cottage	3	4
die	country	2	4
die	course	3	4
die	court	2	4
die	creature	0	4
die	crow	0	4
die	cry	1	4
die	danger	2	4
die	daughter	0	4
die	day	1	4
die	death	3	1
die	deed	2	4
die	delight	2	4
die	dinner	3	4
die	dish	4	4
die	dog	0	4
die	door	4	4
die	dragon	0	4
die	dream	1	4
die	dress	4	4
die	duck	0	4
die	dust	3	4
die	eagle	0	4
die	ear	3	4
die	earth	2	4
die	egg	3	4
die	elephant	0	4
die	emperor	0	4
die	end	3	4
die	evening	2	4
die	eye	2	4
die	face	3	4
die	fairy	1	4
die	family	1	4
die	farmer	0	4
die	father	0	4
die	fear	2	4
die	feast	3	4
die	feather	3	4
die	fellow	0	4
die	field	2	4
die	fire	1	4
die	fish	0	4
die	flame	1	4
die	floor	4	4
die	flower	0	4
die	folk	0	4
die	food	3	4
die	foot	3	4
die	forehead	3	4
die	forest	2	4
die	form	3	4
die	fox	0	4
die	friend	0	4
die	front	4	4
die	garden	1	4
die	gate	4	4
die	gentleman	0	4
die	giant	0	4
die	gift	3	4
die	girl	0	4
die	glass	4	4
die	gold	4	4
die	grandfather	0	4
die	grass	1	4
die	grave	4	4
die	ground	3	4
die	guest	0	4
die	gun	4	4
die	hair	2	4
die	hall	4	4
die	hand	2	4
die	hare	0	4
die	head	2	4
die	heap	4	4
die	heart	1	4
die	help	3	4
die	hero	0	4
die	hill	3	4
die	hole	4	4
die	home	3	4
die	honey	4	4
die	horn	3	4
die	horse	0	4
die	hour	3	4
die	house	3	4
die	husband	0	4
die	hut	3	4
die	instant	4	4
die	iron	4	4
die	island	3	4
die	journey	3	4
die	joy	2	4
die	kind	3	4
die	king	0	4
die	kingdom	2	4
die	kitchen	4	4
die	knife	4	4
die	knight	0	4
die	lad	0	4
die	lady	0	4
die	lake	2	4
die	land	2	4
die	leaf	1	4
die	leg	2	4
die	length	4	4
die	letter	4	4
die	life	2	4
die	light	1	4
die	lion	0	4
die	look	3	4
die	love	1	4
die	magic	1	4
die	magician	0	4
die	maid	0	4
die	maiden	0	4
die	man	0	4
die	marriage	2	4
die	master	0	4
die	matter	3	4
die	meat	4	4
die	merchant	0	4
die	mermaid	0	4
die	midst	4	4
die	mind	3	4
die	minute	4	4
die	moment	3	4
die	money	4	4
die	monkey	0	4
die	moon	2	4
die	morning	3	4
die	morrow	4	4
die	mother	0	4
die	mountain	3	4
die	mouse	0	4
die	mouth	3	4
die	name	2	4
die	neck	3	4
die	needle	4	4
die	nest	4	4
die	night	2	4
die	noise	1	4
die	number	4	4
die	one	0	4
die	opinion	3	4
die	order	3	4
die	other	0	4
die	pain	2	4
die	pair	1	4
die	palace	3	4
die	part	3	4
die	paw	3	4
die	peace	2	4
die	peasant	0	4
die	people	0	4
die	piece	4	4
die	pig	0	4
die	place	3	4
die	pleasure	2	4
die	plenty	4	4
die	poet	0	4
die	power	2	4
die	prince	0	4
die	princess	0	4
die	queen	0	4
die	rabbit	0	4
die	rest	4	4
die	right	3	4
die	ring	4	4
die	river	2	4
die	road	4	4
die	rock	4	4
die	room	4	4
die	rose	0	4
die	sack	4	4
die	sand	4	4
die	sea	3	4
die	search	3	4
die	sense	3	4
die	serpent	0	4
die	servant	0	4
die	sheep	0	4
die	ship	3	4
die	shoe	4	4
die	shore	4	4
die	shoulder	3	4
die	side	4	4
die	sight	3	4
die	silver	4	4
die	sister	0	4
die	slave	0	4
die	snow	3	4
die	soldier	0	4
die	son	0	4
die	song	1	4
die	sorrow	2	4
die	spot	4	4
die	spring	2	4
die	star	2	4
die	step	3	4
die	stone	4	4
die	story	2	4
die	stranger	0	4
die	stream	2	4
die	street	4	4
die	strength	2	4
die	subject	0	4
die	sun	2	4
die	sword	4	4
die	table	4	4
die	tale	2	4
die	tear	3	4
die	thing	2	4
die	thistle	0	4
die	thought	2	4
die	throne	4	4
die	time	3	4
die	tongue	3	4
die	tooth	3	4
die	top	4	4
die	town	2	4
die	tree	0	4
die	trouble	3	4
die	truth	2	4
die	use	4	4
die	village	2	4
die	vizir	0	4
die	voice	1	4
die	wall	4	4
die	want	3	4
die	war	2	4
die	water	3	4
die	way	3	4
die	week	3	4
die	well	3	4
die	while	4	4
die	wife	0	4
die	wind	1	4
die	window	4	4
die	wine	4	4
die	witch	0	4
die	wolf	0	4
die	woman	0	4
die	wood	2	4
die	word	1	4
die	work	3	4
die	world	2	4
die	year	2	4
die	youth	0	4
disappear	air	2	4
disappear	angel	0	4
disappear	animal	0	4
disappear	apple	0	4
disappear	arm	1	4
disappear	arrow	0	4
disappear	baby	0	4
disappear	back	2	4
disappear	bag	0	4
disappear	bank	1	4
disappear	basket	0	4
disappear	battle	2	4
disappear	bear	0	4
disappear	beard	0	4
disappear	beast	0	4
disappear	beauty	0	4
disappear	bed	0	4
disappear	bee	0	4
disappear	being	0	4
disappear	bell	0	4
disappear	bird	0	4
disappear	blood	0	4
disappear	boat	0	4
disappear	body	0	4
disappear	book	0	4
disappear	boot	0	4
disappear	box	0	4
disappear	boy	0	4
disappear	branch	0	4
disappear	bread	0	4
disappear	bride	0	4
disappear	bridegroom	0	4
disappear	bridge	0	4
disappear	brother	0	4
disappear	business	2	4
disappear	captain	0	4
disappear	care	1	4
disappear	carriage	0	4
disappear	case	2	4
disappear	castle	0	4
disappear	cat	0	4
disappear	cave	0	4
disappear	chance	1	4
disappear	cheese	0	4
disappear	child	0	4
disappear	chin	1	4
disappear	church	0	4
disappear	city	0	4
disappear	clothes	0	4
disappear	cloud	0	4
disappear	coat	0	4
disappear	company	0	4
disappear	corner	2	4
disappear	cottage	0	4
disappear	country	1	4
disappear	course	3	4
disappear	court	1	4
disappear	creature	0	4
disappear	crow	0	4
disappear	cry	1	4
disappear	danger	0	4
disappear	daughter	0	4
disappear	day	1	4
disappear	death	1	4
disappear	deed	2	4
disappear	delight	1	4
disappear	dinner	0	4
disappear	dish	0	4
disappear	dog	0	4
disappear	door	0	4
disappear	dragon	0	4
disappear	dream	0	4
disappear	dress	0	4
disappear	duck	0	4
disappear	dust	0	4
disappear	eagle	0	4
disappear	ear	1	4
disappear	earth	1	4
disappear	egg	0	4
disappear	elephant	0	4
disappear	emperor	0	4
disappear	end	2	4
disappear	evening	1	4
disappear	eye	1	4
disappear	face	1	4
disappear	fairy	0	4
disappear	family	0	4
disappear	farmer	0	4
disappear	father	0	4
disappear	fear	0	4
disappear	feast	0	4
disappear	feather	0	4
disappear	fellow	0	4
disappear	field	1	4
disappear	fire	0	4
disappear	fish	0	4
disappear	flame	0	4
disappear	floor	1	4
disappear	flower	0	4
disappear	folk	0	4
disappear	food	0	4
disappear	foot	1	4
disappear	forehead	1	4
disappear	forest	0	4
disappear	form	0	4
disappear	fox	0	4
disappear	friend	0	4
disappear	front	3	4
disappear	garden	0	4
disappear	gate	0	4
disappear	gentleman	0	4
disappear	giant	0	4
disappear	gift	0	4
disappear	girl	0	4
disappear	glass	0	4
disappear	gold	0	4
disappear	grandfather	0	4
disappear	grass	0	4
disappear	grave	0	4
disappear	ground	1	4
disappear	guest	0	4
disappear	gun	0	4
disappear	hair	0	4
disappear	hall	0	4
disappear	hand	1	4
disappear	hare	0	4
disappear	head	1	4
disappear	heap	0	4
disappear	heart	1	4
disappear	help	1	4
disappear	hero	0	4
disappear	hill	0	4
disappear	hole	0	4
disappear	home	1	4
disappear	honey	0	4
disappear	horn	0	4
disappear	horse	0	4
disappear	hour	2	4
disappear	house	0	4
disappear	husband	0	4
disappear	hut	0	4
disappear	instant	3	4
disappear	iron	0	4
disappear	island	0	4
disappear	journey	2	4
disappear	joy	0	4
disappear	kind	3	4
disappear	king	0	4
disappear	kingdom	0	4
disappear	kitchen	0	4
disappear	knife	0	4
disappear	knight	0	4
disappear	lad	0	4
disappear	lady	0	4
disappear	lake	0	4
disappear	land	1	4
disappear	leaf	0	4
disappear	leg	1	4
disappear	length	3	4
disappear	letter	0	4
disappear	life	1	4
disappear	light	0	4
disappear	lion	0	4
disappear	look	1	4
disappear	love	1	4
disappear	magic	0	4
disappear	magician	0	4
disappear	maid	0	4
disappear	maiden	0	4
disappear	man	0	4
disappear	marriage	2	4
disappear	master	0	4
disappear	matter	2	4
disappear	meat	0	4
disappear	merchant	0	4
disappear	mermaid	0	4
disappear	midst	4	4
disappear	mind	2	4
disappear	minute	2	4
disappear	moment	2	4
disappear	money	0	4
disappear	monkey	0	4
disappear	moon	0	4
disappear	morning	1	4
disappear	morrow	3	4
disappear	mother	0	4
disappear	mountain	0	4
disappear	mouse	0	4
disappear	mouth	1	4
disappear	name	1	4
disappear	neck	1	4
disappear	needle	0	4
disappear	nest	0	4
disappear	night	1	4
disappear	noise	0	4
disappear	number	2	4
disappear	one	0	4
disappear	opinion	2	4
disappear	order	2	4
disappear	other	0	4
disappear	pain	0	4
disappear	pair	0	4
disappear	palace	0	4
disappear	part	1	4
disappear	paw	1	4
disappear	peace	1	4
disappear	peasant	0	4
disappear	people	0	4
disappear	piece	0	4
disappear	pig	0	4
disappear	place	1	4
disappear	pleasure	1	4
disappear	plenty	2	4
disappear	poet	0	4
disappear	power	0	4
disappear	prince	0	4
disappear	princess	0	4
disappear	queen	0	4
disappear	rabbit	0	4
disappear	rest	2	4
disappear	right	2	4
disappear	ring	0	4
disappear	river	0	4
disappear	road	0	4
disappear	rock	0	4
disappear	room	0	4
disappear	rose	0	4
disappear	sack	0	4
disappear	sand	0	4
disappear	sea	1	4
disappear	search	3	4
disappear	sense	1	4
disappear	serpent	0	4
disappear	servant	0	4
disappear	sheep	0	4
disappear	ship	0	4
disappear	shoe	0	4
disappear	shore	1	4
disappear	shoulder	1	4
disappear	side	2	4
disappear	sight	1	4
disappear	silver	0	4
disappear	sister	0	4
disappear	slave	0	4
disappear	snow	0	4
disappear	soldier	0	4
disappear	son	0	4
disappear	song	1	4
disappear	sorrow	0	4
disappear	spot	0	4
disappear	spring	1	4
disappear	star	0	4
disappear	step	2	4
disappear	stone	0	4
disappear	story	1	4
disappear	stranger	0	4
disappear	stream	0	4
disappear	street	1	4
disappear	strength	0	4
disappear	subject	1	4
disappear	sun	0	4
disappear	sword	0	4
disappear	table	0	4
disappear	tale	1	4
disappear	tear	0	4
disappear	thing	0	4
disappear	thistle	0	4
disappear	thought	1	4
disappear	throne	0	4
disappear	time	2	4
disappear	tongue	1	4
disappear	tooth	1	4
disappear	top	2	4
disappear	town	0	4
disappear	tree	0	4
disappear	trouble	0	4
disappear	truth	1	4
disappear	use	3	4
disappear	village	0	4
disappear	vizir	0	4
disappear	voice	0	4
disappear	wall	0	4
disappear	want	2	4
disappear	war	1	4
disappear	water	0	4
disappear	way	1	4
disappear	week	2	4
disappear	well	0	4
disappear	while	3	4
disappear	wife	0	4
disappear	wind	0	4
disappear	window	0	4
disappear	wine	0	4
disappear	witch	0	4
disappear	wolf	0	4
disappear	woman	0	4
disappear	wood	0	4
disappear	word	1	4
disappear	work	1	4
disappear	world	1	4
disappear	year	2	4
disappear	youth	1	4
draw	air	2	1
draw	angel	0	0
draw	animal	0	0
draw	apple	2	0
draw	arm	1	1
draw	arrow	3	0
draw	back	3	2
draw	bag	3	2
draw	bank	3	2
draw	basket	3	1
draw	battle	2	1
draw	bear	0	0
draw	beard	3	1
draw	beast	0	0
draw	beauty	1	2
draw	bed	3	2
draw	bee	0	0
draw	being	0	2
draw	bell	1	1
draw	bird	0	0
draw	blood	3	0
draw	boat	2	0
draw	body	3	1
draw	book	2	1
draw	boot	3	1
draw	box	3	1
draw	branch	3	1
draw	bread	2	1
draw	bridge	3	0
draw	business	2	3
draw	care	3	3
draw	carriage	3	0
draw	case	3	3
draw	castle	2	0
draw	cat	0	0
draw	cave	2	1
draw	chance	2	3
draw	cheese	1	1
draw	chin	4	1
draw	church	2	0
draw	city	2	0
draw	clothes	3	1
draw	cloud	2	0
draw	coat	3	1
draw	company	1	2
draw	corner	3	2
draw	cottage	2	0
draw	country	2	1
draw	course	3	2
draw	court	1	2
draw	creature	0	0
draw	crow	0	0
draw	cry	1	2
draw	danger	2	2
draw	day	0	2
draw	death	0	2
draw	deed	2	2
draw	delight	3	2
draw	dinner	1	2
draw	dish	2	1
draw	door	3	2
draw	dragon	0	0
draw	dream	2	1
draw	dress	3	0
draw	duck	0	0
draw	dust	3	2
draw	eagle	0	0
draw	ear	3	1
draw	earth	2	2
draw	egg	3	0
draw	end	1	2
draw	evening	0	3
draw	eye	2	1
draw	face	3	0
draw	fairy	0	0
draw	fear	2	2
draw	feast	1	2
draw	feather	3	0
draw	field	3	1
draw	fire	1	1
draw	fish	0	0
draw	flame	1	1
draw	floor	4	1
draw	flower	1	0
draw	food	1	1
draw	foot	3	1
draw	forehead	4	1
draw	forest	2	0
draw	form	2	1
draw	fox	0	0
draw	front	3	2
draw	garden	2	0
draw	gate	3	1
draw	gift	2	1
draw	glass	3	1
draw	gold	1	1
draw	grass	3	1
draw	grave	3	2
draw	ground	3	2
draw	gun	3	0
draw	hair	3	1
draw	hall	3	1
draw	hare	0	0
draw	head	3	1
draw	heap	3	1
draw	heart	1	0
draw	help	2	2
draw	hill	3	0
draw	hole	3	1
draw	home	2	1
draw	honey	1	1
draw	horn	1	1
draw	hour	1	3
draw	house	3	0
draw	hut	3	0
draw	instant	4	4
draw	iron	2	1
draw	island	3	0
draw	journey	2	2
draw	joy	2	2
draw	kind	4	4
draw	kingdom	2	1
draw	kitchen	3	1
draw	knife	3	0
draw	lake	3	1
draw	land	3	1
draw	leaf	3	0
draw	leg	3	1
draw	length	4	2
draw	letter	2	1
draw	life	2	2
draw	light	1	1
draw	lion	0	0
draw	look	2	2
draw	love	1	2
draw	magic	1	1
draw	marriage	3	3
draw	matter	3	3
draw	meat	2	1
draw	mermaid	0	0
draw	midst	4	4
draw	mind	2	3
draw	minute	3	4
draw	moment	1	4
draw	money	1	0
draw	monkey	0	0
draw	moon	1	0
draw	morning	1	3
draw	morrow	2	4
draw	mountain	3	0
draw	mouse	0	0
draw	mouth	2	1
draw	name	3	1
draw	neck	4	2
draw	needle	2	0
draw	nest	3	0
draw	night	0	2
draw	noise	1	2
draw	number	3	1
draw	opinion	3	3
draw	order	3	3
draw	other	1	3
draw	pain	3	2
draw	pair	1	2
draw	palace	2	0
draw	part	3	2
draw	paw	1	1
draw	peace	3	3
draw	piece	3	1
draw	pig	0	0
draw	place	2	2
draw	pleasure	3	2
draw	plenty	3	3
draw	power	1	1
draw	rabbit	0	0
draw	rest	2	3
draw	right	3	3
draw	ring	1	1
draw	river	2	1
draw	road	3	1
draw	rock	3	1
draw	room	3	1
draw	rose	1	0
draw	sack	3	1
draw	sand	3	1
draw	sea	1	1
draw	search	3	4
draw	sense	3	3
draw	serpent	0	0
draw	sheep	0	0
draw	ship	3	0
draw	shoe	3	1
draw	shore	3	1
draw	shoulder	3	2
draw	side	3	2
draw	sight	1	3
draw	silver	1	1
draw	snow	3	1
draw	song	1	2
draw	sorrow	2	2
draw	spot	3	1
draw	spring	1	2
draw	star	1	0
draw	step	3	2
draw	stone	2	1
draw	story	1	2
draw	stream	2	1
draw	street	3	1
draw	strength	3	0
draw	sun	1	0
draw	sword	3	0
draw	table	3	1
draw	tale	1	2
draw	tear	3	0
draw	thing	2	1
draw	thistle	3	1
draw	thought	2	2
draw	throne	2	1
draw	time	1	3
draw	tongue	2	1
draw	tooth	4	0
draw	top	3	2
draw	town	2	0
draw	tree	2	0
draw	trouble	2	2
draw	truth	2	2
draw	use	4	3
draw	village	2	0
draw	voice	1	3
draw	wall	3	1
draw	want	3	3
draw	war	1	2
draw	water	2	0
draw	way	3	2
draw	week	1	3
draw	well	2	1
draw	while	3	4
draw	wind	1	1
draw	window	3	1
draw	wine	2	0
draw	wolf	0	0
draw	wood	2	1
draw	word	2	2
draw	work	2	2
draw	world	2	1
draw	year	1	3
draw	youth	0	1
dress	air	3	3
dress	angel	0	1
dress	animal	1	1
dress	apple	4	3
dress	arm	3	2
dress	arrow	4	3
dress	baby	2	0
dress	back	4	2
dress	bag	4	2
dress	bank	4	2
dress	basket	4	2
dress	battle	4	4
dress	bear	0	1
dress	beard	4	1
dress	beast	1	1
dress	beauty	1	1
dress	bed	4	2
dress	bee	2	2
dress	being	1	1
dress	bell	4	2
dress	bird	1	1
dress	blood	4	3
dress	boat	4	2
dress	body	2	1
dress	book	4	3
dress	boot	4	3
dress	box	4	2
dress	branch	4	2
dress	bread	4	2
dress	bridge	4	2
dress	business	4	4
dress	care	4	4
dress	carriage	4	2
dress	case	4	3
dress	castle	4	1
dress	cat	0	1
dress	cave	4	2
dress	chance	4	4
dress	cheese	4	3
dress	chin	4	3
dress	church	4	1
dress	city	3	1
dress	clothes	4	3
dress	cloud	3	3
dress	coat	4	3
dress	company	2	1
dress	corner	4	3
dress	cottage	4	2
dress	country	3	2
dress	course	4	4
dress	court	2	2
dress	creature	1	1
dress	crow	1	2
dress	cry	4	4
dress	danger	4	4
dress	day	4	4
dress	death	2	2
dress	deed	4	4
dress	delight	4	4
dress	dinner	4	2
dress	dish	4	1
dress	dog	1	1
dress	door	4	2
dress	dragon	1	2
dress	dream	4	3
dress	dress	4	3
dress	duck	1	1
dress	dust	4	4
dress	eagle	1	2
dress	ear	4	3
dress	earth	3	3
dress	egg	4	3
dress	elephant	1	2
dress	end	4	4
dress	evening	4	4
dress	eye	4	3
dress	face	4	3
dress	fairy	0	1
dress	fear	4	4
dress	feast	4	3
dress	feather	4	3
dress	field	4	2
dress	fire	4	3
dress	fish	2	1
dress	flame	4	4
dress	floor	4	3
dress	flower	3	3
dress	food	4	2
dress	foot	4	2
dress	forehead	4	3
dress	forest	3	3
dress	form	4	3
dress	fox	0	1
dress	front	4	4
dress	garden	4	2
dress	gate	4	2
dress	giant	0	1
dress	gift	4	3
dress	glass	4	3
dress	gold	4	3
dress	grass	4	3
dress	grave	4	2
dress	ground	4	3
dress	gun	4	3
dress	hair	4	1
dress	hall	4	1
dress	hand	3	2
dress	hare	1	1
dress	head	3	2
dress	heap	4	3
dress	heart	3	3
dress	help	4	4
dress	hill	4	3
dress	hole	4	4
dress	home	4	2
dress	honey	4	4
dress	horn	4	3
dress	horse	2	1
dress	hour	4	4
dress	house	4	2
dress	hut	4	2
dress	instant	4	4
dress	iron	4	3
dress	island	4	3
dress	journey	4	4
dress	joy	4	4
dress	kind	4	4
dress	kingdom	3	2
dress	kitchen	4	3
dress	knife	4	3
dress	lake	4	4
dress	land	4	3
dress	leaf	4	3
dress	leg	4	2
dress	length	4	4
dress	letter	4	3
dress	life	4	4
dress	light	4	4
dress	lion	0	1
dress	look	4	4
dress	love	4	4
dress	magic	3	4
dress	marriage	4	4
dress	matter	4	4
dress	meat	4	1
dress	mermaid	1	1
dress	midst	4	4
dress	mind	4	4
dress	minute	4	4
dress	moment	4	4
dress	money	4	4
dress	monkey	0	1
dress	moon	2	3
dress	morning	4	4
dress	morrow	4	4
dress	mountain	4	3
dress	mouse	0	1
dress	mouth	4	3
dress	name	4	4
dress	neck	4	3
dress	needle	4	3
dress	nest	4	3
dress	night	3	4
dress	noise	4	4
dress	number	4	4
dress	opinion	4	4
dress	order	4	4
dress	pain	4	4
dress	pair	2	2
dress	palace	4	1
dress	part	4	4
dress	paw	4	2
dress	peace	4	4
dress	piece	4	4
dress	pig	1	1
dress	place	4	3
dress	pleasure	4	4
dress	plenty	4	4
dress	power	4	4
dress	rabbit	0	1
dress	rest	4	4
dress	right	4	4
dress	ring	4	3
dress	river	4	4
dress	road	4	3
dress	rock	4	3
dress	room	4	1
dress	rose	3	3
dress	sack	4	3
dress	sand	4	4
dress	sea	4	4
dress	search	4	4
dress	sense	4	4
dress	serpent	2	2
dress	sheep	1	1
dress	ship	4	1
dress	shoe	4	3
dress	shore	4	4
dress	shoulder	4	2
dress	side	4	3
dress	sight	4	4
dress	silver	4	3
dress	snow	4	4
dress	song	4	4
dress	sorrow	4	4
dress	spot	4	4
dress	spring	3	4
dress	star	3	3
dress	step	4	4
dress	stone	4	2
dress	story	4	4
dress	stream	4	4
dress	street	4	2
dress	strength	4	4
dress	sun	3	3
dress	sword	4	3
dress	table	4	2
dress	tale	4	4
dress	tear	4	4
dress	thing	3	3
dress	thistle	4	3
dress	thought	4	4
dress	throne	4	2
dress	time	4	4
dress	tongue	4	4
dress	tooth	4	3
dress	top	4	4
dress	town	3	2
dress	tree	3	1
dress	trouble	4	4
dress	truth	4	4
dress	use	4	4
dress	village	3	2
dress	voice	4	4
dress	wall	4	2
dress	want	4	4
dress	war	4	4
dress	water	4	4
dress	way	4	4
dress	week	4	4
dress	well	4	3
dress	while	4	4
dress	wind	3	4
dress	window	4	1
dress	wine	4	4
dress	wolf	0	1
dress	wood	4	3
dress	word	4	4
dress	work	4	4
dress	world	4	4
dress	year	4	4
drink	air	4	2
drink	angel	1	4
drink	animal	0	4
drink	apple	4	3
drink	arm	3	4
drink	arrow	3	4
drink	baby	0	4
drink	back	4	4
drink	bag	3	3
drink	bank	4	4
drink	basket	4	4
drink	battle	4	4
drink	bear	0	4
drink	beard	3	4
drink	beast	0	4
drink	beauty	0	2
drink	bed	4	4
drink	bee	0	4
drink	being	0	4
drink	bell	4	4
drink	bird	0	4
drink	blood	4	1
drink	boat	4	4
drink	body	2	4
drink	book	4	4
drink	boot	3	3
drink	box	4	4
drink	boy	0	4
drink	branch	3	4
drink	bread	4	3
drink	bride	0	4
drink	bridegroom	0	4
drink	bridge	4	4
drink	brother	0	4
drink	business	4	4
drink	captain	0	4
drink	care	4	4
drink	carriage	4	4
drink	case	4	4
drink	castle	4	4
drink	cat	0	4
drink	cave	3	4
drink	chance	4	4
drink	cheese	4	3
drink	child	0	4
drink	chin	4	4
drink	church	4	4
drink	city	4	4
drink	clothes	4	4
drink	cloud	1	3
drink	coat	4	4
drink	company	1	4
drink	corner	4	4
drink	cottage	4	4
drink	country	4	4
drink	course	4	4
drink	court	3	4
drink	creature	0	4
drink	crow	0	4
drink	cry	4	4
drink	danger	4	4
drink	daughter	0	4
drink	day	4	4
drink	death	2	3
drink	deed	4	4
drink	delight	4	3
drink	dinner	4	3
drink	dish	4	2
drink	dog	0	4
drink	door	4	4
drink	dragon	0	4
drink	dream	4	4
drink	dress	4	4
drink	duck	0	4
drink	dust	4	3
drink	eagle	0	4
drink	ear	4	4
drink	earth	1	4
drink	egg	4	2
drink	elephant	0	4
drink	emperor	0	4
drink	end	4	4
drink	evening	4	4
drink	eye	4	4
drink	face	4	4
drink	fairy	0	4
drink	family	0	4
drink	farmer	0	4
drink	father	0	4
drink	fear	4	4
drink	feast	4	3
drink	feather	4	4
drink	fellow	0	4
drink	field	1	4
drink	fire	3	3
drink	fish	1	4
drink	flame	3	4
drink	floor	4	4
drink	flower	1	4
drink	folk	0	4
drink	food	4	3
drink	foot	4	4
drink	forehead	4	4
drink	forest	3	4
drink	form	4	4
drink	fox	0	4
drink	friend	0	4
drink	front	4	4
drink	garden	2	4
drink	gate	4	4
drink	gentleman	0	4
drink	giant	0	4
drink	gift	4	3
drink	girl	0	4
drink	glass	4	1
drink	gold	4	3
drink	grandfather	0	4
drink	grass	1	4
drink	grave	3	4
drink	ground	1	4
drink	guest	0	4
drink	gun	4	4
drink	hair	4	4
drink	hall	4	4
drink	hand	3	4
drink	hare	0	4
drink	head	3	4
drink	heap	4	4
drink	heart	3	3
drink	help	4	4
drink	hero	0	4
drink	hill	4	4
drink	hole	4	4
drink	home	4	4
drink	honey	4	1
drink	horn	4	1
drink	horse	0	4
drink	hour	4	4
drink	house	4	4
drink	husband	0	4
drink	hut	4	4
drink	instant	4	4
drink	iron	4	4
drink	island	4	4
drink	journey	4	4
drink	joy	4	3
drink	kind	4	4
drink	king	0	4
drink	kingdom	4	4
drink	kitchen	4	4
drink	knife	3	4
drink	knight	0	4
drink	lad	0	4
drink	lady	0	4
drink	lake	3	2
drink	land	2	4
drink	leaf	2	4
drink	leg	4	4
drink	length	4	4
drink	letter	4	4
drink	life	4	3
drink	light	4	3
drink	lion	0	4
drink	look	4	3
drink	love	4	3
drink	magic	4	3
drink	magician	0	4
drink	maid	0	4
drink	maiden	0	4
drink	man	0	4
drink	marriage	4	4
drink	master	0	4
drink	matter	4	4
drink	meat	4	3
drink	merchant	0	4
drink	mermaid	1	4
drink	midst	4	4
drink	mind	4	4
drink	minute	4	4
drink	moment	4	4
drink	money	4	4
drink	monkey	0	4
drink	moon	1	3
drink	morning	4	4
drink	morrow	4	4
drink	mother	0	4
drink	mountain	3	4
drink	mouse	0	4
drink	mouth	1	4
drink	name	4	4
drink	neck	4	4
drink	needle	4	4
drink	nest	4	4
drink	night	3	4
drink	noise	4	4
drink	number	4	4
drink	opinion	4	4
drink	order	4	4
drink	other	1	4
drink	pain	4	4
drink	pair	2	4
drink	palace	4	4
drink	part	4	4
drink	paw	3	4
drink	peace	4	4
drink	peasant	0	4
drink	people	0	4
drink	piece	4	4
drink	pig	0	4
drink	place	4	4
drink	pleasure	4	4
drink	plenty	4	3
drink	poet	0	4
drink	power	4	4
drink	prince	0	4
drink	princess	0	4
drink	queen	0	4
drink	rabbit	0	4
drink	rest	4	4
drink	right	4	4
drink	ring	4	4
drink	river	2	1
drink	road	4	4
drink	rock	3	4
drink	room	4	4
drink	rose	1	4
drink	sack	3	3
drink	sand	1	3
drink	sea	2	2
drink	search	4	4
drink	sense	4	4
drink	serpent	0	4
drink	servant	0	4
drink	sheep	0	4
drink	ship	4	4
drink	shoe	3	3
drink	shore	3	4
drink	shoulder	4	4
drink	side	4	4
drink	sight	4	2
drink	silver	4	3
drink	sister	0	4
drink	slave	0	4
drink	snow	3	2
drink	soldier	0	4
drink	son	0	4
drink	song	4	3
drink	sorrow	4	3
drink	spot	4	4
drink	spring	3	2
drink	star	2	4
drink	step	4	4
drink	stone	3	4
drink	story	4	4
drink	stranger	0	4
drink	stream	2	1
drink	street	4	4
drink	strength	4	3
drink	subject	1	4
drink	sun	1	3
drink	sword	2	4
drink	table	4	4
drink	tale	4	4
drink	tear	4	1
drink	thing	2	3
drink	thistle	1	4
drink	thought	4	4
drink	throne	4	4
drink	time	4	4
drink	tongue	2	4
drink	tooth	4	4
drink	top	4	4
drink	town	4	4
drink	tree	1	4
drink	trouble	4	4
drink	truth	4	4
drink	use	4	4
drink	village	4	4
drink	vizir	0	4
drink	voice	4	4
drink	wall	4	4
drink	want	4	4
drink	war	4	4
drink	water	4	0
drink	way	4	4
drink	week	4	4
drink	well	3	1
drink	while	4	4
drink	wife	0	4
drink	wind	1	3
drink	window	4	4
drink	wine	4	0
drink	witch	0	4
drink	wolf	0	4
drink	woman	0	4
drink	wood	3	4
drink	word	4	3
drink	work	4	4
drink	world	3	4
drink	year	4	4
drink	youth	0	4
drive	air	2	3
drive	angel	0	2
drive	animal	0	0
drive	apple	3	3
drive	arm	2	2
drive	arrow	2	1
drive	baby	3	2
drive	back	3	3
drive	bag	3	3
drive	bank	3	3
drive	basket	3	3
drive	battle	2	3
drive	bear	0	1
drive	beard	3	3
drive	beast	0	0
drive	beauty	2	2
drive	bed	3	3
drive	bee	1	1
drive	being	1	1
drive	bell	3	3
drive	bird	1	1
drive	blood	3	3
drive	boat	3	1
drive	body	3	3
drive	book	3	3
drive	boot	3	3
drive	box	3	3
drive	branch	3	2
drive	bread	4	3
drive	bridge	4	3
drive	business	2	3
drive	care	2	3
drive	carriage	3	0
drive	case	3	4
drive	castle	3	4
drive	cat	0	1
drive	cave	3	4
drive	chance	2	4
drive	cheese	4	4
drive	child	1	1
drive	chin	3	3
drive	church	3	4
drive	city	3	3
drive	clothes	4	3
drive	cloud	2	1
drive	coat	4	3
drive	company	1	2
drive	corner	3	4
drive	cottage	3	4
drive	country	3	3
drive	course	3	3
drive	court	2	3
drive	creature	0	1
drive	crow	1	1
drive	cry	3	3
drive	danger	2	3
drive	day	3	4
drive	death	2	3
drive	deed	3	4
drive	delight	2	4
drive	dinner	4	4
drive	dish	4	4
drive	dog	1	1
drive	door	4	3
drive	dragon	1	1
drive	dream	2	3
drive	dress	4	4
drive	duck	1	1
drive	dust	3	3
drive	eagle	1	1
drive	ear	3	3
drive	earth	3	3
drive	egg	4	3
drive	elephant	1	1
drive	end	3	4
drive	evening	3	4
drive	eye	3	3
drive	face	3	3
drive	fairy	0	1
drive	fear	1	3
drive	feast	3	4
drive	feather	3	3
drive	field	3	3
drive	fire	2	3
drive	fish	2	2
drive	flame	2	3
drive	floor	4	4
drive	flower	3	3
drive	food	3	3
drive	foot	3	3
drive	forehead	4	4
drive	forest	3	4
drive	form	3	4
drive	fox	0	1
drive	front	4	4
drive	garden	4	4
drive	gate	4	3
drive	giant	0	1
drive	gift	3	4
drive	glass	4	3
drive	gold	3	3
drive	grass	4	3
drive	grave	4	4
drive	ground	4	3
drive	gun	3	3
drive	hair	4	3
drive	hall	4	4
drive	hand	2	2
drive	hare	1	1
drive	head	3	3
drive	heap	4	4
drive	heart	2	3
drive	help	3	4
drive	hill	4	4
drive	hole	4	4
drive	home	3	4
drive	honey	4	4
drive	horn	3	2
drive	horse	1	0
drive	hour	4	4
drive	house	4	4
drive	hut	4	4
drive	instant	4	4
drive	iron	3	2
drive	island	4	4
drive	journey	3	4
drive	joy	2	4
drive	kind	4	4
drive	kingdom	4	4
drive	kitchen	4	4
drive	knife	3	1
drive	lake	4	4
drive	land	4	4
drive	leaf	4	3
drive	leg	3	3
drive	length	4	4
drive	letter	4	4
drive	life	3	4
drive	light	2	3
drive	lion	0	1
drive	look	3	4
drive	love	1	4
drive	magic	1	3
drive	marriage	3	4
drive	matter	4	4
drive	meat	4	4
drive	mermaid	1	1
drive	midst	4	4
drive	mind	3	3
drive	minute	4	4
drive	moment	4	4
drive	money	3	4
drive	monkey	0	1
drive	moon	3	3
drive	morning	4	4
drive	morrow	4	4
drive	mountain	4	4
drive	mouse	1	1
drive	mouth	4	4
drive	name	4	4
drive	neck	4	4
drive	needle	4	2
drive	nest	4	4
drive	night	3	4
drive	noise	2	4
drive	number	4	4
drive	opinion	3	4
drive	order	3	4
drive	other	1	1
drive	pain	2	4
drive	pair	2	2
drive	palace	4	4
drive	part	3	4
drive	paw	3	3
drive	peace	3	4
drive	piece	4	3
drive	pig	1	0
drive	place	4	4
drive	pleasure	3	4
drive	plenty	4	4
drive	power	2	4
drive	rabbit	1	1
drive	rest	4	4
drive	right	4	4
drive	ring	4	4
drive	river	3	4
drive	road	4	4
drive	rock	4	3
drive	room	4	4
drive	rose	4	4
drive	sack	4	4
drive	sand	3	3
drive	sea	2	4
drive	search	3	4
drive	sense	3	4
drive	serpent	1	1
drive	sheep	2	0
drive	ship	3	1
drive	shoe	4	4
drive	shore	4	4
drive	shoulder	4	4
drive	side	4	4
drive	sight	2	4
drive	silver	3	3
drive	snow	2	3
drive	song	3	4
drive	sorrow	2	4
drive	spot	4	4
drive	spring	3	4
drive	star	3	3
drive	step	4	4
drive	stone	4	2
drive	story	3	4
drive	stream	2	4
drive	street	4	4
drive	strength	3	4
drive	sun	2	3
drive	sword	3	1
drive	table	4	4
drive	tale	3	4
drive	tear	4	4
drive	thing	2	2
drive	thistle	4	3
drive	thought	2	3
drive	throne	4	4
drive	time	3	4
drive	tongue	4	4
drive	tooth	4	3
drive	top	4	4
drive	town	4	4
drive	tree	4	3
drive	trouble	2	4
drive	truth	3	4
drive	use	4	4
drive	village	4	4
drive	voice	3	4
drive	wall	4	4
drive	want	2	4
drive	war	2	4
drive	water	2	3
drive	way	4	4
drive	week	4	4
drive	well	4	4
drive	while	4	4
drive	wind	0	3
drive	window	4	4
drive	wine	4	4
drive	wolf	0	1
drive	wood	4	3
drive	word	3	4
drive	work	3	4
drive	world	4	4
drive	year	4	4
eat	air	4	3
eat	angel	1	3
eat	apple	4	0
eat	arm	3	2
eat	arrow	4	4
eat	baby	0	1
eat	back	4	3
eat	bag	4	3
eat	bank	4	4
eat	basket	4	3
eat	battle	4	4
eat	bear	0	1
eat	beard	4	3
eat	beast	0	1
eat	beauty	2	3
eat	bed	4	3
eat	bee	0	1
eat	being	1	2
eat	bell	4	4
eat	blood	4	2
eat	boat	4	4
eat	body	3	2
eat	book	4	3
eat	boot	4	3
eat	box	4	4
eat	boy	0	1
eat	branch	4	2
eat	bread	4	0
eat	bride	0	1
eat	bridegroom	0	1
eat	bridge	4	4
eat	brother	0	1
eat	business	4	4
eat	captain	0	1
eat	care	4	4
eat	carriage	4	4
eat	case	4	4
eat	castle	4	4
eat	cat	0	1
eat	cave	3	4
eat	chance	4	4
eat	cheese	4	0
eat	child	0	1
eat	chin	4	3
eat	church	4	4
eat	city	4	4
eat	clothes	4	3
eat	cloud	3	3
eat	coat	4	3
eat	company	1	3
eat	corner	4	4
eat	cottage	4	2
eat	country	4	4
eat	course	4	3
eat	court	3	4
eat	creature	0	1
eat	crow	0	1
eat	cry	4	4
eat	danger	4	4
eat	daughter	0	1
eat	day	4	4
eat	death	2	4
eat	deed	4	4
eat	delight	4	4
eat	dinner	4	0
eat	dish	4	1
eat	dog	0	1
eat	door	4	4
eat	dragon	0	2
eat	dream	4	4
eat	dress	4	3
eat	dust	4	3
eat	eagle	0	1
eat	ear	4	2
eat	earth	3	3
eat	egg	4	0
eat	elephant	0	2
eat	emperor	0	1
eat	end	4	4
eat	evening	4	4
eat	eye	4	2
eat	face	4	3
eat	fairy	0	2
eat	family	0	1
eat	farmer	0	1
eat	father	0	1
eat	fear	3	4
eat	feast	4	0
eat	feather	4	3
eat	fellow	0	1
eat	field	4	3
eat	fire	2	3
eat	flame	2	3
eat	floor	4	4
eat	flower	3	2
eat	folk	0	1
eat	food	4	0
eat	foot	4	2
eat	forehead	4	3
eat	forest	4	4
eat	form	4	4
eat	fox	0	1
eat	friend	0	1
eat	front	4	4
eat	garden	4	3
eat	gate	4	4
eat	gentleman	0	1
eat	giant	0	2
eat	gift	4	2
eat	girl	0	1
eat	glass	4	3
eat	gold	4	3
eat	grandfather	0	1
eat	grass	4	1
eat	grave	3	4
eat	ground	3	3
eat	guest	0	1
eat	gun	4	4
eat	hair	4	3
eat	hall	4	4
eat	hand	3	2
eat	head	3	2
eat	heap	4	2
eat	heart	3	1
eat	help	4	4
eat	hero	0	1
eat	hill	4	4
eat	hole	4	4
eat	home	4	4
eat	honey	4	0
eat	horn	4	3
eat	horse	0	1
eat	hour	4	4
eat	house	4	2
eat	husband	0	1
eat	hut	4	2
eat	instant	4	4
eat	iron	4	3
eat	island	4	4
eat	journey	4	4
eat	joy	4	4
eat	kind	4	4
eat	king	0	1
eat	kingdom	4	4
eat	kitchen	4	4
eat	knife	4	4
eat	knight	0	1
eat	lad	0	1
eat	lady	0	1
eat	lake	3	4
eat	land	4	4
eat	leaf	4	1
eat	leg	4	2
eat	length	4	4
eat	letter	4	3
eat	life	4	4
eat	light	4	4
eat	lion	0	1
eat	look	4	4
eat	love	3	4
eat	magic	3	4
eat	magician	0	1
eat	maid	0	1
eat	maiden	0	1
eat	man	0	1
eat	marriage	4	4
eat	master	0	1
eat	matter	4	4
eat	meat	4	0
eat	merchant	0	1
eat	mermaid	0	2
eat	midst	4	4
eat	mind	4	4
eat	minute	4	4
eat	moment	4	4
eat	money	4	3
eat	monkey	0	1
eat	moon	3	3
eat	morning	4	4
eat	morrow	4	4
eat	mother	0	1
eat	mountain	3	4
eat	mouse	0	1
eat	mouth	3	3
eat	name	4	4
eat	neck	4	3
eat	needle	4	3
eat	nest	4	2
eat	night	3	4
eat	noise	4	4
eat	number	4	4
eat	opinion	4	4
eat	order	4	4
eat	other	1	2
eat	pain	4	4
eat	pair	2	2
eat	palace	4	4
eat	part	3	2
eat	paw	4	2
eat	peace	4	4
eat	peasant	0	1
eat	people	0	1
eat	piece	4	0
eat	place	4	4
eat	pleasure	4	4
eat	plenty	4	1
eat	poet	0	1
eat	power	4	4
eat	prince	0	1
eat	princess	0	1
eat	queen	0	1
eat	rest	2	2
eat	right	4	4
eat	ring	4	3
eat	river	3	4
eat	road	4	4
eat	rock	4	3
eat	room	4	4
eat	rose	4	2
eat	sack	4	3
eat	sand	4	3
eat	sea	2	4
eat	search	4	4
eat	sense	4	4
eat	serpent	0	1
eat	servant	0	1
eat	ship	4	4
eat	shoe	4	3
eat	shore	4	4
eat	shoulder	4	2
eat	side	4	3
eat	sight	4	4
eat	silver	4	3
eat	sister	0	1
eat	slave	0	1
eat	snow	4	2
eat	soldier	0	1
eat	son	0	1
eat	song	4	4
eat	sorrow	3	4
eat	spot	4	4
eat	spring	4	4
eat	star	3	3
eat	step	4	4
eat	stone	3	3
eat	story	4	4
eat	stranger	0	1
eat	stream	4	4
eat	street	4	4
eat	strength	4	4
eat	subject	1	2
eat	sun	3	3
eat	sword	4	3
eat	table	4	3
eat	tale	4	4
eat	tear	4	3
eat	thing	2	1
eat	thistle	4	1
eat	thought	4	4
eat	throne	4	4
eat	time	3	4
eat	tongue	4	2
eat	tooth	4	3
eat	top	4	3
eat	town	4	4
eat	tree	3	3
eat	trouble	4	4
eat	truth	4	4
eat	use	4	4
eat	village	4	4
eat	vizir	0	1
eat	voice	4	4
eat	wall	4	3
eat	want	4	4
eat	war	3	4
eat	water	4	3
eat	way	4	4
eat	week	4	4
eat	well	4	4
eat	while	4	4
eat	wife	0	1
eat	wind	3	4
eat	window	4	4
eat	wine	4	2
eat	witch	0	2
eat	wolf	0	1
eat	woman	0	1
eat	wood	4	3
eat	word	4	3
eat	work	4	4
eat	world	3	4
eat	year	4	4
eat	youth	0	1
enter	angel	0	3
enter	animal	0	3
enter	apple	2	1
enter	arm	1	3
enter	arrow	0	3
enter	baby	0	3
enter	back	3	1
enter	bag	3	1
enter	bank	3	1
enter	basket	3	1
enter	battle	4	1
enter	bear	0	3
enter	beard	3	2
enter	beast	0	3
enter	beauty	1	3
enter	bed	4	1
enter	bee	0	3
enter	being	0	3
enter	bell	3	2
enter	bird	0	3
enter	body	2	1
enter	book	3	2
enter	boot	3	1
enter	box	3	1
enter	boy	0	3
enter	branch	2	3
enter	bread	3	3
enter	bride	0	3
enter	bridegroom	0	3
enter	bridge	4	1
enter	brother	0	3
enter	captain	0	3
enter	care	2	4
enter	case	3	2
enter	castle	4	0
enter	cat	0	3
enter	cave	4	0
enter	chance	3	4
enter	cheese	3	2
enter	child	0	3
enter	chin	3	3
enter	church	4	0
enter	city	4	0
enter	clothes	3	3
enter	cloud	2	2
enter	coat	3	3
enter	corner	4	2
enter	cottage	4	0
enter	course	4	3
enter	court	4	1
enter	creature	0	3
enter	crow	0	3
enter	cry	2	4
enter	danger	3	4
enter	daughter	0	3
enter	day	3	4
enter	death	1	4
enter	deed	4	4
enter	delight	2	4
enter	dinner	3	3
enter	dish	3	3
enter	dog	0	3
enter	door	4	1
enter	dragon	0	3
enter	dream	2	2
enter	dress	3	3
enter	duck	0	3
enter	dust	1	3
enter	eagle	0	3
enter	ear	3	1
enter	earth	3	1
enter	egg	3	2
enter	elephant	0	3
enter	emperor	0	3
enter	end	4	4
enter	evening	3	4
enter	eye	3	1
enter	face	3	3
enter	fairy	0	3
enter	family	1	3
enter	farmer	0	3
enter	father	0	3
enter	fear	1	4
enter	feast	3	2
enter	feather	3	3
enter	fellow	0	3
enter	field	4	0
enter	fire	2	1
enter	fish	0	3
enter	flame	2	2
enter	floor	4	3
enter	flower	3	1
enter	folk	0	3
enter	food	3	3
enter	foot	3	3
enter	forehead	3	3
enter	forest	4	0
enter	form	2	3
enter	fox	0	3
enter	friend	0	3
enter	front	4	3
enter	garden	4	0
enter	gate	4	0
enter	gentleman	0	3
enter	giant	0	3
enter	gift	3	4
enter	girl	0	3
enter	glass	3	2
enter	gold	3	3
enter	grandfather	0	3
enter	grass	4	1
enter	grave	4	1
enter	ground	4	1
enter	guest	0	3
enter	gun	3	3
enter	hair	3	3
enter	hall	4	0
enter	hand	3	3
enter	hare	0	3
enter	head	3	1
enter	heap	4	2
enter	heart	3	1
enter	help	3	4
enter	hero	0	3
enter	hill	4	1
enter	hole	4	0
enter	home	4	2
enter	honey	3	3
enter	horn	3	2
enter	horse	0	3
enter	hour	3	4
enter	house	4	0
enter	husband	0	3
enter	hut	4	0
enter	instant	4	4
enter	iron	3	3
enter	island	4	1
enter	journey	4	3
enter	joy	1	4
enter	kind	3	4
enter	king	0	3
enter	kingdom	4	0
enter	kitchen	4	0
enter	knife	1	3
enter	knight	0	3
enter	lad	0	3
enter	lady	0	3
enter	lake	3	1
enter	land	4	0
enter	leaf	2	3
enter	leg	3	3
enter	length	4	4
enter	letter	3	3
enter	life	2	3
enter	light	0	3
enter	lion	0	3
enter	look	3	4
enter	love	1	4
enter	magic	2	4
enter	magician	0	3
enter	maid	0	3
enter	maiden	0	3
enter	man	0	3
enter	marriage	4	2
enter	master	0	3
enter	matter	3	4
enter	meat	3	3
enter	merchant	0	3
enter	mermaid	0	3
enter	midst	4	3
enter	mind	3	1
enter	minute	4	4
enter	moment	4	4
enter	money	3	3
enter	monkey	0	3
enter	moon	2	2
enter	morning	3	4
enter	morrow	4	4
enter	mother	0	3
enter	mountain	4	1
enter	mouse	0	3
enter	mouth	3	1
enter	name	3	2
enter	neck	3	3
enter	needle	2	3
enter	nest	4	1
enter	night	3	4
enter	noise	2	4
enter	number	4	3
enter	one	0	3
enter	opinion	4	4
enter	order	4	3
enter	other	0	3
enter	pain	2	4
enter	pair	1	3
enter	palace	4	0
enter	part	3	3
enter	paw	3	3
enter	peace	2	4
enter	peasant	0	3
enter	people	0	3
enter	piece	3	3
enter	pig	0	3
enter	place	4	0
enter	pleasure	3	4
enter	plenty	4	4
enter	poet	0	3
enter	power	2	4
enter	prince	0	3
enter	princess	0	3
enter	queen	0	3
enter	rabbit	0	3
enter	rest	4	4
enter	right	4	4
enter	ring	3	2
enter	road	4	1
enter	rock	3	2
enter	room	4	0
enter	rose	3	2
enter	sack	4	1
enter	sand	3	3
enter	sea	2	1
enter	search	4	4
enter	sense	3	4
enter	serpent	0	3
enter	servant	0	3
enter	sheep	0	3
enter	shoe	3	1
enter	shore	4	2
enter	shoulder	3	3
enter	side	3	2
enter	sight	4	4
enter	silver	3	3
enter	sister	0	3
enter	slave	0	3
enter	snow	2	3
enter	soldier	0	3
enter	son	0	3
enter	song	2	4
enter	sorrow	1	4
enter	spot	4	3
enter	spring	2	2
enter	star	2	3
enter	step	4	4
enter	stone	3	2
enter	story	3	2
enter	stranger	0	3
enter	street	4	1
enter	strength	2	4
enter	subject	0	3
enter	sun	2	3
enter	sword	1	3
enter	table	4	3
enter	tale	3	2
enter	tear	3	4
enter	thing	2	3
enter	thistle	3	3
enter	thought	1	4
enter	throne	4	2
enter	time	4	4
enter	tongue	3	3
enter	tooth	3	3
enter	top	4	4
enter	town	4	0
enter	tree	3	1
enter	trouble	3	4
enter	truth	3	4
enter	use	4	4
enter	village	4	0
enter	vizir	0	3
enter	voice	2	4
enter	wall	4	2
enter	want	3	4
enter	way	4	3
enter	week	4	4
enter	well	4	1
enter	while	4	4
enter	wife	0	3
enter	wind	0	3
enter	wine	3	3
enter	witch	0	3
enter	wolf	0	3
enter	woman	0	3
enter	wood	4	0
enter	work	4	4
enter	world	4	1
enter	year	4	4
enter	youth	0	3
fall	air	2	4
fall	angel	0	4
fall	animal	0	4
fall	apple	0	4
fall	arm	0	4
fall	arrow	0	4
fall	baby	0	4
fall	back	2	4
fall	bag	0	4
fall	bank	1	4
fall	basket	0	4
fall	battle	3	4
fall	bear	0	4
fall	beard	0	4
fall	beast	0	4
fall	beauty	2	4
fall	bed	1	4
fall	bee	0	4
fall	being	1	4
fall	bell	0	4
fall	bird	0	4
fall	blood	0	4
fall	boat	1	4
fall	body	0	4
fall	book	0	4
fall	boot	0	4
fall	box	0	4
fall	boy	0	4
fall	branch	0	4
fall	bread	0	4
fall	bride	0	4
fall	bridegroom	0	4
fall	bridge	0	4
fall	brother	0	4
fall	business	3	4
fall	captain	0	4
fall	care	3	4
fall	carriage	1	4
fall	case	3	4
fall	castle	0	4
fall	cat	0	4
fall	cave	1	4
fall	chance	1	4
fall	cheese	0	4
fall	child	0	4
fall	chin	1	4
fall	church	1	4
fall	city	0	4
fall	clothes	0	4
fall	cloud	1	4
fall	coat	0	4
fall	company	2	4
fall	corner	3	4
fall	cottage	1	4
fall	country	1	4
fall	course	3	4
fall	court	2	4
fall	creature	0	4
fall	crow	0	4
fall	cry	2	4
fall	danger	2	4
fall	daughter	0	4
fall	day	2	4
fall	death	1	4
fall	deed	3	4
fall	delight	3	4
fall	dinner	2	4
fall	dish	0	4
fall	dog	0	4
fall	door	0	4
fall	dragon	0	4
fall	dream	3	4
fall	dress	0	4
fall	duck	0	4
fall	dust	0	4
fall	eagle	0	4
fall	ear	1	4
fall	earth	2	4
fall	egg	0	4
fall	elephant	0	4
fall	emperor	0	4
fall	end	3	4
fall	evening	0	4
fall	eye	0	4
fall	face	0	4
fall	fairy	0	4
fall	family	1	4
fall	farmer	0	4
fall	father	0	4
fall	fear	0	4
fall	feast	3	4
fall	feather	0	4
fall	fellow	0	4
fall	field	3	4
fall	fire	1	4
fall	fish	0	4
fall	flame	1	4
fall	floor	2	4
fall	flower	0	4
fall	folk	0	4
fall	food	0	4
fall	foot	1	4
fall	forehead	2	4
fall	forest	2	4
fall	form	2	4
fall	fox	0	4
fall	friend	0	4
fall	front	3	4
fall	garden	3	4
fall	gate	0	4
fall	gentleman	0	4
fall	giant	0	4
fall	gift	1	4
fall	girl	0	4
fall	glass	0	4
fall	gold	0	4
fall	grandfather	0	4
fall	grass	2	4
fall	grave	3	4
fall	ground	2	4
fall	guest	0	4
fall	gun	0	4
fall	hair	0	4
fall	hall	2	4
fall	hand	0	4
fall	hare	0	4
fall	head	0	4
fall	heap	1	4
fall	heart	1	4
fall	help	3	4
fall	hero	0	4
fall	hill	3	4
fall	hole	3	4
fall	home	3	4
fall	honey	0	4
fall	horn	0	4
fall	horse	0	4
fall	hour	2	4
fall	house	1	4
fall	husband	0	4
fall	hut	1	4
fall	instant	4	4
fall	iron	0	4
fall	island	3	4
fall	journey	3	4
fall	joy	2	4
fall	kind	4	4
fall	king	0	4
fall	kingdom	0	4
fall	kitchen	2	4
fall	knife	0	4
fall	knight	0	4
fall	lad	0	4
fall	lady	0	4
fall	lake	3	4
fall	land	2	4
fall	leaf	0	4
fall	leg	1	4
fall	length	4	4
fall	letter	0	4
fall	life	3	4
fall	light	0	4
fall	lion	0	4
fall	look	1	4
fall	love	2	4
fall	magic	1	4
fall	magician	0	4
fall	maid	0	4
fall	maiden	0	4
fall	man	0	4
fall	marriage	3	4
fall	master	0	4
fall	matter	3	4
fall	meat	0	4
fall	merchant	0	4
fall	mermaid	0	4
fall	midst	4	4
fall	mind	3	4
fall	minute	3	4
fall	moment	3	4
fall	money	0	4
fall	monkey	0	4
fall	moon	1	4
fall	morning	2	4
fall	morrow	3	4
fall	mother	0	4
fall	mountain	2	4
fall	mouse	0	4
fall	mouth	1	4
fall	name	2	4
fall	neck	2	4
fall	needle	0	4
fall	nest	0	4
fall	night	0	4
fall	noise	2	4
fall	number	3	4
fall	one	0	4
fall	opinion	3	4
fall	order	3	4
fall	other	0	4
fall	pain	3	4
fall	pair	1	4
fall	palace	1	4
fall	part	1	4
fall	paw	1	4
fall	peace	1	4
fall	peasant	0	4
fall	people	0	4
fall	piece	0	4
fall	pig	0	4
fall	place	3	4
fall	pleasure	3	4
fall	plenty	3	4
fall	poet	0	4
fall	power	2	4
fall	prince	0	4
fall	princess	0	4
fall	queen	0	4
fall	rabbit	0	4
fall	rest	2	4
fall	right	3	4
fall	ring	0	4
fall	river	2	4
fall	road	3	4
fall	rock	0	4
fall	room	2	4
fall	rose	0	4
fall	sack	0	4
fall	sand	0	4
fall	sea	3	4
fall	search	4	4
fall	sense	3	4
fall	serpent	0	4
fall	servant	0	4
fall	sheep	0	4
fall	ship	1	4
fall	shoe	0	4
fall	shore	3	4
fall	shoulder	1	4
fall	side	3	4
fall	sight	2	4
fall	silver	0	4
fall	sister	0	4
fall	slave	0	4
fall	snow	0	4
fall	soldier	0	4
fall	son	0	4
fall	song	2	4
fall	sorrow	1	4
fall	spot	3	4
fall	spring	2	4
fall	star	0	4
fall	step	3	4
fall	stone	0	4
fall	story	3	4
fall	stranger	0	4
fall	stream	2	4
fall	street	3	4
fall	strength	3	4
fall	subject	2	4
fall	sun	1	4
fall	sword	0	4
fall	table	1	4
fall	tale	3	4
fall	tear	0	4
fall	thing	0	4
fall	thistle	0	4
fall	thought	3	4
fall	throne	1	4
fall	time	3	4
fall	tongue	2	4
fall	tooth	0	4
fall	top	2	4
fall	town	1	4
fall	tree	0	4
fall	trouble	2	4
fall	truth	3	4
fall	use	4	4
fall	village	2	4
fall	vizir	0	4
fall	voice	1	4
fall	wall	0	4
fall	want	4	4
fall	war	2	4
fall	water	0	4
fall	way	4	4
fall	week	3	4
fall	well	3	4
fall	while	4	4
fall	wife	0	4
fall	wind	1	4
fall	window	1	4
fall	wine	1	4
fall	witch	0	4
fall	wolf	0	4
fall	woman	0	4
fall	wood	2	4
fall	word	1	4
fall	work	3	4
fall	world	2	4
fall	year	3	4
fall	youth	0	4
feel	air	3	0
feel	angel	0	1
feel	apple	3	0
feel	arrow	3	0
feel	back	3	0
feel	bag	3	0
feel	bank	3	1
feel	basket	3	0
feel	battle	3	2
feel	bear	0	1
feel	beard	3	0
feel	beast	0	1
feel	beauty	1	1
feel	bed	3	0
feel	being	0	1
feel	bell	3	0
feel	blood	3	0
feel	boat	3	1
feel	book	3	1
feel	boot	3	0
feel	box	3	0
feel	boy	0	1
feel	branch	3	0
feel	bread	3	0
feel	bride	0	1
feel	bridegroom	0	1
feel	bridge	3	1
feel	brother	0	1
feel	business	4	2
feel	captain	0	1
feel	care	4	1
feel	carriage	3	1
feel	case	4	3
feel	castle	3	2
feel	cave	3	1
feel	chance	4	3
feel	cheese	3	0
feel	chin	3	0
feel	church	3	2
feel	city	3	2
feel	clothes	3	0
feel	cloud	2	2
feel	coat	3	0
feel	company	2	2
feel	corner	4	1
feel	cottage	3	2
feel	country	3	2
feel	course	4	4
feel	court	2	3
feel	creature	0	1
feel	crow	0	1
feel	cry	4	2
feel	danger	4	0
feel	daughter	0	1
feel	day	4	3
feel	death	1	0
feel	deed	4	3
feel	delight	4	0
feel	dinner	4	2
feel	dish	3	1
feel	door	3	0
feel	dragon	0	1
feel	dream	4	2
feel	dress	3	0
feel	duck	0	1
feel	dust	3	0
feel	eagle	0	1
feel	ear	3	0
feel	earth	2	0
feel	egg	3	0
feel	elephant	0	1
feel	emperor	0	1
feel	end	4	2
feel	evening	4	2
feel	eye	3	1
feel	face	3	0
feel	fairy	0	1
feel	family	1	2
feel	farmer	0	1
feel	father	0	1
feel	fear	4	0
feel	feast	4	3
feel	feather	3	0
feel	fellow	0	1
feel	field	3	2
feel	fire	3	0
feel	flame	3	0
feel	floor	3	0
feel	flower	2	0
feel	folk	0	2
feel	food	3	1
feel	forehead	3	0
feel	forest	2	2
feel	form	3	1
feel	fox	0	1
feel	friend	0	1
feel	front	4	3
feel	garden	3	2
feel	gate	3	1
feel	gentleman	0	1
feel	giant	0	1
feel	gift	3	1
feel	girl	0	1
feel	glass	3	0
feel	gold	3	0
feel	grandfather	0	1
feel	grass	3	0
feel	grave	3	2
feel	ground	3	0
feel	guest	0	1
feel	gun	3	1
feel	hair	3	0
feel	hall	3	3
feel	hare	0	1
feel	head	3	0
feel	heap	3	1
feel	help	4	2
feel	hero	0	1
feel	hill	3	2
feel	hole	3	1
feel	home	4	3
feel	honey	3	1
feel	horn	3	0
feel	hour	4	3
feel	house	3	2
feel	husband	0	1
feel	hut	3	2
feel	instant	4	4
feel	iron	3	0
feel	island	3	2
feel	journey	4	3
feel	joy	4	0
feel	kind	4	4
feel	king	0	1
feel	kingdom	3	3
feel	kitchen	3	3
feel	knife	3	0
feel	knight	0	1
feel	lad	0	1
feel	lady	0	1
feel	lake	3	2
feel	land	3	2
feel	leaf	3	0
feel	length	4	3
feel	letter	3	1
feel	life	4	1
feel	light	4	1
feel	lion	0	1
feel	look	4	2
feel	love	4	0
feel	magic	3	0
feel	magician	0	1
feel	maid	0	1
feel	maiden	0	1
feel	man	0	1
feel	marriage	4	3
feel	master	0	1
feel	matter	4	4
feel	meat	3	1
feel	merchant	0	1
feel	mermaid	0	1
feel	midst	4	4
feel	mind	2	3
feel	minute	4	4
feel	moment	4	4
feel	money	3	1
feel	monkey	0	1
feel	moon	1	3
feel	morning	4	2
feel	morrow	4	4
feel	mother	0	1
feel	mountain	3	2
feel	mouse	0	1
feel	mouth	3	0
feel	name	4	4
feel	neck	3	0
feel	needle	3	0
feel	nest	3	1
feel	night	4	2
feel	noise	4	2
feel	number	4	4
feel	one	0	2
feel	opinion	4	4
feel	order	4	4
feel	other	0	2
feel	pain	4	0
feel	pair	2	3
feel	palace	3	3
feel	part	4	3
feel	paw	3	0
feel	peace	4	0
feel	peasant	0	1
feel	people	0	2
feel	piece	4	2
feel	pig	0	1
feel	place	4	3
feel	pleasure	4	0
feel	plenty	4	4
feel	poet	0	1
feel	power	3	0
feel	prince	0	1
feel	princess	0	1
feel	queen	0	1
feel	rest	4	3
feel	right	4	3
feel	ring	3	0
feel	river	2	1
feel	road	3	1
feel	rock	3	0
feel	room	3	3
feel	rose	2	0
feel	sack	3	0
feel	sand	3	0
feel	sea	2	1
feel	search	4	4
feel	sense	4	2
feel	serpent	0	1
feel	servant	0	1
feel	ship	3	1
feel	shoe	3	0
feel	shore	3	2
feel	shoulder	3	0
feel	side	3	1
feel	sight	4	3
feel	silver	3	0
feel	sister	0	1
feel	slave	0	1
feel	snow	3	0
feel	soldier	0	1
feel	son	0	1
feel	song	4	3
feel	sorrow	4	0
feel	spot	4	2
feel	spring	3	2
feel	star	1	3
feel	step	4	2
feel	stone	3	0
feel	story	4	3
feel	stranger	0	1
feel	stream	2	0
feel	street	3	2
feel	strength	4	0
feel	subject	1	2
feel	sun	1	0
feel	sword	3	0
feel	table	3	0
feel	tale	4	3
feel	tear	3	0
feel	thing	3	1
feel	thistle	3	0
feel	thought	4	3
feel	throne	3	1
feel	time	4	3
feel	tongue	3	0
feel	tooth	3	0
feel	top	4	2
feel	town	3	3
feel	tree	2	1
feel	trouble	4	1
feel	truth	4	1
feel	use	4	4
feel	village	3	3
feel	vizir	0	1
feel	voice	4	3
feel	wall	3	0
feel	want	4	0
feel	war	4	2
feel	water	3	0
feel	way	4	2
feel	week	4	4
feel	well	3	1
feel	while	4	4
feel	wife	0	1
feel	wind	1	0
feel	window	3	1
feel	wine	3	1
feel	witch	0	1
feel	wolf	0	1
feel	woman	0	1
feel	wood	2	0
feel	word	4	3
feel	work	4	2
feel	world	2	3
feel	year	4	4
feel	youth	0	1
fill	air	0	0
fill	angel	0	3
fill	animal	0	2
fill	apple	0	3
fill	arm	2	1
fill	arrow	1	3
fill	baby	2	3
fill	back	3	3
fill	bag	2	0
fill	bank	3	2
fill	basket	2	0
fill	battle	3	3
fill	bear	0	3
fill	beard	2	3
fill	beast	0	3
fill	beauty	1	3
fill	bed	2	2
fill	bee	0	3
fill	being	1	3
fill	bell	2	3
fill	bird	0	3
fill	blood	0	3
fill	boat	1	0
fill	body	2	1
fill	boot	2	1
fill	box	2	0
fill	boy	0	3
fill	branch	2	3
fill	bread	1	3
fill	bride	0	3
fill	bridegroom	0	3
fill	bridge	3	3
fill	brother	0	3
fill	business	2	3
fill	captain	0	3
fill	care	1	3
fill	carriage	2	0
fill	case	3	1
fill	castle	3	0
fill	cat	0	3
fill	cave	3	0
fill	chance	3	3
fill	cheese	2	3
fill	child	0	3
fill	chin	3	3
fill	church	3	0
fill	city	3	0
fill	clothes	2	2
fill	cloud	0	3
fill	coat	2	2
fill	company	1	3
fill	corner	3	2
fill	cottage	3	0
fill	country	3	1
fill	course	3	3
fill	court	1	1
fill	creature	0	3
fill	crow	0	3
fill	cry	0	3
fill	danger	2	3
fill	daughter	0	3
fill	day	2	1
fill	death	2	3
fill	deed	2	3
fill	delight	0	3
fill	dinner	2	3
fill	dish	2	0
fill	dog	0	3
fill	door	3	2
fill	dragon	0	3
fill	dream	1	3
fill	dress	2	3
fill	duck	0	3
fill	dust	0	3
fill	eagle	0	3
fill	ear	3	1
fill	earth	2	1
fill	egg	2	2
fill	elephant	0	3
fill	emperor	0	3
fill	end	4	3
fill	evening	2	2
fill	eye	2	0
fill	face	3	3
fill	fairy	0	3
fill	family	0	3
fill	farmer	0	3
fill	father	0	3
fill	fear	0	3
fill	feast	2	3
fill	feather	1	3
fill	fellow	0	3
fill	field	3	1
fill	fire	1	2
fill	fish	0	3
fill	flame	1	3
fill	floor	3	2
fill	flower	0	3
fill	folk	0	3
fill	food	0	3
fill	foot	3	3
fill	forehead	3	3
fill	forest	2	2
fill	form	3	3
fill	fox	0	3
fill	friend	0	3
fill	front	4	3
fill	garden	3	1
fill	gate	3	3
fill	gentleman	0	3
fill	giant	0	3
fill	gift	1	3
fill	girl	0	3
fill	glass	2	0
fill	gold	0	3
fill	grandfather	0	3
fill	grass	2	3
fill	grave	3	1
fill	ground	3	2
fill	guest	0	3
fill	gun	2	2
fill	hair	2	3
fill	hall	3	0
fill	hand	2	0
fill	hare	0	3
fill	head	3	0
fill	heap	2	2
fill	heart	2	0
fill	help	3	3
fill	hero	0	3
fill	hill	3	3
fill	hole	3	0
fill	home	3	1
fill	honey	0	3
fill	horn	2	1
fill	horse	0	3
fill	hour	2	1
fill	house	3	0
fill	husband	0	3
fill	hut	3	0
fill	instant	4	3
fill	iron	2	3
fill	island	3	3
fill	journey	3	3
fill	joy	0	3
fill	kind	4	4
fill	king	0	3
fill	kingdom	3	1
fill	kitchen	3	1
fill	knife	3	3
fill	knight	0	3
fill	lad	0	3
fill	lady	0	3
fill	lake	2	1
fill	land	3	1
fill	leaf	1	3
fill	leg	3	3
fill	length	4	4
fill	letter	2	3
fill	life	2	2
fill	light	0	3
fill	lion	0	3
fill	look	2	3
fill	love	0	3
fill	magic	0	3
fill	magician	0	3
fill	maid	0	3
fill	maiden	0	3
fill	man	0	3
fill	marriage	3	3
fill	master	0	3
fill	matter	4	4
fill	meat	1	3
fill	merchant	0	3
fill	mermaid	0	3
fill	midst	4	4
fill	mind	3	1
fill	minute	3	2
fill	moment	3	2
fill	money	0	3
fill	monkey	0	3
fill	moon	2	3
fill	morning	2	2
fill	morrow	3	3
fill	mother	0	3
fill	mountain	3	3
fill	mouse	0	3
fill	mouth	2	0
fill	name	3	4
fill	neck	3	3
fill	needle	3	3
fill	nest	2	1
fill	night	2	2
fill	noise	0	3
fill	number	3	4
fill	one	0	3
fill	opinion	3	4
fill	order	3	2
fill	other	0	3
fill	pain	1	3
fill	pair	1	3
fill	palace	3	0
fill	part	3	3
fill	paw	3	2
fill	peace	1	3
fill	peasant	0	3
fill	people	0	3
fill	piece	2	3
fill	pig	0	3
fill	place	4	1
fill	pleasure	1	3
fill	plenty	2	4
fill	poet	0	3
fill	power	1	3
fill	prince	0	3
fill	princess	0	3
fill	queen	0	3
fill	rabbit	0	3
fill	rest	3	3
fill	right	4	4
fill	ring	3	3
fill	river	2	2
fill	road	3	2
fill	rock	3	3
fill	room	3	0
fill	rose	1	3
fill	sack	2	0
fill	sand	0	3
fill	sea	2	2
fill	search	4	4
fill	sense	2	4
fill	serpent	0	3
fill	servant	0	3
fill	sheep	0	3
fill	ship	2	0
fill	shoe	3	1
fill	shore	3	3
fill	shoulder	3	3
fill	side	4	4
fill	sight	2	3
fill	silver	0	3
fill	sister	0	3
fill	slave	0	3
fill	snow	0	3
fill	soldier	0	3
fill	son	0	3
fill	song	0	3
fill	sorrow	0	3
fill	spot	4	3
fill	spring	1	2
fill	star	0	3
fill	step	4	4
fill	stone	1	3
fill	story	2	3
fill	stranger	0	3
fill	stream	1	3
fill	street	3	2
fill	strength	1	3
fill	subject	0	3
fill	sun	1	3
fill	sword	3	3
fill	table	3	2
fill	tale	2	3
fill	tear	0	3
fill	thistle	1	3
fill	thought	0	3
fill	throne	3	3
fill	time	3	2
fill	tongue	3	3
fill	tooth	3	3
fill	top	4	3
fill	town	3	1
fill	tree	2	3
fill	trouble	2	3
fill	truth	2	3
fill	use	4	4
fill	village	3	1
fill	vizir	0	3
fill	voice	1	3
fill	wall	3	3
fill	want	3	3
fill	war	3	3
fill	water	0	3
fill	way	4	4
fill	week	3	2
fill	well	3	1
fill	while	4	4
fill	wife	0	3
fill	wind	1	3
fill	window	3	3
fill	wine	0	3
fill	witch	0	3
fill	wolf	0	3
fill	woman	0	3
fill	wood	2	2
fill	word	2	3
fill	work	2	3
fill	world	3	2
fill	year	3	2
fill	youth	0	3
find	air	3	1
find	angel	0	1
find	apple	3	0
find	arm	2	1
find	back	3	2
find	bag	3	0
find	bank	3	1
find	basket	3	0
find	battle	2	2
find	beard	3	1
find	beauty	2	1
find	bed	3	0
find	bell	3	0
find	blood	3	0
find	boat	2	0
find	body	3	0
find	book	3	0
find	boot	3	0
find	box	3	0
find	branch	3	0
find	bread	3	0
find	bridge	3	0
find	care	3	2
find	carriage	3	0
find	case	4	2
find	castle	3	0
find	cave	3	0
find	chance	3	1
find	cheese	3	0
find	chin	3	2
find	city	3	0
find	clothes	3	0
find	cloud	3	2
find	coat	3	0
find	corner	4	0
find	cottage	3	0
find	course	4	2
find	cry	3	2
find	danger	1	1
find	day	1	2
find	death	1	0
find	deed	3	2
find	delight	3	1
find	dinner	3	0
find	dish	3	0
find	door	3	0
find	dragon	0	0
find	dream	2	2
find	dress	3	0
find	dust	3	1
find	ear	2	1
find	earth	3	1
find	egg	3	0
find	end	3	1
find	evening	1	3
find	face	3	1
find	fairy	0	0
find	fear	2	2
find	feast	3	1
find	feather	3	0
find	field	3	0
find	fire	2	0
find	flame	2	1
find	floor	3	1
find	flower	3	0
find	food	3	0
find	forehead	3	2
find	forest	3	0
find	form	3	2
find	front	4	3
find	garden	3	0
find	gate	3	0
find	giant	0	0
find	gift	3	0
find	glass	3	0
find	gold	3	0
find	grass	3	0
find	grave	3	0
find	ground	3	1
find	gun	3	0
find	hair	3	0
find	hall	3	0
find	head	3	1
find	heap	3	0
find	heart	1	1
find	help	2	0
find	hill	3	0
find	hole	3	0
find	home	3	0
find	honey	3	0
find	horn	3	0
find	hour	2	2
find	house	3	0
find	hut	3	0
find	instant	4	3
find	iron	3	0
find	island	3	0
find	journey	3	2
find	joy	2	0
find	kind	4	3
find	kingdom	3	1
find	kitchen	3	0
find	knife	3	0
find	lake	3	0
find	land	3	0
find	leaf	3	0
find	leg	3	1
find	length	4	3
find	letter	3	0
find	life	3	1
find	light	2	0
find	look	4	3
find	love	1	0
find	magic	2	0
find	marriage	3	2
find	matter	4	2
find	meat	3	0
find	mermaid	0	0
find	midst	4	4
find	mind	1	2
find	minute	3	2
find	moment	3	1
find	money	3	0
find	moon	2	2
find	morning	1	3
find	morrow	2	3
find	mountain	3	0
find	name	3	0
find	neck	3	2
find	needle	3	0
find	nest	3	0
find	night	1	3
find	noise	3	2
find	number	4	2
find	opinion	4	3
find	order	4	2
find	pain	2	2
find	pair	3	0
find	palace	3	0
find	part	4	1
find	paw	2	1
find	peace	3	0
find	piece	3	0
find	place	3	0
find	pleasure	3	1
find	plenty	4	1
find	power	3	1
find	rest	4	0
find	right	4	2
find	ring	3	0
find	river	3	0
find	road	3	0
find	rock	3	0
find	room	3	0
find	rose	3	0
find	sack	3	0
find	sand	3	0
find	sea	3	1
find	search	2	3
find	sense	3	2
find	ship	2	0
find	shoe	3	0
find	shore	3	0
find	shoulder	3	2
find	side	4	2
find	sight	3	2
find	silver	3	0
find	snow	3	1
find	song	3	1
find	sorrow	2	2
find	spot	4	0
find	spring	3	0
find	star	2	1
find	step	3	2
find	stone	3	0
find	story	3	1
find	stream	3	0
find	street	3	0
find	strength	3	0
find	sun	2	2
find	sword	3	0
find	table	3	0
find	tale	3	1
find	tear	3	1
find	thing	3	0
find	thistle	3	0
find	thought	3	2
find	throne	3	0
find	time	2	1
find	tongue	2	2
find	tooth	3	1
find	top	4	1
find	town	3	0
find	tree	3	0
find	truth	2	0
find	use	4	1
find	village	3	0
find	voice	2	1
find	wall	3	0
find	want	3	3
find	war	3	2
find	way	4	0
find	week	3	3
find	well	3	0
find	while	4	3
find	wind	1	2
find	window	3	0
find	wine	3	0
find	wood	3	0
find	word	2	1
find	work	3	0
find	world	3	1
find	year	2	3
fly	air	2	3
fly	angel	0	2
fly	animal	1	2
fly	apple	1	2
fly	arm	2	3
fly	arrow	0	2
fly	back	3	4
fly	bag	1	2
fly	bank	4	4
fly	basket	1	2
fly	battle	3	4
fly	bear	2	3
fly	beard	2	3
fly	beast	1	2
fly	beauty	3	4
fly	bed	1	2
fly	bee	0	2
fly	being	1	3
fly	bell	2	3
fly	bird	0	1
fly	blood	1	3
fly	boat	1	1
fly	body	2	3
fly	book	1	2
fly	boot	1	2
fly	box	1	2
fly	branch	1	3
fly	bread	2	3
fly	bridge	2	3
fly	business	4	4
fly	care	3	4
fly	carriage	1	1
fly	case	3	4
fly	castle	1	2
fly	cat	1	2
fly	cave	3	4
fly	chance	3	4
fly	cheese	2	3
fly	chin	3	4
fly	church	2	3
fly	city	2	3
fly	clothes	1	2
fly	cloud	0	2
fly	coat	1	2
fly	company	2	3
fly	corner	4	4
fly	cottage	1	3
fly	country	3	1
fly	course	3	4
fly	court	2	3
fly	creature	0	2
fly	crow	0	1
fly	cry	2	4
fly	danger	3	2
fly	day	1	4
fly	death	2	2
fly	deed	3	4
fly	delight	3	4
fly	dinner	3	4
fly	dish	1	2
fly	dog	1	2
fly	door	1	3
fly	dragon	0	1
fly	dream	1	3
fly	dress	1	2
fly	duck	0	1
fly	dust	0	3
fly	eagle	0	1
fly	ear	2	3
fly	earth	3	4
fly	egg	1	2
fly	elephant	1	2
fly	end	3	4
fly	evening	1	4
fly	eye	2	3
fly	face	2	3
fly	fairy	0	2
fly	fear	2	3
fly	feast	2	3
fly	feather	0	2
fly	field	3	4
fly	fire	1	3
fly	fish	1	2
fly	flame	1	3
fly	floor	3	4
fly	flower	1	3
fly	food	2	3
fly	foot	1	3
fly	forehead	3	4
fly	forest	3	3
fly	form	1	3
fly	fox	1	2
fly	front	4	4
fly	garden	3	4
fly	gate	2	3
fly	giant	1	2
fly	gift	1	3
fly	glass	1	2
fly	gold	1	3
fly	grass	2	3
fly	grave	3	4
fly	ground	4	4
fly	gun	2	3
fly	hair	1	3
fly	hall	3	4
fly	hand	1	3
fly	hare	1	2
fly	head	1	3
fly	heap	2	3
fly	heart	1	3
fly	help	1	3
fly	hill	3	4
fly	hole	4	4
fly	home	2	3
fly	honey	3	4
fly	horn	1	2
fly	horse	1	1
fly	hour	1	4
fly	house	1	3
fly	hut	1	3
fly	instant	1	4
fly	iron	2	3
fly	island	2	3
fly	journey	2	3
fly	joy	2	4
fly	kind	3	4
fly	kingdom	3	3
fly	kitchen	3	4
fly	knife	1	2
fly	lake	3	4
fly	land	3	3
fly	leaf	0	2
fly	leg	2	3
fly	length	4	4
fly	letter	1	2
fly	life	1	3
fly	light	1	3
fly	lion	1	2
fly	look	2	4
fly	love	1	4
fly	magic	1	3
fly	magician	0	2
fly	marriage	3	4
fly	matter	3	4
fly	meat	2	3
fly	mermaid	1	2
fly	midst	4	4
fly	mind	1	4
fly	minute	1	4
fly	moment	1	4
fly	money	1	3
fly	monkey	1	2
fly	moon	1	3
fly	morning	1	4
fly	morrow	2	4
fly	mountain	3	4
fly	mouse	1	2
fly	mouth	3	4
fly	name	2	4
fly	neck	3	4
fly	needle	1	2
fly	nest	2	3
fly	night	1	4
fly	noise	2	4
fly	number	4	4
fly	one	1	3
fly	opinion	3	4
fly	order	3	4
fly	other	1	3
fly	pain	2	4
fly	pair	1	2
fly	palace	1	3
fly	part	2	3
fly	paw	2	3
fly	peace	3	4
fly	piece	1	2
fly	pig	1	2
fly	place	3	4
fly	pleasure	3	4
fly	plenty	4	4
fly	power	2	4
fly	rabbit	1	2
fly	rest	3	4
fly	right	4	4
fly	ring	1	2
fly	river	3	4
fly	road	4	4
fly	rock	2	3
fly	room	3	4
fly	rose	1	3
fly	sack	1	2
fly	sand	1	3
fly	sea	3	4
fly	search	3	4
fly	sense	3	4
fly	serpent	1	2
fly	sheep	1	2
fly	ship	1	1
fly	shoe	1	2
fly	shore	4	4
fly	shoulder	3	4
fly	side	4	4
fly	sight	3	4
fly	silver	2	3
fly	slave	1	2
fly	snow	0	3
fly	song	1	3
fly	sorrow	2	4
fly	spot	4	4
fly	spring	2	4
fly	star	1	3
fly	step	3	4
fly	stone	1	2
fly	story	2	3
fly	stream	3	4
fly	street	4	4
fly	strength	3	4
fly	subject	2	3
fly	sun	1	3
fly	sword	1	2
fly	table	1	2
fly	tale	2	3
fly	tear	2	4
fly	thing	1	2
fly	thistle	1	3
fly	thought	1	4
fly	throne	1	2
fly	time	0	4
fly	tongue	2	3
fly	tooth	2	3
fly	top	3	2
fly	town	3	3
fly	tree	2	3
fly	trouble	2	3
fly	truth	2	4
fly	use	4	4
fly	village	3	4
fly	voice	1	4
fly	wall	3	4
fly	want	4	4
fly	war	3	4
fly	water	1	3
fly	way	4	4
fly	week	1	4
fly	well	3	4
fly	while	4	4
fly	wind	0	3
fly	window	2	3
fly	wine	2	4
fly	witch	0	2
fly	wolf	1	2
fly	wood	1	3
fly	word	1	4
fly	work	3	4
fly	world	2	4
fly	year	1	4
fly	youth	1	3
follow	air	2	3
follow	angel	0	0
follow	apple	2	1
follow	arm	3	2
follow	arrow	2	0
follow	back	4	3
follow	bag	2	2
follow	bank	3	1
follow	basket	2	2
follow	battle	1	2
follow	beard	3	3
follow	beauty	2	2
follow	bed	3	3
follow	bell	3	1
follow	blood	2	1
follow	body	3	2
follow	book	3	1
follow	boot	2	2
follow	box	2	2
follow	branch	3	2
follow	bread	3	1
follow	bridge	4	2
follow	business	3	2
follow	care	3	3
follow	castle	4	3
follow	cave	4	2
follow	chance	3	3
follow	cheese	3	2
follow	chin	4	4
follow	church	4	3
follow	city	4	3
follow	clothes	3	3
follow	cloud	1	1
follow	coat	3	3
follow	corner	4	3
follow	cottage	4	3
follow	country	4	3
follow	course	4	1
follow	court	1	2
follow	cry	1	1
follow	danger	1	3
follow	day	0	2
follow	death	1	2
follow	deed	2	2
follow	delight	2	3
follow	dinner	1	3
follow	dish	2	2
follow	door	4	3
follow	dragon	0	0
follow	dream	1	1
follow	dress	3	3
follow	dust	2	2
follow	ear	4	3
follow	earth	4	3
follow	egg	3	2
follow	end	2	2
follow	evening	0	3
follow	face	3	2
follow	fairy	0	0
follow	fear	1	3
follow	feast	1	3
follow	feather	2	0
follow	field	4	3
follow	fire	2	2
follow	flame	2	1
follow	floor	4	4
follow	flower	3	2
follow	food	3	2
follow	foot	3	2
follow	forehead	4	4
follow	forest	4	3
follow	form	2	2
follow	front	4	4
follow	garden	4	3
follow	gate	4	3
follow	giant	0	0
follow	gift	3	3
follow	glass	3	3
follow	gold	3	2
follow	grass	4	3
follow	grave	4	3
follow	ground	4	3
follow	gun	3	3
follow	hair	3	2
follow	hall	4	3
follow	hand	3	2
follow	head	2	2
follow	heap	4	3
follow	help	2	3
follow	hill	4	3
follow	hole	4	3
follow	home	4	3
follow	honey	3	2
follow	horn	3	1
follow	hour	1	3
follow	house	3	3
follow	hut	2	3
follow	instant	2	4
follow	iron	3	3
follow	island	4	4
follow	journey	2	3
follow	joy	1	3
follow	kind	4	4
follow	kingdom	4	3
follow	kitchen	4	4
follow	knife	3	3
follow	lake	4	3
follow	land	4	3
follow	leaf	2	2
follow	leg	3	3
follow	length	4	4
follow	letter	2	2
follow	life	2	3
follow	look	2	3
follow	love	2	2
follow	magic	2	2
follow	magician	0	0
follow	marriage	1	3
follow	matter	3	3
follow	meat	3	3
follow	mermaid	0	0
follow	midst	4	4
follow	mind	3	2
follow	minute	1	4
follow	moment	1	4
follow	moon	1	1
follow	morning	0	3
follow	morrow	1	4
follow	mountain	4	3
follow	mouth	4	3
follow	name	2	3
follow	neck	4	4
follow	needle	2	2
follow	nest	4	3
follow	night	0	3
follow	noise	1	1
follow	number	3	3
follow	opinion	3	2
follow	pain	1	3
follow	palace	4	4
follow	part	3	3
follow	paw	3	2
follow	peace	1	3
follow	piece	3	3
follow	place	4	3
follow	pleasure	2	3
follow	plenty	2	3
follow	power	2	3
follow	rest	1	3
follow	right	3	3
follow	ring	2	1
follow	rock	3	3
follow	room	4	4
follow	rose	3	2
follow	sack	2	3
follow	sand	3	3
follow	sea	3	3
follow	search	2	3
follow	sense	3	2
follow	shoe	2	2
follow	shoulder	4	4
follow	side	4	3
follow	sight	3	3
follow	silver	3	3
follow	snow	1	3
follow	song	1	0
follow	sorrow	1	3
follow	spot	4	3
follow	spring	1	2
follow	star	1	0
follow	stone	2	1
follow	street	4	1
follow	strength	3	3
follow	sword	2	3
follow	table	3	3
follow	tear	2	3
follow	thing	1	1
follow	thistle	3	3
follow	throne	4	4
follow	time	2	3
follow	tongue	4	3
follow	tooth	4	4
follow	top	4	4
follow	town	4	3
follow	tree	3	3
follow	trouble	1	3
follow	truth	2	1
follow	use	4	4
follow	village	4	3
follow	voice	2	0
follow	wall	4	2
follow	want	2	3
follow	war	1	3
follow	way	3	0
follow	week	1	4
follow	well	4	3
follow	while	4	4
follow	window	4	4
follow	wine	3	3
follow	witch	0	0
follow	wood	4	3
follow	work	2	3
follow	world	3	3
follow	year	0	4
forget	air	3	1
forget	angel	0	0
forget	apple	3	0
forget	arm	3	1
forget	arrow	3	0
forget	back	3	2
forget	bag	3	0
forget	bank	2	0
forget	basket	3	0
forget	battle	3	0
forget	beard	3	1
forget	beast	0	0
forget	beauty	1	0
forget	bed	3	0
forget	bee	0	0
forget	being	0	1
forget	bell	3	0
forget	bird	0	0
forget	blood	2	1
forget	boat	3	0
forget	body	2	1
forget	book	3	0
forget	boot	3	0
forget	box	3	0
forget	branch	3	1
forget	bread	3	0
forget	bridge	3	0
forget	business	3	0
forget	care	2	0
forget	carriage	3	0
forget	case	3	0
forget	castle	2	0
forget	cave	2	0
forget	chance	3	1
forget	cheese	3	0
forget	chin	3	2
forget	church	2	0
forget	city	1	0
forget	clothes	3	0
forget	cloud	2	0
forget	coat	3	0
forget	corner	3	1
forget	cottage	3	0
forget	country	1	0
forget	course	3	1
forget	cry	3	0
forget	danger	3	0
forget	day	3	0
forget	death	2	0
forget	deed	3	0
forget	delight	3	0
forget	dinner	3	0
forget	dish	3	0
forget	door	2	0
forget	dragon	0	0
forget	dream	2	0
forget	dress	3	0
forget	duck	0	0
forget	dust	4	1
forget	eagle	0	0
forget	ear	3	1
forget	earth	2	0
forget	egg	3	0
forget	end	3	0
forget	evening	3	0
forget	eye	2	1
forget	face	2	0
forget	fairy	0	0
forget	fear	2	0
forget	feast	3	0
forget	feather	3	0
forget	field	3	0
forget	fire	2	0
forget	fish	0	0
forget	flame	3	1
forget	floor	3	1
forget	flower	1	0
forget	food	3	0
forget	foot	3	1
forget	forehead	3	2
forget	forest	1	0
forget	form	3	0
forget	front	4	2
forget	garden	2	0
forget	gate	3	0
forget	giant	0	0
forget	gift	3	0
forget	glass	3	0
forget	gold	3	0
forget	grass	2	0
forget	grave	2	0
forget	ground	3	1
forget	gun	3	0
forget	hair	3	1
forget	hall	3	0
forget	hand	2	0
forget	hare	0	0
forget	head	2	1
forget	heap	3	1
forget	heart	1	0
forget	help	3	0
forget	hill	2	0
forget	hole	3	0
forget	home	2	0
forget	honey	3	0
forget	horn	3	0
forget	hour	3	0
forget	house	2	0
forget	hut	3	0
forget	instant	3	1
forget	iron	3	0
forget	island	2	0
forget	journey	3	0
forget	joy	3	0
forget	kind	3	2
forget	kingdom	1	0
forget	kitchen	3	0
forget	knife	3	0
forget	lake	2	0
forget	land	1	0
forget	leaf	3	1
forget	leg	3	1
forget	length	4	2
forget	letter	3	0
forget	life	2	0
forget	light	3	1
forget	look	3	0
forget	love	2	0
forget	magic	2	0
forget	marriage	3	0
forget	matter	3	0
forget	meat	3	0
forget	mermaid	0	0
forget	midst	4	4
forget	mind	1	0
forget	minute	3	1
forget	moment	3	0
forget	money	3	0
forget	moon	1	0
forget	morning	3	0
forget	morrow	3	1
forget	mountain	1	0
forget	mouth	3	1
forget	name	3	0
forget	neck	3	2
forget	needle	3	0
forget	nest	3	0
forget	night	2	0
forget	noise	3	0
forget	number	3	0
forget	opinion	3	0
forget	order	3	0
forget	pain	2	0
forget	pair	3	1
forget	palace	2	0
forget	part	3	0
forget	paw	3	1
forget	peace	3	0
forget	piece	3	1
forget	place	2	0
forget	pleasure	3	0
forget	plenty	4	2
forget	power	3	0
forget	rest	3	1
forget	right	3	1
forget	ring	3	0
forget	river	1	0
forget	road	2	0
forget	rock	2	0
forget	room	3	0
forget	rose	1	0
forget	sack	3	0
forget	sand	3	1
forget	sea	1	0
forget	search	3	0
forget	sense	3	1
forget	serpent	0	0
forget	sheep	0	0
forget	ship	3	0
forget	shoe	3	0
forget	shore	2	0
forget	shoulder	3	2
forget	side	3	1
forget	sight	3	0
forget	silver	3	0
forget	snow	2	1
forget	song	3	0
forget	sorrow	2	0
forget	spot	3	0
forget	spring	2	0
forget	star	1	0
forget	step	3	0
forget	stone	2	0
forget	story	3	0
forget	stream	1	0
forget	street	3	0
forget	strength	3	1
forget	sun	1	0
forget	sword	3	0
forget	table	3	0
forget	tale	3	0
forget	tear	3	1
forget	thing	3	0
forget	thistle	2	1
forget	thought	3	0
forget	throne	3	0
forget	time	2	0
forget	tongue	2	0
forget	tooth	3	1
forget	top	3	1
forget	town	1	0
forget	tree	1	0
forget	trouble	3	0
forget	truth	3	0
forget	use	3	1
forget	village	1	0
forget	voice	3	0
forget	wall	3	0
forget	want	3	1
forget	war	3	0
forget	water	2	0
forget	way	3	0
forget	week	3	0
forget	well	2	0
forget	while	4	3
forget	wind	1	0
forget	window	3	0
forget	wine	3	0
forget	wood	1	0
forget	word	3	0
forget	work	3	0
forget	world	1	0
forget	year	3	0
gather	air	3	2
gather	angel	0	1
gather	animal	0	0
gather	apple	3	0
gather	arm	2	2
gather	arrow	3	0
gather	baby	2	1
gather	back	4	3
gather	bag	2	1
gather	bank	2	2
gather	basket	2	1
gather	battle	3	3
gather	bear	0	1
gather	beard	2	3
gather	beast	0	1
gather	beauty	1	2
gather	bed	2	2
gather	bee	0	1
gather	being	1	1
gather	bell	2	2
gather	bird	0	1
gather	blood	1	2
gather	boat	1	2
gather	body	2	2
gather	book	1	1
gather	boot	2	1
gather	box	1	1
gather	boy	0	1
gather	branch	2	0
gather	bread	3	1
gather	bride	0	1
gather	bridegroom	0	1
gather	bridge	2	3
gather	brother	0	1
gather	business	3	3
gather	captain	0	1
gather	care	3	3
gather	carriage	2	3
gather	case	3	3
gather	castle	3	3
gather	cat	0	1
gather	cave	2	3
gather	chance	3	3
gather	cheese	3	2
gather	child	0	1
gather	chin	3	3
gather	church	1	3
gather	city	2	3
gather	clothes	2	1
gather	cloud	0	1
gather	coat	2	1
gather	company	0	0
gather	corner	3	3
gather	cottage	2	3
gather	country	2	3
gather	course	4	4
gather	court	0	1
gather	creature	0	1
gather	crow	0	1
gather	cry	3	3
gather	danger	3	3
gather	daughter	0	1
gather	day	3	3
gather	death	2	3
gather	deed	3	3
gather	delight	3	3
gather	dinner	3	2
gather	dish	2	1
gather	dog	0	1
gather	door	3	3
gather	dragon	0	2
gather	dream	3	3
gather	dress	2	1
gather	duck	0	1
gather	dust	1	1
gather	eagle	0	1
gather	ear	3	3
gather	earth	2	1
gather	egg	3	0
gather	elephant	0	2
gather	emperor	0	1
gather	end	4	4
gather	evening	2	3
gather	eye	2	3
gather	face	3	3
gather	fairy	0	1
gather	family	0	0
gather	farmer	0	1
gather	father	0	1
gather	fear	2	3
gather	feast	2	3
gather	feather	3	0
gather	fellow	0	1
gather	field	2	3
gather	fire	2	2
gather	fish	1	1
gather	flame	2	3
gather	floor	3	3
gather	flower	3	0
gather	food	3	0
gather	foot	3	3
gather	forehead	3	3
gather	forest	2	3
gather	form	3	3
gather	fox	0	1
gather	front	4	4
gather	garden	2	3
gather	gate	3	3
gather	gentleman	0	1
gather	giant	0	1
gather	gift	3	1
gather	girl	0	1
gather	glass	2	1
gather	gold	3	0
gather	grandfather	0	1
gather	grass	2	0
gather	grave	3	3
gather	ground	3	3
gather	gun	3	1
gather	hair	2	1
gather	hall	2	3
gather	hand	2	2
gather	hare	0	1
gather	head	3	3
gather	heap	3	2
gather	heart	2	3
gather	help	3	1
gather	hero	0	1
gather	hill	3	3
gather	hole	3	3
gather	home	3	3
gather	honey	3	0
gather	horn	3	1
gather	horse	1	1
gather	hour	3	4
gather	house	2	3
gather	husband	0	1
gather	hut	3	3
gather	instant	4	4
gather	iron	3	1
gather	island	3	3
gather	journey	4	4
gather	joy	3	3
gather	kind	4	4
gather	king	0	1
gather	kingdom	2	3
gather	kitchen	3	3
gather	knife	3	1
gather	knight	0	1
gather	lad	0	1
gather	lady	0	1
gather	lake	2	3
gather	land	3	3
gather	leaf	3	0
gather	leg	3	3
gather	length	4	4
gather	letter	3	1
gather	life	3	3
gather	light	2	2
gather	lion	0	1
gather	look	4	4
gather	love	3	3
gather	magic	2	1
gather	magician	0	1
gather	maid	0	1
gather	maiden	0	1
gather	marriage	4	4
gather	master	0	1
gather	matter	4	4
gather	meat	3	1
gather	merchant	0	1
gather	mermaid	0	1
gather	midst	4	4
gather	mind	3	2
gather	minute	4	4
gather	moment	4	4
gather	money	3	0
gather	monkey	0	1
gather	moon	2	3
gather	morning	3	3
gather	morrow	4	4
gather	mother	0	1
gather	mountain	3	3
gather	mouse	0	1
gather	mouth	3	3
gather	name	4	3
gather	neck	3	3
gather	needle	3	1
gather	nest	3	1
gather	night	2	3
gather	noise	3	3
gather	number	2	3
gather	one	0	1
gather	opinion	4	3
gather	order	4	4
gather	other	0	1
gather	pain	3	3
gather	pair	1	1
gather	palace	3	3
gather	part	3	3
gather	paw	3	3
gather	peace	4	4
gather	peasant	0	1
gather	piece	3	0
gather	pig	1	1
gather	place	4	4
gather	pleasure	4	4
gather	plenty	4	3
gather	poet	0	1
gather	power	3	1
gather	prince	0	1
gather	princess	0	1
gather	queen	0	1
gather	rabbit	0	1
gather	rest	4	4
gather	right	4	4
gather	ring	3	1
gather	river	2	3
gather	road	3	4
gather	rock	2	1
gather	room	3	3
gather	rose	3	0
gather	sack	2	1
gather	sand	2	1
gather	sea	2	3
gather	search	4	4
gather	sense	4	1
gather	serpent	0	1
gather	sheep	0	0
gather	ship	2	3
gather	shoe	2	1
gather	shore	3	3
gather	shoulder	3	3
gather	side	4	4
gather	sight	4	4
gather	silver	3	0
gather	sister	0	1
gather	slave	0	1
gather	snow	1	1
gather	son	0	1
gather	song	3	3
gather	sorrow	3	3
gather	spot	4	4
gather	spring	3	3
gather	star	3	2
gather	step	4	4
gather	stone	1	0
gather	story	3	2
gather	stranger	0	1
gather	stream	2	3
gather	street	3	4
gather	strength	4	0
gather	subject	0	1
gather	sun	3	3
gather	sword	3	1
gather	table	3	3
gather	tale	3	2
gather	tear	1	3
gather	thing	2	1
gather	thistle	3	1
gather	thought	3	1
gather	throne	3	4
gather	time	4	4
gather	tongue	3	3
gather	tooth	3	2
gather	top	4	4
gather	town	2	3
gather	tree	3	2
gather	trouble	4	3
gather	truth	4	3
gather	use	4	4
gather	village	1	3
gather	vizir	0	1
gather	voice	3	3
gather	wall	3	3
gather	want	4	4
gather	war	3	3
gather	way	4	4
gather	week	4	4
gather	well	3	3
gather	while	4	4
gather	wife	0	1
gather	wind	1	3
gather	window	3	3
gather	wine	3	2
gather	witch	0	1
gather	wolf	0	1
gather	wood	2	0
gather	word	4	2
gather	work	4	3
gather	world	3	3
gather	year	4	4
gather	youth	0	1
get	angel	0	1
get	apple	3	0
get	arm	3	2
get	arrow	3	0
get	back	3	2
get	bag	3	0
get	basket	3	0
get	battle	3	3
get	beard	3	1
get	beauty	2	1
get	being	0	3
get	bell	3	0
get	blood	3	1
get	book	3	0
get	boot	3	0
get	box	3	0
get	bread	3	0
get	bridge	2	2
get	care	4	1
get	case	3	1
get	cave	2	2
get	chance	4	0
get	cheese	3	0
get	chin	3	3
get	church	2	2
get	city	2	1
get	clothes	3	0
get	cloud	2	2
get	coat	3	0
get	corner	3	2
get	country	2	1
get	course	4	3
get	court	2	2
get	cry	4	3
get	danger	4	3
get	death	2	2
get	deed	4	1
get	delight	4	2
get	dish	3	0
get	dream	3	2
get	dress	3	0
get	dust	3	2
get	ear	3	3
get	earth	2	1
get	egg	3	0
get	end	4	3
get	evening	3	3
get	eye	3	3
get	face	3	3
get	fear	4	2
get	feast	3	1
get	feather	3	0
get	flame	3	1
get	floor	3	2
get	food	3	0
get	foot	3	3
get	forehead	3	3
get	forest	2	2
get	form	3	2
get	front	4	3
get	gift	3	0
get	glass	3	0
get	gold	3	0
get	grave	3	2
get	ground	3	2
get	gun	3	0
get	hall	2	2
get	heap	3	1
get	heart	2	1
get	help	4	0
get	hill	2	2
get	hole	3	2
get	home	3	2
get	honey	3	0
get	horn	3	0
get	hour	4	3
get	hut	2	1
get	instant	4	4
get	iron	3	0
get	island	2	1
get	journey	4	3
get	joy	4	2
get	kind	4	3
get	kitchen	2	2
get	knife	3	0
get	lake	2	2
get	leg	3	2
get	length	4	3
get	letter	3	0
get	life	3	2
get	look	4	1
get	love	3	1
get	magic	3	1
get	matter	4	3
get	meat	3	0
get	mermaid	0	1
get	midst	4	4
get	mind	2	3
get	minute	4	2
get	moment	4	2
get	money	3	0
get	moon	2	2
get	morning	3	3
get	morrow	4	4
get	mountain	2	2
get	mouth	3	3
get	name	4	1
get	neck	3	3
get	needle	3	0
get	nest	3	0
get	night	3	3
get	noise	4	3
get	number	4	2
get	opinion	4	2
get	order	4	1
get	pain	4	2
get	pair	3	1
get	part	3	1
get	paw	3	2
get	peace	4	1
get	piece	3	0
get	pleasure	4	2
get	plenty	4	1
get	power	4	1
get	rest	4	1
get	right	4	1
get	ring	3	0
get	river	2	2
get	road	2	3
get	rock	3	1
get	sack	3	0
get	sea	2	3
get	search	4	4
get	sense	4	1
get	shoe	3	0
get	shore	3	3
get	shoulder	3	3
get	side	4	3
get	sight	4	2
get	silver	3	0
get	song	3	2
get	sorrow	4	3
get	spot	3	2
get	spring	3	2
get	star	2	1
get	step	4	3
get	stone	3	0
get	story	3	1
get	stream	2	2
get	street	2	3
get	strength	4	1
get	subject	2	3
get	sword	3	0
get	table	3	0
get	tale	3	1
get	tear	3	3
get	thistle	3	1
get	thought	4	2
get	throne	3	1
get	time	4	1
get	tongue	3	3
get	tooth	3	1
get	top	4	3
get	town	2	2
get	trouble	4	2
get	truth	4	1
get	use	4	3
get	village	2	2
get	want	4	3
get	war	3	3
get	way	4	1
get	week	4	2
get	well	3	2
get	while	4	3
get	wind	2	3
get	wine	3	0
get	wood	3	0
get	word	3	1
get	work	4	1
get	world	3	2
get	year	4	3
give	air	2	1
give	angel	0	2
give	animal	0	1
give	apple	2	0
give	arm	2	0
give	arrow	3	1
give	back	3	2
give	bag	1	0
give	bank	1	3
give	basket	2	0
give	battle	2	0
give	bear	0	1
give	beard	3	2
give	beast	0	1
give	beauty	1	0
give	bed	2	0
give	bee	0	1
give	being	1	2
give	bell	2	1
give	bird	0	0
give	blood	2	1
give	boat	2	0
give	body	2	1
give	book	2	0
give	boot	2	0
give	box	1	0
give	boy	0	1
give	branch	2	1
give	bread	2	0
give	bridegroom	0	2
give	bridge	1	3
give	brother	0	2
give	captain	0	2
give	care	2	0
give	carriage	2	0
give	case	3	2
give	castle	2	0
give	cat	0	0
give	cave	2	2
give	chance	2	0
give	cheese	3	0
give	chin	3	3
give	church	2	2
give	city	2	1
give	clothes	3	0
give	cloud	1	3
give	coat	2	0
give	corner	3	3
give	cottage	2	0
give	country	2	1
give	course	3	3
give	court	1	3
give	creature	0	1
give	crow	0	1
give	cry	2	0
give	danger	3	3
give	day	1	1
give	death	1	1
give	deed	3	2
give	delight	1	0
give	dinner	2	0
give	dish	2	0
give	dog	0	0
give	door	1	3
give	dragon	0	2
give	dream	1	2
give	dress	2	0
give	duck	0	1
give	dust	2	1
give	eagle	0	1
give	ear	3	1
give	earth	1	1
give	egg	2	0
give	elephant	0	1
give	emperor	0	2
give	end	3	3
give	evening	3	3
give	eye	3	2
give	face	3	3
give	fairy	0	2
give	family	0	2
give	farmer	0	2
give	father	0	2
give	fear	1	2
give	feast	2	0
give	feather	2	0
give	fellow	0	2
give	field	1	1
give	fire	1	2
give	fish	0	0
give	flame	2	2
give	floor	3	3
give	flower	2	0
give	folk	0	2
give	food	2	0
give	foot	3	2
give	forehead	3	3
give	forest	1	1
give	form	3	2
give	fox	0	1
give	friend	0	2
give	front	4	3
give	garden	1	1
give	gate	2	3
give	gentleman	0	2
give	giant	0	2
give	gift	2	0
give	girl	0	1
give	glass	2	0
give	gold	2	0
give	grandfather	0	2
give	grass	2	1
give	grave	3	2
give	ground	1	3
give	guest	0	2
give	gun	2	1
give	hair	3	1
give	hall	3	2
give	hand	2	0
give	hare	0	1
give	head	3	2
give	heap	3	2
give	heart	1	0
give	help	2	0
give	hero	0	2
give	hill	2	2
give	hole	3	3
give	home	2	1
give	honey	2	0
give	horn	1	0
give	horse	0	0
give	hour	3	1
give	house	2	0
give	husband	0	2
give	hut	2	1
give	instant	4	3
give	iron	3	1
give	island	2	1
give	journey	3	2
give	kind	4	3
give	king	0	2
give	kingdom	2	0
give	kitchen	3	3
give	knife	2	0
give	knight	0	2
give	lad	0	2
give	lady	0	2
give	lake	2	2
give	land	1	0
give	leaf	2	1
give	leg	3	2
give	length	4	3
give	letter	2	0
give	light	1	0
give	lion	0	1
give	look	3	0
give	magic	1	1
give	magician	0	2
give	maid	0	1
give	maiden	0	1
give	man	0	2
give	marriage	3	1
give	master	0	2
give	matter	3	3
give	meat	2	0
give	merchant	0	2
give	mermaid	0	2
give	midst	4	4
give	mind	2	1
give	minute	4	1
give	moment	3	1
give	money	2	0
give	monkey	0	1
give	moon	1	2
give	morning	2	3
give	morrow	3	3
give	mother	0	2
give	mountain	2	2
give	mouse	0	1
give	mouth	3	3
give	name	2	0
give	neck	3	3
give	needle	2	0
give	nest	3	1
give	night	2	3
give	noise	3	2
give	number	3	2
give	opinion	3	0
give	order	2	0
give	other	1	2
give	pain	1	1
give	pair	2	1
give	palace	2	0
give	part	3	1
give	paw	3	0
give	peace	1	1
give	peasant	0	2
give	people	0	2
give	piece	3	0
give	pig	0	1
give	place	2	1
give	pleasure	1	0
give	plenty	3	2
give	poet	0	2
give	power	1	0
give	prince	0	2
give	princess	0	1
give	queen	0	2
give	rabbit	0	1
give	rest	3	1
give	right	3	1
give	ring	1	0
give	river	1	2
give	road	3	3
give	rock	2	2
give	room	3	1
give	rose	2	0
give	sack	2	0
give	sand	2	2
give	sea	1	3
give	search	4	3
give	sense	3	2
give	serpent	0	2
give	servant	0	1
give	sheep	0	1
give	ship	2	0
give	shoe	2	0
give	shore	3	3
give	shoulder	3	2
give	side	4	3
give	sight	2	1
give	silver	2	0
give	sister	0	2
give	slave	0	1
give	snow	2	2
give	soldier	0	2
give	son	0	2
give	song	2	1
give	sorrow	2	2
give	spot	3	3
give	spring	1	2
give	star	1	2
give	step	3	3
give	stone	2	1
give	story	2	2
give	stranger	0	2
give	stream	1	2
give	street	3	3
give	strength	1	0
give	sun	1	3
give	sword	2	0
give	table	2	1
give	tale	2	2
give	tear	3	3
give	thing	2	0
give	thistle	2	2
give	thought	2	0
give	throne	3	1
give	tongue	3	3
give	tooth	3	1
give	top	4	3
give	town	2	2
give	tree	1	1
give	trouble	2	1
give	truth	2	2
give	use	4	3
give	village	2	2
give	vizir	0	2
give	voice	2	3
give	wall	1	3
give	want	3	3
give	war	3	3
give	water	1	0
give	way	1	2
give	week	3	1
give	well	1	2
give	while	4	3
give	wife	0	1
give	wind	1	2
give	window	2	3
give	wine	2	0
give	witch	0	2
give	wolf	0	1
give	woman	0	2
give	wood	2	1
give	word	2	0
give	work	2	1
give	world	2	2
give	year	3	1
give	youth	0	1
go	air	1	4
go	angel	0	4
go	animal	0	4
go	apple	2	4
go	arm	1	4
go	arrow	0	4
go	baby	1	4
go	back	3	4
go	bag	2	4
go	bank	3	4
go	basket	2	4
go	battle	1	4
go	bear	0	4
go	beard	2	4
go	beast	0	4
go	beauty	1	4
go	bed	2	4
go	bee	0	4
go	being	0	4
go	bell	1	4
go	bird	0	4
go	blood	1	4
go	boat	0	4
go	body	1	4
go	book	2	4
go	boot	2	4
go	box	2	4
go	boy	0	4
go	branch	2	4
go	bread	2	4
go	bride	0	4
go	bridegroom	0	4
go	bridge	2	4
go	brother	0	4
go	business	1	4
go	captain	0	4
go	care	2	4
go	carriage	0	4
go	case	2	4
go	castle	2	4
go	cat	0	4
go	cave	3	4
go	chance	2	4
go	cheese	2	4
go	child	0	4
go	chin	3	4
go	church	3	4
go	city	2	4
go	clothes	2	4
go	cloud	0	4
go	coat	2	4
go	company	0	4
go	corner	3	4
go	cottage	3	4
go	country	2	4
go	course	2	4
go	court	1	4
go	creature	0	4
go	crow	0	4
go	cry	1	4
go	danger	1	4
go	daughter	0	4
go	day	0	4
go	death	1	4
go	deed	2	4
go	delight	2	4
go	dinner	2	4
go	dish	2	4
go	dog	0	4
go	door	2	4
go	dragon	0	4
go	dream	1	4
go	dress	2	4
go	duck	0	4
go	dust	1	4
go	eagle	0	4
go	ear	3	4
go	earth	2	4
go	egg	2	4
go	elephant	0	4
go	emperor	0	4
go	end	3	4
go	evening	1	4
go	eye	1	4
go	face	2	4
go	fairy	0	4
go	family	0	4
go	farmer	0	4
go	father	0	4
go	fear	1	4
go	feast	1	4
go	feather	1	4
go	fellow	0	4
go	field	3	4
go	fire	1	4
go	fish	0	4
go	flame	1	4
go	floor	3	4
go	flower	2	4
go	folk	0	4
go	food	2	4
go	foot	1	4
go	forehead	3	4
go	forest	3	4
go	form	2	4
go	fox	0	4
go	friend	0	4
go	front	3	4
go	garden	3	4
go	gate	3	4
go	gentleman	0	4
go	giant	0	4
go	gift	2	4
go	girl	0	4
go	glass	2	4
go	gold	1	4
go	grandfather	0	4
go	grass	2	4
go	grave	3	4
go	ground	3	4
go	guest	0	4
go	gun	1	4
go	hair	2	4
go	hall	3	4
go	hand	1	4
go	hare	0	4
go	head	1	4
go	heap	3	4
go	heart	1	4
go	help	2	4
go	hero	0	4
go	hill	3	4
go	hole	2	4
go	home	3	4
go	honey	2	4
go	horn	2	4
go	horse	0	4
go	hour	0	4
go	house	3	4
go	husband	0	4
go	hut	3	4
go	instant	1	4
go	iron	2	4
go	island	3	4
go	journey	1	4
go	joy	1	4
go	kind	3	4
go	king	0	4
go	kingdom	2	4
go	kitchen	3	4
go	knife	2	4
go	knight	0	4
go	lad	0	4
go	lady	0	4
go	lake	3	4
go	land	3	4
go	leaf	2	4
go	leg	1	4
go	length	3	4
go	letter	1	4
go	life	1	4
go	light	1	4
go	lion	0	4
go	look	2	4
go	love	1	4
go	magic	1	4
go	magician	0	4
go	maid	0	4
go	maiden	0	4
go	man	0	4
go	marriage	2	4
go	master	0	4
go	matter	1	4
go	meat	2	4
go	merchant	0	4
go	mermaid	0	4
go	midst	4	4
go	mind	1	4
go	minute	0	4
go	moment	0	4
go	money	1	4
go	monkey	0	4
go	moon	0	4
go	morning	1	4
go	morrow	2	4
go	mother	0	4
go	mountain	3	4
go	mouse	0	4
go	mouth	3	4
go	name	2	4
go	neck	3	4
go	needle	1	4
go	nest	3	4
go	night	0	4
go	noise	1	4
go	number	3	4
go	one	0	4
go	opinion	3	4
go	order	1	4
go	other	0	4
go	pain	0	4
go	pair	1	4
go	palace	3	4
go	part	2	4
go	paw	1	4
go	peace	1	4
go	peasant	0	4
go	people	0	4
go	piece	2	4
go	pig	0	4
go	place	3	4
go	pleasure	2	4
go	plenty	3	4
go	poet	0	4
go	power	1	4
go	prince	0	4
go	princess	0	4
go	queen	0	4
go	rabbit	0	4
go	rest	2	4
go	right	3	4
go	ring	2	4
go	river	0	4
go	road	0	4
go	rock	3	4
go	room	3	4
go	rose	2	4
go	sack	2	4
go	sand	2	4
go	sea	2	4
go	search	1	4
go	sense	2	4
go	serpent	0	4
go	servant	0	4
go	sheep	0	4
go	ship	0	4
go	shoe	2	4
go	shore	3	4
go	shoulder	3	4
go	side	3	4
go	sight	2	4
go	silver	2	4
go	sister	0	4
go	slave	0	4
go	snow	1	4
go	soldier	0	4
go	son	0	4
go	song	0	4
go	sorrow	1	4
go	spot	3	4
go	spring	1	4
go	star	1	4
go	step	2	4
go	stone	2	4
go	story	0	4
go	stranger	0	4
go	stream	0	4
go	street	1	4
go	strength	1	4
go	subject	1	4
go	sun	0	4
go	sword	1	4
go	table	2	4
go	tale	0	4
go	tear	1	4
go	thing	0	4
go	thistle	3	4
go	thought	1	4
go	throne	2	4
go	time	0	4
go	tongue	2	4
go	tooth	2	4
go	top	3	4
go	town	3	4
go	tree	3	4
go	trouble	1	4
go	truth	2	4
go	use	3	4
go	village	3	4
go	vizir	0	4
go	voice	1	4
go	wall	3	4
go	want	3	4
go	war	1	4
go	water	1	4
go	way	0	4
go	week	0	4
go	well	3	4
go	while	2	4
go	wife	0	4
go	wind	0	4
go	window	3	4
go	wine	1	4
go	witch	0	4
go	wolf	0	4
go	woman	0	4
go	wood	3	4
go	word	1	4
go	work	1	4
go	world	1	4
go	year	0	4
go	youth	0	4
grow	air	3	4
grow	angel	2	3
grow	animal	0	2
grow	arm	1	1
grow	arrow	3	3
grow	baby	0	2
grow	back	2	3
grow	bag	3	3
grow	bank	3	3
grow	basket	3	3
grow	battle	1	3
grow	bear	0	2
grow	beast	0	2
grow	beauty	1	3
grow	bed	3	3
grow	bee	1	3
grow	being	1	3
grow	bell	3	3
grow	bird	0	2
grow	blood	2	3
grow	boat	3	3
grow	body	0	2
grow	book	3	3
grow	boot	3	3
grow	box	3	3
grow	boy	0	2
grow	branch	0	1
grow	bread	2	3
grow	bride	1	3
grow	bridegroom	1	3
grow	bridge	3	3
grow	brother	0	3
grow	captain	1	3
grow	care	1	3
grow	carriage	3	3
grow	case	3	4
grow	castle	3	3
grow	cat	0	2
grow	cave	3	3
grow	chance	2	4
grow	cheese	3	3
grow	child	0	2
grow	chin	1	2
grow	church	3	3
grow	clothes	3	3
grow	cloud	1	3
grow	coat	3	3
grow	corner	4	4
grow	cottage	3	3
grow	country	1	2
grow	course	4	4
grow	court	2	3
grow	creature	0	2
grow	crow	0	3
grow	cry	1	3
grow	danger	0	3
grow	daughter	0	2
grow	day	1	4
grow	death	2	4
grow	deed	3	4
grow	delight	1	3
grow	dinner	3	3
grow	dish	3	3
grow	dog	0	2
grow	door	3	3
grow	dragon	0	2
grow	dream	2	3
grow	dress	3	3
grow	duck	0	3
grow	dust	2	3
grow	eagle	0	3
grow	ear	1	1
grow	earth	2	3
grow	egg	2	3
grow	elephant	0	3
grow	emperor	1	3
grow	end	4	4
grow	evening	2	4
grow	eye	2	2
grow	face	1	2
grow	fairy	1	3
grow	farmer	0	3
grow	father	0	3
grow	fear	0	3
grow	feast	3	3
grow	feather	1	1
grow	fellow	0	3
grow	field	2	3
grow	fire	1	3
grow	fish	0	2
grow	flame	1	3
grow	floor	3	3
grow	folk	1	3
grow	food	1	0
grow	foot	1	2
grow	forehead	2	2
grow	form	2	3
grow	fox	0	3
grow	friend	1	3
grow	front	4	4
grow	gate	3	3
grow	gentleman	1	3
grow	giant	0	3
grow	gift	3	3
grow	girl	0	2
grow	glass	3	3
grow	gold	3	2
grow	grandfather	1	3
grow	grave	3	3
grow	ground	3	4
grow	guest	2	3
grow	gun	3	3
grow	hall	3	3
grow	hand	1	2
grow	hare	0	3
grow	head	1	1
grow	heap	2	3
grow	heart	2	3
grow	help	3	4
grow	hero	1	3
grow	hill	2	3
grow	hole	2	3
grow	home	3	3
grow	honey	3	3
grow	horn	1	1
grow	horse	0	2
grow	hour	3	4
grow	house	3	3
grow	husband	1	3
grow	hut	3	3
grow	instant	4	4
grow	iron	3	3
grow	island	2	3
grow	journey	3	4
grow	joy	1	3
grow	kind	4	4
grow	king	1	3
grow	kitchen	3	3
grow	knife	3	3
grow	knight	1	3
grow	lad	0	3
grow	lady	1	3
grow	lake	2	3
grow	land	2	3
grow	leaf	0	1
grow	leg	1	1
grow	length	2	4
grow	letter	3	3
grow	life	2	3
grow	light	1	3
grow	lion	0	3
grow	look	3	4
grow	love	0	3
grow	magic	1	3
grow	magician	1	3
grow	maid	0	3
grow	maiden	0	3
grow	man	0	3
grow	marriage	3	4
grow	master	1	3
grow	matter	4	4
grow	meat	3	3
grow	merchant	1	3
grow	mermaid	1	3
grow	midst	4	4
grow	mind	2	3
grow	minute	4	4
grow	moment	4	4
grow	monkey	0	3
grow	moon	1	3
grow	morning	3	4
grow	morrow	4	4
grow	mother	1	3
grow	mountain	1	3
grow	mouse	0	3
grow	mouth	2	2
grow	name	3	4
grow	neck	1	2
grow	needle	3	3
grow	nest	2	3
grow	night	1	4
grow	noise	1	3
grow	one	1	3
grow	opinion	3	4
grow	order	4	4
grow	other	1	3
grow	pain	0	3
grow	pair	3	4
grow	palace	3	3
grow	part	3	4
grow	paw	1	2
grow	peace	2	3
grow	peasant	1	3
grow	people	0	3
grow	piece	3	4
grow	pig	0	2
grow	place	3	4
grow	pleasure	1	3
grow	plenty	2	2
grow	poet	1	3
grow	power	0	3
grow	prince	0	3
grow	princess	0	3
grow	queen	1	3
grow	rabbit	0	2
grow	rest	4	4
grow	right	4	4
grow	ring	3	3
grow	river	1	3
grow	road	3	3
grow	rock	3	3
grow	room	3	3
grow	sack	3	3
grow	sand	3	3
grow	sea	2	3
grow	search	4	4
grow	sense	2	3
grow	serpent	0	3
grow	servant	1	3
grow	sheep	0	2
grow	ship	3	3
grow	shoe	3	3
grow	shore	3	3
grow	shoulder	2	2
grow	side	4	4
grow	sight	3	4
grow	silver	3	2
grow	sister	0	3
grow	slave	1	3
grow	snow	2	3
grow	soldier	1	3
grow	son	0	2
grow	song	3	4
grow	sorrow	0	3
grow	spot	3	4
grow	spring	3	4
grow	star	2	3
grow	step	4	4
grow	stone	3	3
grow	story	2	3
grow	stranger	1	3
grow	stream	2	3
grow	street	3	3
grow	strength	0	3
grow	subject	4	4
grow	sun	2	3
grow	sword	3	3
grow	table	3	3
grow	tale	2	3
grow	tear	3	4
grow	thing	1	2
grow	thought	2	3
grow	throne	3	3
grow	time	3	4
grow	tongue	2	2
grow	tooth	1	1
grow	top	4	4
grow	trouble	0	3
grow	truth	3	4
grow	use	4	4
grow	village	1	3
grow	vizir	1	3
grow	voice	2	3
grow	wall	3	3
grow	want	1	4
grow	war	1	3
grow	water	3	3
grow	way	4	4
grow	week	4	4
grow	well	3	3
grow	while	4	4
grow	wife	1	3
grow	wind	1	3
grow	window	3	3
grow	wine	3	3
grow	witch	1	3
grow	wolf	0	3
grow	woman	0	3
grow	word	4	4
grow	work	2	3
grow	world	2	3
grow	year	3	4
grow	youth	1	3
hang	air	1	3
hang	angel	0	2
hang	animal	0	1
hang	apple	0	1
hang	arm	0	1
hang	arrow	1	1
hang	baby	1	2
hang	back	2	3
hang	bank	2	3
hang	battle	2	3
hang	bear	0	1
hang	beard	0	2
hang	beast	0	1
hang	beauty	2	3
hang	bed	2	2
hang	bee	1	2
hang	being	1	2
hang	blood	2	3
hang	boat	1	1
hang	book	1	2
hang	branch	0	1
hang	bread	1	1
hang	bridge	1	3
hang	business	3	3
hang	care	2	3
hang	carriage	2	3
hang	case	2	2
hang	castle	1	3
hang	cat	0	1
hang	cave	3	4
hang	chance	3	4
hang	cheese	1	0
hang	child	0	2
hang	chin	1	2
hang	church	3	4
hang	city	3	4
hang	cloud	0	2
hang	company	2	3
hang	corner	3	3
hang	cottage	3	4
hang	country	3	4
hang	course	4	4
hang	court	2	3
hang	creature	0	1
hang	crow	0	1
hang	cry	2	3
hang	danger	1	3
hang	day	3	4
hang	death	1	3
hang	deed	3	3
hang	delight	3	4
hang	dinner	3	3
hang	dish	1	1
hang	dog	0	1
hang	dragon	0	1
hang	dream	2	3
hang	duck	0	1
hang	dust	1	3
hang	eagle	0	2
hang	ear	0	2
hang	earth	2	4
hang	egg	1	2
hang	elephant	1	3
hang	end	3	3
hang	evening	2	4
hang	eye	2	3
hang	face	1	2
hang	fairy	0	1
hang	family	1	3
hang	fear	1	3
hang	feast	3	3
hang	field	3	4
hang	fire	2	3
hang	fish	1	0
hang	flame	2	3
hang	floor	3	4
hang	food	1	1
hang	foot	1	2
hang	forehead	2	3
hang	forest	3	4
hang	form	2	3
hang	fox	0	1
hang	front	4	4
hang	garden	2	3
hang	giant	0	1
hang	gift	1	0
hang	glass	1	1
hang	gold	1	1
hang	grass	2	2
hang	grave	4	4
hang	ground	4	4
hang	hair	0	1
hang	hall	3	4
hang	hand	0	1
hang	hare	0	1
hang	heap	3	3
hang	heart	1	2
hang	help	3	4
hang	hill	3	4
hang	hole	3	3
hang	home	4	4
hang	honey	2	2
hang	horse	0	1
hang	hour	2	4
hang	house	3	4
hang	hut	3	4
hang	instant	4	4
hang	iron	1	1
hang	island	2	4
hang	journey	3	4
hang	joy	3	4
hang	kind	4	4
hang	kingdom	2	4
hang	kitchen	3	4
hang	lake	3	4
hang	land	3	4
hang	leaf	0	1
hang	leg	0	2
hang	length	4	4
hang	letter	1	1
hang	life	1	3
hang	lion	0	1
hang	look	3	4
hang	love	3	4
hang	magic	2	3
hang	marriage	3	4
hang	matter	3	4
hang	mermaid	0	1
hang	midst	4	4
hang	mind	3	4
hang	minute	4	4
hang	moment	3	4
hang	money	1	1
hang	monkey	0	1
hang	moon	0	1
hang	morning	3	4
hang	morrow	4	4
hang	mountain	3	4
hang	mouse	0	1
hang	mouth	2	3
hang	name	3	3
hang	neck	1	2
hang	needle	1	0
hang	nest	0	1
hang	night	2	4
hang	noise	3	4
hang	number	3	3
hang	opinion	4	4
hang	order	3	3
hang	pain	3	4
hang	pair	2	2
hang	palace	2	4
hang	part	3	3
hang	paw	0	2
hang	peace	3	4
hang	pig	0	1
hang	place	4	4
hang	pleasure	3	4
hang	plenty	4	4
hang	power	3	4
hang	rabbit	0	1
hang	rest	4	4
hang	right	4	4
hang	river	3	4
hang	road	3	4
hang	rock	2	3
hang	room	3	4
hang	sand	3	3
hang	sea	3	4
hang	search	4	4
hang	sense	4	4
hang	serpent	0	1
hang	sheep	0	1
hang	ship	2	3
hang	shore	4	4
hang	shoulder	2	3
hang	side	3	4
hang	sight	3	4
hang	silver	1	1
hang	snow	1	3
hang	song	2	3
hang	sorrow	2	4
hang	spot	4	4
hang	spring	3	4
hang	star	0	1
hang	step	4	4
hang	stone	1	1
hang	story	3	3
hang	stream	3	4
hang	street	3	4
hang	strength	4	4
hang	subject	3	4
hang	sun	0	2
hang	table	2	2
hang	tale	3	3
hang	tear	1	3
hang	thistle	2	2
hang	thought	2	4
hang	throne	2	2
hang	time	2	4
hang	tongue	0	2
hang	tooth	1	1
hang	top	3	4
hang	town	3	4
hang	tree	2	2
hang	trouble	2	4
hang	truth	3	4
hang	use	4	4
hang	village	3	4
hang	voice	2	4
hang	wall	3	4
hang	want	4	4
hang	war	2	4
hang	water	2	3
hang	way	4	4
hang	week	4	4
hang	well	4	4
hang	while	4	4
hang	wind	2	4
hang	window	2	2
hang	wine	2	2
hang	wolf	0	1
hang	wood	2	2
hang	word	2	3
hang	work	3	3
hang	world	2	4
hang	year	4	4
happen	air	4	4
happen	angel	3	4
happen	animal	3	4
happen	apple	4	4
happen	arm	4	4
happen	arrow	4	4
happen	baby	3	4
happen	back	4	4
happen	bag	4	4
happen	bank	4	4
happen	basket	4	4
happen	battle	0	4
happen	bear	3	4
happen	beard	4	4
happen	beast	3	4
happen	beauty	3	4
happen	bed	4	4
happen	bee	3	4
happen	being	3	4
happen	bell	4	4
happen	bird	3	4
happen	blood	4	4
happen	boat	4	4
happen	body	4	4
happen	book	4	4
happen	boot	4	4
happen	box	4	4
happen	boy	3	4
happen	branch	4	4
happen	bread	4	4
happen	bride	3	4
happen	bridegroom	3	4
happen	bridge	4	4
happen	brother	3	4
happen	business	1	4
happen	captain	3	4
happen	care	3	4
happen	carriage	4	4
happen	case	1	4
happen	castle	4	4
happen	cat	3	4
happen	cave	4	4
happen	chance	1	4
happen	cheese	4	4
happen	child	3	4
happen	chin	4	4
happen	church	4	4
happen	city	4	4
happen	clothes	4	4
happen	cloud	4	4
happen	coat	4	4
happen	company	3	4
happen	corner	4	4
happen	cottage	4	4
happen	country	4	4
happen	course	2	4
happen	court	3	4
happen	creature	3	4
happen	crow	3	4
happen	cry	1	4
happen	danger	1	4
happen	daughter	3	4
happen	day	2	4
happen	death	0	4
happen	deed	1	4
happen	delight	2	4
happen	dinner	1	4
happen	dish	4	4
happen	dog	3	4
happen	door	4	4
happen	dragon	3	4
happen	dream	2	4
happen	dress	4	4
happen	duck	3	4
happen	dust	4	4
happen	eagle	3	4
happen	ear	4	4
happen	earth	4	4
happen	egg	4	4
happen	elephant	3	4
happen	emperor	3	4
happen	end	1	4
happen	evening	2	4
happen	eye	4	4
happen	face	4	4
happen	fairy	3	4
happen	family	3	4
happen	farmer	3	4
happen	father	3	4
happen	fear	2	4
happen	feast	0	4
happen	feather	4	4
happen	fellow	3	4
happen	field	4	4
happen	fire	1	4
happen	fish	3	4
happen	flame	3	4
happen	floor	4	4
happen	flower	4	4
happen	folk	3	4
happen	food	4	4
happen	foot	4	4
happen	forehead	4	4
happen	forest	4	4
happen	form	3	4
happen	fox	3	4
happen	friend	3	4
happen	front	4	4
happen	garden	4	4
happen	gate	4	4
happen	gentleman	3	4
happen	giant	3	4
happen	gift	3	4
happen	girl	3	4
happen	glass	4	4
happen	gold	4	4
happen	grandfather	3	4
happen	grass	4	4
happen	grave	4	4
happen	ground	4	4
happen	guest	3	4
happen	gun	4	4
happen	hair	4	4
happen	hall	4	4
happen	hand	4	4
happen	hare	3	4
happen	head	4	4
happen	heap	4	4
happen	heart	4	4
happen	help	2	4
happen	hero	3	4
happen	hill	4	4
happen	hole	4	4
happen	home	4	4
happen	honey	4	4
happen	horn	4	4
happen	horse	3	4
happen	hour	3	4
happen	house	4	4
happen	husband	3	4
happen	hut	4	4
happen	instant	3	4
happen	iron	4	4
happen	island	4	4
happen	journey	0	4
happen	joy	2	4
happen	kind	4	4
happen	king	3	4
happen	kingdom	4	4
happen	kitchen	4	4
happen	knife	4	4
happen	knight	3	4
happen	lad	3	4
happen	lady	3	4
happen	lake	4	4
happen	land	4	4
happen	leaf	4	4
happen	leg	4	4
happen	length	4	4
happen	letter	4	4
happen	life	2	4
happen	light	3	4
happen	lion	3	4
happen	look	3	4
happen	love	2	4
happen	magic	1	4
happen	magician	3	4
happen	maid	3	4
happen	maiden	3	4
happen	man	3	4
happen	marriage	0	4
happen	master	3	4
happen	matter	1	4
happen	meat	4	4
happen	merchant	3	4
happen	mermaid	3	4
happen	midst	4	4
happen	mind	4	4
happen	minute	3	4
happen	moment	2	4
happen	money	4	4
happen	monkey	3	4
happen	moon	4	4
happen	morning	2	4
happen	morrow	2	4
happen	mother	3	4
happen	mountain	4	4
happen	mouse	3	4
happen	mouth	4	4
happen	name	4	4
happen	neck	4	4
happen	needle	4	4
happen	nest	4	4
happen	night	2	4
happen	noise	1	4
happen	number	4	4
happen	one	3	4
happen	opinion	3	4
happen	order	3	4
happen	other	3	4
happen	pain	2	4
happen	pair	4	4
happen	palace	4	4
happen	part	3	4
happen	paw	4	4
happen	peace	2	4
happen	peasant	3	4
happen	people	3	4
happen	piece	4	4
happen	pig	3	4
happen	place	4	4
happen	pleasure	2	4
happen	plenty	3	4
happen	poet	3	4
happen	power	3	4
happen	prince	3	4
happen	princess	3	4
happen	queen	3	4
happen	rabbit	3	4
happen	rest	3	4
happen	right	3	4
happen	ring	4	4
happen	river	4	4
happen	road	4	4
happen	rock	4	4
happen	room	4	4
happen	rose	4	4
happen	sack	4	4
happen	sand	4	4
happen	sea	4	4
happen	search	1	4
happen	sense	3	4
happen	serpent	3	4
happen	servant	3	4
happen	sheep	3	4
happen	ship	4	4
happen	shoe	4	4
happen	shore	4	4
happen	shoulder	4	4
happen	side	4	4
happen	sight	2	4
happen	silver	4	4
happen	sister	3	4
happen	slave	3	4
happen	snow	3	4
happen	soldier	3	4
happen	son	3	4
happen	song	3	4
happen	sorrow	2	4
happen	spot	4	4
happen	spring	2	4
happen	star	4	4
happen	step	3	4
happen	stone	4	4
happen	story	1	4
happen	stranger	3	4
happen	stream	4	4
happen	street	4	4
happen	strength	3	4
happen	subject	3	4
happen	sun	4	4
happen	sword	4	4
happen	table	4	4
happen	tale	2	4
happen	tear	4	4
happen	thing	0	4
happen	thistle	4	4
happen	thought	3	4
happen	throne	4	4
happen	time	2	4
happen	tongue	4	4
happen	tooth	4	4
happen	top	4	4
happen	town	4	4
happen	tree	4	4
happen	trouble	0	4
happen	truth	3	4
happen	use	3	4
happen	village	4	4
happen	vizir	3	4
happen	voice	4	4
happen	wall	4	4
happen	want	3	4
happen	war	0	4
happen	water	4	4
happen	way	3	4
happen	week	3	4
happen	well	4	4
happen	while	3	4
happen	wife	3	4
happen	wind	3	4
happen	window	4	4
happen	wine	4	4
happen	witch	3	4
happen	wolf	3	4
happen	woman	3	4
happen	wood	4	4
happen	word	3	4
happen	work	2	4
happen	world	4	4
happen	year	3	4
happen	youth	3	4
hear	air	3	1
hear	angel	0	1
hear	apple	3	3
hear	arm	3	3
hear	arrow	3	1
hear	back	3	3
hear	bag	3	3
hear	bank	3	3
hear	basket	3	3
hear	battle	4	0
hear	beard	3	3
hear	beauty	1	2
hear	bed	3	3
hear	bell	3	0
hear	blood	3	2
hear	boat	3	2
hear	body	2	3
hear	book	3	3
hear	boot	3	1
hear	box	3	2
hear	branch	2	1
hear	bread	3	3
hear	bridge	3	2
hear	business	4	2
hear	care	4	3
hear	carriage	3	0
hear	case	4	1
hear	castle	2	3
hear	cave	2	2
hear	chance	4	3
hear	cheese	3	3
hear	chin	3	3
hear	church	2	2
hear	city	1	1
hear	clothes	3	3
hear	cloud	2	2
hear	coat	3	3
hear	corner	3	3
hear	cottage	2	3
hear	country	2	3
hear	course	4	3
hear	court	1	1
hear	cry	4	0
hear	danger	3	1
hear	day	3	3
hear	death	1	2
hear	deed	4	2
hear	delight	4	2
hear	dinner	3	2
hear	dish	3	2
hear	door	2	1
hear	dragon	0	0
hear	dream	3	2
hear	dress	3	2
hear	dust	3	3
hear	ear	1	3
hear	earth	2	2
hear	egg	2	2
hear	end	3	1
hear	evening	3	3
hear	eye	2	3
hear	face	3	3
hear	fairy	0	0
hear	fear	3	2
hear	feast	3	1
hear	feather	3	3
hear	field	3	3
hear	fire	2	0
hear	fish	0	1
hear	flame	2	1
hear	floor	3	1
hear	flower	1	3
hear	food	3	3
hear	foot	3	1
hear	forehead	3	3
hear	forest	1	1
hear	form	4	2
hear	front	4	3
hear	garden	2	3
hear	gate	2	1
hear	giant	0	0
hear	gift	3	3
hear	glass	3	1
hear	gold	3	3
hear	grass	2	1
hear	grave	2	2
hear	ground	3	2
hear	gun	3	0
hear	hair	3	3
hear	hall	2	3
hear	hand	2	3
hear	head	1	3
hear	heap	3	3
hear	heart	1	2
hear	help	4	2
hear	hill	2	3
hear	hole	3	3
hear	home	3	3
hear	honey	3	3
hear	horn	3	0
hear	hour	3	3
hear	house	2	3
hear	hut	2	3
hear	instant	4	3
hear	iron	3	2
hear	island	2	3
hear	journey	4	3
hear	joy	3	2
hear	kind	4	3
hear	kingdom	2	3
hear	kitchen	3	2
hear	knife	3	2
hear	lake	2	1
hear	land	2	3
hear	leaf	2	1
hear	leg	3	3
hear	length	4	4
hear	letter	3	2
hear	life	3	3
hear	light	3	3
hear	look	4	3
hear	love	3	3
hear	magic	3	2
hear	marriage	4	3
hear	matter	4	1
hear	meat	3	3
hear	mermaid	0	0
hear	midst	4	4
hear	mind	2	3
hear	minute	4	3
hear	moment	4	3
hear	money	3	2
hear	moon	1	3
hear	morning	3	3
hear	morrow	4	4
hear	mountain	2	3
hear	mouth	3	2
hear	name	4	0
hear	neck	3	3
hear	needle	3	3
hear	nest	3	2
hear	night	2	2
hear	noise	4	0
hear	number	4	2
hear	opinion	4	1
hear	order	4	1
hear	pain	4	3
hear	pair	3	3
hear	palace	2	3
hear	part	4	3
hear	paw	3	2
hear	peace	4	3
hear	piece	4	2
hear	place	3	3
hear	pleasure	4	3
hear	plenty	4	3
hear	power	3	3
hear	rest	4	3
hear	right	4	3
hear	ring	3	1
hear	river	1	0
hear	road	3	3
hear	rock	2	3
hear	room	3	3
hear	rose	1	3
hear	sack	3	3
hear	sand	3	2
hear	sea	1	0
hear	search	4	2
hear	sense	4	3
hear	ship	3	2
hear	shoe	3	2
hear	shore	3	3
hear	shoulder	3	3
hear	side	4	3
hear	sight	4	3
hear	silver	3	2
hear	snow	3	3
hear	song	4	0
hear	sorrow	3	2
hear	spot	4	3
hear	spring	2	1
hear	star	1	3
hear	step	4	0
hear	stone	2	3
hear	story	4	0
hear	stream	1	0
hear	street	3	1
hear	strength	4	3
hear	sun	1	3
hear	sword	3	1
hear	table	3	3
hear	tale	4	0
hear	tear	3	3
hear	thing	2	1
hear	thistle	2	3
hear	thought	3	2
hear	throne	3	3
hear	time	3	3
hear	tongue	3	3
hear	tooth	3	3
hear	top	3	2
hear	town	2	2
hear	tree	1	1
hear	trouble	4	2
hear	truth	4	0
hear	use	4	4
hear	village	2	2
hear	voice	3	0
hear	wall	2	2
hear	want	4	3
hear	war	3	1
hear	water	2	0
hear	way	4	3
hear	week	4	3
hear	well	2	2
hear	while	4	4
hear	wind	1	0
hear	window	3	2
hear	wine	3	3
hear	wood	1	1
hear	word	4	0
hear	work	4	2
hear	world	1	2
hear	year	4	3
help	air	2	3
help	angel	0	0
help	apple	1	2
help	arm	1	2
help	arrow	1	3
help	baby	1	0
help	back	2	3
help	bag	1	3
help	basket	1	3
help	battle	2	3
help	bear	0	0
help	beard	2	3
help	beast	0	0
help	beauty	1	1
help	bed	1	3
help	bee	0	0
help	bell	1	3
help	bird	0	0
help	blood	2	3
help	boat	1	2
help	body	2	2
help	book	1	3
help	boot	1	3
help	box	1	3
help	branch	1	2
help	bread	1	3
help	bridge	1	3
help	care	1	3
help	carriage	1	3
help	case	2	2
help	castle	2	3
help	cat	0	0
help	cave	1	3
help	chance	1	3
help	cheese	1	3
help	chin	3	3
help	clothes	1	3
help	cloud	1	2
help	coat	1	3
help	corner	3	4
help	cottage	2	3
help	course	2	3
help	court	1	2
help	crow	0	0
help	cry	1	3
help	danger	3	3
help	day	2	3
help	death	2	2
help	deed	1	3
help	delight	2	3
help	dinner	2	3
help	dish	1	3
help	door	1	3
help	dragon	0	0
help	dream	1	3
help	dress	1	3
help	duck	0	0
help	dust	2	3
help	eagle	0	0
help	ear	2	3
help	earth	1	2
help	egg	1	2
help	elephant	0	0
help	end	3	4
help	evening	3	4
help	eye	2	2
help	face	2	3
help	fairy	0	0
help	fear	2	3
help	feast	2	3
help	feather	1	3
help	field	2	3
help	fire	1	3
help	fish	0	0
help	flame	1	3
help	floor	2	3
help	flower	1	1
help	food	1	3
help	foot	2	2
help	forehead	3	3
help	forest	1	2
help	form	3	4
help	fox	0	0
help	front	4	4
help	garden	1	2
help	gate	1	3
help	giant	0	0
help	gift	1	3
help	glass	1	3
help	gold	1	3
help	grass	2	3
help	grave	3	3
help	ground	2	3
help	gun	1	3
help	hair	2	3
help	hall	2	3
help	hand	1	2
help	hare	0	0
help	head	2	2
help	heap	3	3
help	heart	1	2
help	help	1	3
help	hill	2	3
help	hole	2	3
help	home	2	2
help	honey	1	3
help	horn	1	3
help	hour	3	4
help	house	2	3
help	hut	2	3
help	instant	4	4
help	iron	2	3
help	island	2	3
help	journey	2	3
help	joy	2	3
help	kind	2	2
help	kitchen	2	3
help	knife	1	3
help	lake	2	3
help	land	2	2
help	leaf	2	3
help	leg	2	2
help	length	4	4
help	letter	1	3
help	life	2	3
help	light	1	3
help	lion	0	0
help	look	2	3
help	love	1	3
help	magic	0	3
help	marriage	2	3
help	matter	2	4
help	meat	2	3
help	mermaid	0	0
help	midst	4	4
help	mind	2	2
help	minute	3	4
help	moment	3	4
help	money	1	3
help	moon	1	1
help	morning	2	4
help	morrow	3	4
help	mountain	2	3
help	mouse	0	0
help	mouth	2	3
help	name	2	3
help	neck	3	3
help	needle	1	3
help	nest	2	3
help	night	2	3
help	noise	2	3
help	number	3	4
help	opinion	2	4
help	order	2	4
help	pain	3	3
help	pair	2	2
help	palace	2	3
help	part	3	4
help	paw	1	2
help	peace	2	3
help	piece	3	3
help	pig	0	0
help	place	3	3
help	pleasure	3	4
help	plenty	3	4
help	power	1	3
help	rabbit	0	0
help	rest	1	4
help	right	2	3
help	ring	0	3
help	river	1	2
help	road	2	3
help	rock	2	3
help	room	3	3
help	rose	1	1
help	sack	1	3
help	sand	2	3
help	sea	1	2
help	sense	1	4
help	serpent	0	0
help	sheep	0	0
help	ship	1	2
help	shoe	1	3
help	shore	3	3
help	shoulder	2	3
help	side	3	4
help	sight	2	3
help	silver	2	3
help	snow	2	3
help	song	1	3
help	sorrow	3	3
help	spot	3	4
help	spring	2	3
help	star	1	1
help	step	3	4
help	stone	1	3
help	story	2	3
help	stream	1	2
help	street	3	3
help	strength	1	4
help	sun	1	2
help	sword	1	3
help	table	1	3
help	tale	2	3
help	tear	1	3
help	thing	2	2
help	thistle	2	2
help	thought	1	3
help	throne	2	3
help	time	1	4
help	tongue	2	3
help	tooth	2	3
help	top	4	4
help	tree	1	1
help	trouble	3	3
help	truth	1	3
help	use	3	4
help	voice	1	3
help	wall	2	3
help	want	3	3
help	war	2	3
help	water	1	3
help	way	2	4
help	week	3	4
help	well	1	2
help	while	4	4
help	wind	1	2
help	window	2	3
help	wine	1	3
help	witch	0	0
help	wolf	0	0
help	wood	1	2
help	word	1	3
help	work	2	3
help	world	2	1
help	year	3	4
hide	air	3	3
hide	angel	0	1
hide	apple	2	0
hide	arm	1	1
hide	arrow	3	0
hide	back	3	2
hide	bag	2	0
hide	bank	1	2
hide	basket	2	0
hide	battle	3	3
hide	bear	0	0
hide	beauty	2	1
hide	bed	2	2
hide	bee	0	1
hide	bell	3	1
hide	blood	3	1
hide	boat	2	1
hide	body	2	0
hide	book	3	0
hide	boot	2	0
hide	box	2	0
hide	branch	1	1
hide	bread	3	0
hide	bridge	2	2
hide	business	4	3
hide	care	3	2
hide	carriage	2	2
hide	case	2	1
hide	castle	1	1
hide	cave	1	2
hide	chance	4	3
hide	cheese	3	0
hide	chin	3	2
hide	church	2	2
hide	city	2	2
hide	clothes	1	0
hide	cloud	0	2
hide	coat	1	0
hide	company	3	3
hide	corner	2	3
hide	cottage	1	2
hide	country	3	3
hide	course	4	4
hide	court	3	3
hide	cry	3	2
hide	danger	2	2
hide	day	3	3
hide	death	2	1
hide	deed	3	1
hide	delight	3	1
hide	dinner	3	1
hide	dish	3	0
hide	door	1	1
hide	dragon	0	1
hide	dream	3	2
hide	dress	2	0
hide	dust	2	1
hide	eagle	0	1
hide	ear	3	2
hide	earth	1	2
hide	egg	3	0
hide	elephant	0	2
hide	end	4	3
hide	evening	3	4
hide	eye	3	1
hide	fairy	0	1
hide	fear	2	0
hide	feast	3	2
hide	feather	2	0
hide	field	2	3
hide	fire	3	2
hide	flame	3	2
hide	floor	2	3
hide	flower	1	0
hide	food	3	0
hide	foot	3	1
hide	forehead	3	1
hide	forest	1	3
hide	form	3	1
hide	front	4	3
hide	garden	2	2
hide	gate	2	2
hide	giant	0	1
hide	gift	3	0
hide	glass	3	0
hide	gold	3	0
hide	grass	1	3
hide	grave	2	3
hide	ground	2	3
hide	gun	3	0
hide	hall	3	3
hide	hand	1	0
hide	head	3	0
hide	heap	1	2
hide	heart	1	1
hide	help	4	4
hide	hill	1	2
hide	hole	1	2
hide	home	3	3
hide	honey	3	0
hide	horn	3	0
hide	hour	4	4
hide	house	2	2
hide	hut	2	2
hide	instant	4	4
hide	iron	3	1
hide	island	2	2
hide	journey	4	3
hide	joy	3	1
hide	kind	4	4
hide	kingdom	3	3
hide	kitchen	3	3
hide	knife	3	0
hide	lake	1	3
hide	land	3	3
hide	leaf	1	0
hide	leg	3	1
hide	length	4	4
hide	letter	3	0
hide	life	3	0
hide	light	3	1
hide	lion	0	1
hide	look	3	2
hide	love	2	0
hide	magic	1	1
hide	marriage	4	2
hide	matter	4	2
hide	meat	3	0
hide	mermaid	0	1
hide	midst	4	4
hide	mind	3	2
hide	minute	4	4
hide	moment	4	4
hide	money	3	0
hide	moon	1	2
hide	morning	3	4
hide	morrow	4	4
hide	mountain	1	3
hide	mouth	3	1
hide	name	3	0
hide	neck	3	1
hide	needle	3	0
hide	nest	2	0
hide	night	1	3
hide	noise	2	3
hide	number	4	3
hide	opinion	4	2
hide	order	4	3
hide	pain	3	0
hide	pair	3	2
hide	palace	2	2
hide	part	3	2
hide	paw	3	1
hide	peace	4	3
hide	piece	3	1
hide	place	3	3
hide	pleasure	3	1
hide	plenty	4	3
hide	power	3	1
hide	rest	4	3
hide	right	4	3
hide	ring	3	0
hide	river	2	3
hide	road	3	3
hide	room	2	2
hide	rose	2	1
hide	sack	2	0
hide	sand	1	2
hide	sea	1	3
hide	search	4	4
hide	sense	4	3
hide	ship	2	1
hide	shoe	2	0
hide	shore	3	3
hide	shoulder	3	1
hide	side	3	2
hide	sight	4	3
hide	silver	3	0
hide	snow	1	2
hide	song	3	2
hide	sorrow	3	0
hide	spot	3	2
hide	spring	3	2
hide	star	2	2
hide	step	4	3
hide	stone	1	0
hide	story	3	2
hide	stream	2	3
hide	street	3	3
hide	strength	4	1
hide	subject	4	3
hide	sun	2	2
hide	sword	3	0
hide	table	1	2
hide	tale	3	2
hide	tear	3	0
hide	thing	2	0
hide	thistle	2	1
hide	thought	3	1
hide	throne	3	2
hide	time	4	4
hide	tongue	3	1
hide	tooth	3	1
hide	top	3	3
hide	town	3	3
hide	tree	1	2
hide	trouble	3	1
hide	truth	3	0
hide	use	4	4
hide	village	3	3
hide	voice	3	1
hide	wall	1	3
hide	want	4	2
hide	war	4	4
hide	way	4	2
hide	week	4	4
hide	well	2	2
hide	while	4	4
hide	wind	2	3
hide	window	2	2
hide	wine	3	0
hide	witch	0	1
hide	word	4	2
hide	work	4	2
hide	world	3	4
hide	year	4	4
hold	air	1	2
hold	angel	0	1
hold	apple	2	0
hold	arrow	2	0
hold	back	2	1
hold	bank	1	3
hold	battle	2	1
hold	bear	0	1
hold	beard	1	1
hold	beast	0	1
hold	beauty	1	2
hold	bed	1	2
hold	bee	1	1
hold	being	0	1
hold	bell	2	0
hold	blood	2	2
hold	boat	0	1
hold	body	1	1
hold	book	1	0
hold	boot	1	0
hold	bread	2	0
hold	bridge	1	2
hold	business	2	3
hold	care	3	3
hold	carriage	0	1
hold	cat	0	0
hold	cave	0	3
hold	chance	3	3
hold	cheese	3	0
hold	chin	2	1
hold	church	1	3
hold	clothes	2	0
hold	cloud	1	2
hold	coat	2	0
hold	company	1	2
hold	corner	2	2
hold	cottage	1	3
hold	country	1	1
hold	course	3	1
hold	court	1	0
hold	crow	0	0
hold	cry	3	1
hold	danger	2	3
hold	day	2	3
hold	death	1	3
hold	deed	2	2
hold	delight	2	3
hold	dinner	2	1
hold	dish	0	0
hold	door	1	0
hold	dragon	0	1
hold	dream	1	2
hold	dress	2	0
hold	duck	0	0
hold	dust	2	2
hold	eagle	0	0
hold	ear	2	1
hold	earth	1	3
hold	egg	1	0
hold	elephant	0	1
hold	end	2	2
hold	evening	2	3
hold	eye	2	2
hold	face	2	1
hold	fairy	0	0
hold	fear	1	3
hold	feast	2	0
hold	feather	2	0
hold	field	1	1
hold	fire	2	3
hold	fish	1	0
hold	flame	3	3
hold	flower	2	0
hold	food	3	1
hold	foot	2	1
hold	forehead	3	2
hold	forest	1	3
hold	form	2	2
hold	fox	0	0
hold	front	3	2
hold	garden	1	3
hold	gate	1	1
hold	giant	0	1
hold	gift	2	0
hold	gold	3	0
hold	grass	2	1
hold	grave	1	3
hold	ground	1	0
hold	gun	2	0
hold	hair	2	1
hold	hall	0	1
hold	hare	0	0
hold	head	2	0
hold	heap	2	2
hold	heart	1	1
hold	help	3	3
hold	hill	1	1
hold	hole	1	2
hold	home	1	2
hold	honey	3	1
hold	horn	2	0
hold	horse	1	1
hold	hour	2	3
hold	house	0	2
hold	hut	0	3
hold	instant	3	3
hold	iron	2	1
hold	island	1	1
hold	journey	3	3
hold	joy	2	3
hold	kind	3	3
hold	kingdom	1	1
hold	kitchen	1	3
hold	knife	2	0
hold	lake	1	3
hold	land	1	1
hold	leaf	2	0
hold	leg	2	1
hold	length	3	3
hold	letter	1	0
hold	life	2	2
hold	light	2	2
hold	lion	0	1
hold	look	2	3
hold	love	2	2
hold	magic	1	2
hold	marriage	2	2
hold	matter	3	3
hold	meat	3	0
hold	mermaid	0	1
hold	midst	4	4
hold	mind	1	2
hold	minute	3	3
hold	moment	2	2
hold	money	3	0
hold	moon	2	3
hold	morning	2	3
hold	morrow	2	3
hold	mountain	1	3
hold	mouse	0	0
hold	mouth	1	2
hold	name	2	2
hold	neck	2	1
hold	needle	2	0
hold	night	2	3
hold	noise	3	3
hold	number	3	3
hold	opinion	2	0
hold	order	2	2
hold	pain	2	3
hold	pair	1	1
hold	palace	0	2
hold	part	2	2
hold	peace	2	0
hold	piece	2	0
hold	pig	1	0
hold	pleasure	3	3
hold	plenty	3	3
hold	power	2	0
hold	rabbit	0	0
hold	rest	3	3
hold	right	3	2
hold	ring	1	0
hold	river	1	3
hold	road	2	3
hold	rock	1	1
hold	rose	2	0
hold	sand	2	1
hold	sea	1	3
hold	search	3	3
hold	sense	3	3
hold	serpent	1	0
hold	sheep	1	0
hold	ship	0	2
hold	shoe	1	0
hold	shore	2	3
hold	shoulder	2	1
hold	side	3	2
hold	sight	3	3
hold	silver	3	0
hold	snow	2	1
hold	song	2	2
hold	sorrow	2	3
hold	spot	2	3
hold	spring	2	3
hold	star	2	2
hold	step	3	3
hold	stone	2	0
hold	story	1	3
hold	stream	1	3
hold	street	2	3
hold	strength	2	3
hold	subject	3	3
hold	sun	2	3
hold	sword	2	0
hold	table	1	2
hold	tale	1	3
hold	tear	3	2
hold	thistle	2	1
hold	thought	2	2
hold	throne	1	1
hold	time	2	3
hold	tongue	2	0
hold	tooth	2	1
hold	top	3	2
hold	town	1	1
hold	trouble	3	3
hold	truth	1	3
hold	use	4	4
hold	village	1	1
hold	voice	2	3
hold	wall	1	1
hold	want	3	3
hold	war	2	3
hold	water	2	1
hold	way	3	3
hold	week	2	3
hold	well	1	3
hold	while	4	4
hold	wind	2	3
hold	window	2	2
hold	wine	3	1
hold	witch	0	0
hold	wolf	0	1
hold	wood	2	1
hold	word	2	2
hold	work	3	3
hold	world	1	3
hold	year	2	3
keep	air	2	2
keep	angel	0	1
keep	apple	3	0
keep	arm	3	1
keep	arrow	3	0
keep	back	3	1
keep	battle	3	3
keep	bear	0	0
keep	beard	3	0
keep	beauty	1	0
keep	bed	2	1
keep	bell	3	0
keep	blood	3	2
keep	boat	2	0
keep	body	2	1
keep	book	2	0
keep	boot	2	0
keep	branch	2	1
keep	bread	2	0
keep	bridge	2	0
keep	business	2	1
keep	care	2	2
keep	carriage	2	0
keep	case	2	1
keep	castle	1	0
keep	cave	1	1
keep	chance	3	2
keep	cheese	1	0
keep	chin	3	1
keep	church	2	1
keep	city	2	1
keep	clothes	1	0
keep	cloud	2	2
keep	coat	1	0
keep	corner	3	2
keep	cottage	1	0
keep	course	3	0
keep	cry	3	2
keep	danger	2	3
keep	day	2	1
keep	death	2	2
keep	deed	3	2
keep	delight	3	2
keep	dinner	2	0
keep	dish	2	0
keep	door	2	0
keep	dragon	0	0
keep	dream	2	1
keep	dress	2	0
keep	dust	2	2
keep	ear	3	1
keep	earth	1	1
keep	egg	2	0
keep	end	3	2
keep	evening	3	2
keep	eye	3	0
keep	face	3	0
keep	fairy	0	0
keep	fear	1	1
keep	feast	3	0
keep	feather	3	0
keep	field	2	0
keep	fire	1	0
keep	fish	1	0
keep	flame	2	0
keep	floor	3	1
keep	flower	3	0
keep	food	1	0
keep	foot	3	1
keep	forehead	3	2
keep	forest	1	1
keep	form	3	1
keep	front	4	3
keep	garden	2	0
keep	gate	2	0
keep	giant	0	0
keep	gift	2	0
keep	glass	2	0
keep	gold	2	0
keep	grass	3	1
keep	grave	2	1
keep	ground	2	2
keep	gun	3	0
keep	hair	3	0
keep	hall	2	1
keep	hand	2	0
keep	head	2	0
keep	heap	3	1
keep	heart	1	0
keep	help	2	2
keep	hill	2	1
keep	hole	2	1
keep	home	2	0
keep	honey	2	0
keep	horn	3	0
keep	hour	3	2
keep	hut	2	0
keep	instant	4	3
keep	iron	2	0
keep	island	2	1
keep	journey	2	3
keep	joy	2	1
keep	kind	4	3
keep	kingdom	2	0
keep	kitchen	2	1
keep	knife	3	0
keep	lake	1	1
keep	land	2	0
keep	leaf	3	0
keep	leg	3	1
keep	length	4	3
keep	letter	3	0
keep	life	2	0
keep	light	1	0
keep	look	3	2
keep	love	1	0
keep	magic	1	0
keep	magician	0	0
keep	marriage	3	2
keep	matter	3	1
keep	meat	2	0
keep	mermaid	0	0
keep	midst	4	4
keep	minute	4	3
keep	moment	4	3
keep	money	2	0
keep	moon	1	1
keep	morning	3	3
keep	morrow	4	3
keep	mountain	1	1
keep	mouth	3	0
keep	name	2	1
keep	neck	3	1
keep	needle	3	0
keep	nest	2	0
keep	night	2	2
keep	noise	2	2
keep	number	4	2
keep	opinion	3	0
keep	order	2	0
keep	pain	2	2
keep	pair	2	1
keep	palace	2	0
keep	part	3	1
keep	paw	3	1
keep	peace	2	0
keep	piece	3	0
keep	place	3	0
keep	pleasure	3	2
keep	plenty	3	2
keep	power	2	0
keep	rest	3	1
keep	right	3	1
keep	ring	1	0
keep	river	1	1
keep	road	2	1
keep	rock	2	1
keep	rose	2	0
keep	sack	2	0
keep	sand	2	1
keep	sea	1	2
keep	search	4	3
keep	sense	3	1
keep	serpent	0	0
keep	ship	2	0
keep	shoe	2	0
keep	shore	2	2
keep	shoulder	3	2
keep	side	4	2
keep	sight	3	2
keep	silver	2	0
keep	snow	1	1
keep	song	2	0
keep	sorrow	2	1
keep	spot	3	2
keep	spring	2	1
keep	star	1	1
keep	step	4	2
keep	stone	1	0
keep	story	2	0
keep	stream	2	2
keep	street	3	2
keep	strength	2	0
keep	sun	1	2
keep	sword	2	0
keep	table	2	1
keep	tale	2	1
keep	tear	3	1
keep	thing	2	0
keep	thistle	3	1
keep	thought	2	0
keep	throne	2	0
keep	time	3	0
keep	tongue	3	0
keep	tooth	3	0
keep	top	4	2
keep	town	2	1
keep	tree	1	1
keep	trouble	2	2
keep	truth	3	1
keep	use	4	3
keep	village	2	1
keep	voice	3	1
keep	wall	1	1
keep	want	2	3
keep	war	2	2
keep	water	2	0
keep	way	3	1
keep	week	3	2
keep	well	1	1
keep	while	4	4
keep	wind	1	2
keep	window	2	1
keep	wine	2	0
keep	witch	0	0
keep	wood	2	0
keep	word	3	0
keep	work	2	1
keep	world	2	1
keep	year	3	2
kill	air	3	4
kill	angel	1	2
kill	apple	1	3
kill	arm	2	3
kill	arrow	0	4
kill	baby	3	1
kill	back	4	4
kill	bag	3	4
kill	bank	4	4
kill	basket	4	4
kill	battle	1	4
kill	beard	3	4
kill	beauty	2	2
kill	bed	3	4
kill	bell	3	4
kill	blood	3	4
kill	boat	3	4
kill	body	3	3
kill	book	3	4
kill	boot	3	4
kill	box	3	4
kill	branch	1	4
kill	bread	2	4
kill	bridge	2	4
kill	business	4	3
kill	care	1	3
kill	carriage	2	4
kill	case	4	4
kill	castle	3	4
kill	cave	3	4
kill	chance	4	2
kill	cheese	3	4
kill	chin	4	4
kill	church	4	4
kill	city	3	4
kill	clothes	2	4
kill	cloud	3	4
kill	coat	3	4
kill	company	4	4
kill	corner	4	4
kill	cottage	3	4
kill	country	4	4
kill	course	4	4
kill	court	3	4
kill	crow	1	0
kill	cry	3	4
kill	danger	2	4
kill	day	4	3
kill	death	0	1
kill	deed	3	4
kill	delight	3	3
kill	dinner	3	4
kill	dish	2	4
kill	door	3	4
kill	dragon	0	0
kill	dream	3	3
kill	dress	2	4
kill	duck	2	0
kill	dust	3	4
kill	ear	4	4
kill	earth	3	4
kill	egg	3	3
kill	end	4	4
kill	evening	4	4
kill	eye	2	4
kill	face	3	4
kill	fairy	0	1
kill	fear	1	2
kill	feast	3	4
kill	feather	3	4
kill	field	4	4
kill	fire	0	2
kill	fish	2	0
kill	flame	1	2
kill	floor	4	4
kill	flower	2	1
kill	food	2	4
kill	foot	3	4
kill	forehead	4	4
kill	forest	3	3
kill	form	4	4
kill	front	4	4
kill	garden	3	3
kill	gate	3	4
kill	giant	0	0
kill	gift	2	4
kill	glass	2	4
kill	gold	2	4
kill	grass	4	2
kill	grave	4	4
kill	ground	4	4
kill	gun	0	4
kill	hair	3	4
kill	hall	4	4
kill	hand	1	4
kill	hare	2	0
kill	head	3	4
kill	heap	4	4
kill	heart	3	3
kill	help	4	4
kill	hill	4	4
kill	hole	4	4
kill	home	4	4
kill	honey	2	4
kill	horn	2	4
kill	hour	4	2
kill	house	3	4
kill	hut	3	4
kill	instant	4	4
kill	iron	2	4
kill	island	4	4
kill	journey	2	4
kill	joy	2	2
kill	kind	4	4
kill	kingdom	4	4
kill	kitchen	4	4
kill	knife	0	4
kill	lake	3	4
kill	land	4	4
kill	leaf	4	3
kill	leg	4	4
kill	length	4	4
kill	letter	3	4
kill	life	4	2
kill	light	2	2
kill	look	1	4
kill	love	2	1
kill	magic	1	2
kill	marriage	3	3
kill	matter	4	4
kill	meat	2	4
kill	mermaid	1	1
kill	midst	4	4
kill	mind	3	3
kill	minute	4	3
kill	moment	4	3
kill	money	3	4
kill	moon	3	3
kill	morning	4	4
kill	morrow	4	4
kill	mountain	3	4
kill	mouse	2	0
kill	mouth	3	4
kill	name	3	4
kill	neck	4	4
kill	needle	1	4
kill	nest	4	4
kill	night	3	4
kill	noise	3	4
kill	number	4	4
kill	opinion	4	4
kill	order	3	4
kill	pain	1	2
kill	pair	4	4
kill	palace	4	4
kill	part	4	4
kill	paw	2	4
kill	peace	4	3
kill	piece	4	4
kill	pig	2	0
kill	place	4	4
kill	pleasure	3	3
kill	plenty	4	4
kill	power	2	3
kill	rabbit	2	0
kill	rest	4	4
kill	right	4	4
kill	ring	2	4
kill	river	1	4
kill	road	4	4
kill	rock	1	4
kill	room	4	4
kill	rose	2	1
kill	sack	3	4
kill	sand	3	4
kill	sea	1	4
kill	search	4	4
kill	sense	4	4
kill	sheep	3	0
kill	ship	3	4
kill	shoe	2	4
kill	shore	4	4
kill	shoulder	4	4
kill	side	4	4
kill	sight	2	4
kill	silver	2	4
kill	snow	1	4
kill	song	2	3
kill	sorrow	1	3
kill	spot	4	4
kill	spring	3	4
kill	star	3	3
kill	step	4	4
kill	stone	1	4
kill	story	3	3
kill	stream	2	4
kill	street	4	4
kill	strength	4	4
kill	subject	2	1
kill	sun	1	3
kill	sword	0	4
kill	table	3	4
kill	tale	3	3
kill	tear	3	4
kill	thistle	3	1
kill	thought	3	3
kill	throne	4	4
kill	time	2	1
kill	tongue	2	4
kill	tooth	3	4
kill	top	4	4
kill	town	4	4
kill	tree	1	1
kill	trouble	3	4
kill	truth	2	3
kill	use	4	4
kill	village	4	4
kill	voice	3	4
kill	wall	1	4
kill	want	2	4
kill	war	1	3
kill	water	1	4
kill	way	4	4
kill	week	4	3
kill	well	3	4
kill	while	4	4
kill	wind	1	4
kill	window	4	4
kill	wine	1	4
kill	wood	3	4
kill	word	2	3
kill	work	1	3
kill	world	4	4
kill	year	3	4
kiss	air	2	1
kiss	angel	0	0
kiss	animal	0	0
kiss	apple	3	1
kiss	arm	2	0
kiss	arrow	3	1
kiss	back	3	1
kiss	bag	3	2
kiss	bank	3	2
kiss	basket	3	2
kiss	battle	4	4
kiss	bear	0	0
kiss	beard	3	1
kiss	beast	0	0
kiss	bed	3	2
kiss	bee	1	1
kiss	bell	3	2
kiss	bird	0	0
kiss	blood	3	2
kiss	boat	3	2
kiss	body	2	1
kiss	book	3	1
kiss	boot	3	1
kiss	box	3	2
kiss	branch	2	2
kiss	bread	3	1
kiss	bridge	3	2
kiss	business	4	4
kiss	care	4	4
kiss	carriage	3	2
kiss	case	4	3
kiss	castle	3	2
kiss	cat	0	0
kiss	cave	3	3
kiss	chance	4	4
kiss	cheese	4	2
kiss	chin	2	0
kiss	church	3	2
kiss	city	3	3
kiss	clothes	3	2
kiss	cloud	2	2
kiss	coat	3	2
kiss	company	4	3
kiss	corner	4	3
kiss	cottage	3	2
kiss	country	4	3
kiss	course	4	4
kiss	court	4	3
kiss	creature	0	0
kiss	crow	0	0
kiss	cry	4	4
kiss	danger	4	4
kiss	day	4	4
kiss	death	3	2
kiss	deed	4	4
kiss	delight	4	4
kiss	dinner	4	3
kiss	dish	4	2
kiss	door	3	2
kiss	dragon	0	0
kiss	dream	3	3
kiss	dress	3	1
kiss	duck	0	0
kiss	dust	3	1
kiss	eagle	0	0
kiss	ear	3	0
kiss	earth	3	1
kiss	egg	3	1
kiss	elephant	0	0
kiss	end	4	4
kiss	evening	3	4
kiss	eye	3	0
kiss	face	2	0
kiss	fairy	0	0
kiss	family	2	1
kiss	fear	4	4
kiss	feast	4	4
kiss	feather	3	1
kiss	field	3	2
kiss	fire	2	3
kiss	fish	0	0
kiss	flame	2	3
kiss	floor	3	1
kiss	flower	3	1
kiss	food	4	2
kiss	foot	3	0
kiss	forehead	3	0
kiss	forest	3	3
kiss	form	4	3
kiss	fox	0	0
kiss	front	4	4
kiss	garden	4	3
kiss	gate	3	2
kiss	giant	0	0
kiss	gift	3	1
kiss	glass	3	1
kiss	gold	3	1
kiss	grass	3	1
kiss	grave	3	1
kiss	ground	3	0
kiss	gun	4	2
kiss	hair	3	0
kiss	hall	4	3
kiss	hand	2	0
kiss	hare	0	0
kiss	head	2	0
kiss	heap	4	3
kiss	heart	3	2
kiss	help	4	4
kiss	hill	3	3
kiss	hole	4	3
kiss	home	4	3
kiss	honey	4	2
kiss	horn	3	1
kiss	horse	0	0
kiss	hour	4	4
kiss	house	4	3
kiss	hut	4	3
kiss	instant	4	4
kiss	iron	3	2
kiss	island	4	3
kiss	journey	4	4
kiss	joy	4	4
kiss	kind	4	4
kiss	kingdom	4	3
kiss	kitchen	4	3
kiss	knife	3	2
kiss	lake	3	2
kiss	land	4	2
kiss	leaf	3	1
kiss	leg	3	1
kiss	length	4	4
kiss	letter	3	0
kiss	life	4	4
kiss	light	2	3
kiss	lion	0	0
kiss	look	4	4
kiss	love	3	3
kiss	magic	3	4
kiss	marriage	4	4
kiss	matter	4	4
kiss	meat	4	3
kiss	mermaid	0	0
kiss	midst	4	4
kiss	mind	4	4
kiss	minute	4	4
kiss	moment	4	4
kiss	money	4	2
kiss	monkey	0	0
kiss	moon	1	1
kiss	morning	3	4
kiss	morrow	4	4
kiss	mountain	3	3
kiss	mouse	0	0
kiss	mouth	2	0
kiss	name	4	3
kiss	neck	3	0
kiss	needle	4	2
kiss	nest	3	2
kiss	night	3	4
kiss	noise	4	4
kiss	number	4	4
kiss	opinion	4	4
kiss	order	4	4
kiss	pain	4	4
kiss	pair	3	2
kiss	palace	4	3
kiss	part	4	3
kiss	paw	2	0
kiss	peace	4	4
kiss	piece	4	3
kiss	pig	0	0
kiss	place	4	3
kiss	pleasure	4	4
kiss	plenty	4	4
kiss	power	4	4
kiss	rabbit	0	0
kiss	rest	4	4
kiss	right	4	4
kiss	ring	3	0
kiss	river	3	2
kiss	road	4	3
kiss	rock	3	2
kiss	room	4	3
kiss	rose	3	0
kiss	sack	4	2
kiss	sand	3	2
kiss	sea	2	3
kiss	search	4	4
kiss	sense	4	4
kiss	serpent	0	0
kiss	sheep	0	0
kiss	ship	3	2
kiss	shoe	3	1
kiss	shore	2	1
kiss	shoulder	3	0
kiss	side	4	3
kiss	sight	4	4
kiss	silver	3	2
kiss	snow	2	2
kiss	song	4	4
kiss	sorrow	4	4
kiss	spot	4	2
kiss	spring	3	3
kiss	star	2	2
kiss	step	4	3
kiss	stone	3	1
kiss	story	4	4
kiss	stream	3	2
kiss	street	4	3
kiss	strength	4	4
kiss	sun	1	2
kiss	sword	3	1
kiss	table	4	2
kiss	tale	4	4
kiss	tear	3	1
kiss	thing	3	3
kiss	thistle	3	2
kiss	thought	4	4
kiss	throne	4	2
kiss	time	4	4
kiss	tongue	3	2
kiss	tooth	4	3
kiss	top	4	3
kiss	town	4	3
kiss	tree	2	1
kiss	trouble	4	4
kiss	truth	4	4
kiss	use	4	4
kiss	village	4	3
kiss	voice	4	4
kiss	wall	4	2
kiss	want	4	4
kiss	war	4	4
kiss	water	3	2
kiss	way	4	4
kiss	week	4	4
kiss	well	4	3
kiss	while	4	4
kiss	wind	1	3
kiss	window	3	2
kiss	wine	3	2
kiss	witch	0	0
kiss	wolf	0	0
kiss	wood	3	2
kiss	word	4	4
kiss	work	4	4
kiss	world	4	3
kiss	year	4	4
know	air	2	1
know	angel	0	0
know	apple	2	1
know	arm	3	2
know	arrow	2	1
know	back	3	2
know	bag	3	1
know	bank	3	1
know	basket	3	1
know	battle	3	0
know	bear	0	0
know	beard	3	2
know	beast	0	0
know	beauty	1	0
know	bed	3	1
know	bee	0	0
know	bell	2	1
know	bird	0	0
know	blood	3	1
know	boat	2	1
know	body	3	1
know	book	2	0
know	boot	3	1
know	box	3	1
know	branch	2	1
know	bread	3	1
know	bridge	2	0
know	care	3	0
know	carriage	3	1
know	case	3	1
know	castle	2	0
know	cave	2	0
know	chance	3	1
know	cheese	3	1
know	chin	3	2
know	church	2	0
know	city	1	0
know	clothes	3	1
know	cloud	1	1
know	coat	3	1
know	corner	3	1
know	cottage	2	0
know	country	1	0
know	course	3	0
know	crow	0	0
know	cry	3	0
know	danger	3	0
know	day	3	1
know	death	1	0
know	deed	3	0
know	delight	3	0
know	dinner	3	2
know	dish	3	1
know	door	2	1
know	dragon	0	0
know	dream	2	1
know	dress	3	1
know	duck	0	0
know	dust	3	2
know	eagle	0	0
know	ear	2	1
know	earth	1	0
know	egg	2	1
know	elephant	0	0
know	end	3	0
know	evening	3	1
know	eye	2	1
know	face	3	0
know	fairy	0	0
know	fear	3	0
know	feast	3	1
know	feather	3	1
know	field	2	0
know	fire	2	0
know	fish	0	0
know	flame	2	1
know	floor	3	1
know	flower	1	1
know	food	3	1
know	foot	3	1
know	forehead	3	2
know	forest	1	0
know	form	3	0
know	front	3	2
know	garden	2	0
know	gate	2	1
know	giant	0	0
know	gift	2	1
know	glass	2	1
know	gold	3	1
know	grass	2	1
know	grave	3	0
know	ground	2	0
know	gun	3	1
know	hair	3	2
know	hall	3	0
know	hand	2	1
know	hare	0	0
know	head	2	1
know	heap	3	2
know	help	3	1
know	hill	2	0
know	hole	3	1
know	home	2	0
know	honey	3	1
know	horn	2	1
know	hour	3	0
know	house	2	0
know	hut	2	0
know	instant	4	2
know	iron	3	1
know	island	2	0
know	journey	3	1
know	joy	3	0
know	kind	3	1
know	kingdom	1	0
know	kitchen	3	0
know	knife	3	1
know	lake	1	0
know	land	1	0
know	leaf	2	1
know	leg	3	2
know	length	4	0
know	letter	3	0
know	life	3	0
know	light	2	1
know	lion	0	0
know	look	3	1
know	love	3	0
know	magic	2	0
know	marriage	3	1
know	matter	3	1
know	meat	3	1
know	mermaid	0	0
know	midst	4	3
know	minute	4	1
know	moment	4	0
know	money	3	1
know	moon	1	0
know	morning	3	1
know	morrow	3	1
know	mountain	1	0
know	mouse	0	0
know	mouth	3	1
know	name	3	0
know	neck	3	2
know	needle	2	1
know	nest	3	1
know	night	2	1
know	noise	3	0
know	number	3	0
know	opinion	3	0
know	order	3	1
know	pain	3	0
know	palace	2	0
know	part	3	1
know	paw	3	1
know	peace	3	0
know	piece	3	1
know	pig	0	0
know	place	3	0
know	pleasure	3	0
know	plenty	3	1
know	power	2	0
know	rabbit	0	0
know	rest	3	0
know	right	3	1
know	ring	2	1
know	river	1	0
know	road	2	0
know	rock	2	1
know	room	3	0
know	rose	1	1
know	sack	3	1
know	sand	2	1
know	sea	1	0
know	search	4	1
know	sense	3	1
know	serpent	0	0
know	sheep	0	0
know	ship	2	1
know	shoe	2	1
know	shore	2	0
know	shoulder	3	2
know	side	3	1
know	sight	3	1
know	silver	3	1
know	snow	2	1
know	song	2	0
know	sorrow	3	0
know	spot	3	0
know	spring	2	1
know	star	1	0
know	step	3	1
know	stone	2	1
know	story	3	0
know	stream	1	0
know	street	3	0
know	strength	3	0
know	sun	1	0
know	sword	2	1
know	table	3	1
know	tale	3	0
know	tear	3	1
know	thing	2	0
know	thistle	1	1
know	thought	3	0
know	throne	3	1
know	time	3	0
know	tongue	3	0
know	tooth	3	1
know	top	4	2
know	town	1	0
know	tree	1	0
know	trouble	3	0
know	truth	3	0
know	use	4	1
know	village	1	0
know	voice	3	0
know	wall	2	1
know	want	3	0
know	war	3	0
know	water	2	1
know	way	4	0
know	week	4	1
know	well	2	0
know	while	4	4
know	wind	1	0
know	window	3	1
know	wine	3	1
know	witch	0	0
know	wood	1	0
know	word	3	0
know	work	3	0
know	world	1	0
know	year	4	1
laugh	air	3	4
laugh	angel	0	4
laugh	animal	0	4
laugh	apple	2	4
laugh	arm	3	4
laugh	arrow	3	4
laugh	baby	0	4
laugh	back	4	4
laugh	bag	3	4
laugh	bank	3	4
laugh	basket	3	4
laugh	battle	4	4
laugh	bear	0	4
laugh	beard	3	4
laugh	beast	0	4
laugh	beauty	1	4
laugh	bed	3	4
laugh	bee	0	4
laugh	being	0	4
laugh	bell	2	4
laugh	bird	0	4
laugh	blood	4	4
laugh	boat	2	4
laugh	body	3	4
laugh	book	2	4
laugh	boot	2	4
laugh	box	2	4
laugh	boy	0	4
laugh	branch	2	4
laugh	bread	2	4
laugh	bride	0	4
laugh	bridegroom	0	4
laugh	bridge	2	4
laugh	brother	0	4
laugh	business	4	4
laugh	captain	0	4
laugh	care	4	4
laugh	carriage	2	4
laugh	case	4	4
laugh	castle	2	4
laugh	cat	0	4
laugh	cave	2	4
laugh	chance	4	4
laugh	cheese	2	4
laugh	child	0	4
laugh	chin	3	4
laugh	church	3	4
laugh	city	2	4
laugh	clothes	3	4
laugh	cloud	2	4
laugh	coat	3	4
laugh	company	0	4
laugh	corner	4	4
laugh	cottage	3	4
laugh	country	2	4
laugh	course	4	4
laugh	court	0	4
laugh	creature	0	4
laugh	crow	0	4
laugh	cry	4	4
laugh	danger	4	4
laugh	daughter	0	4
laugh	day	3	4
laugh	death	1	4
laugh	deed	4	4
laugh	delight	4	4
laugh	dinner	3	4
laugh	dish	1	4
laugh	dog	0	4
laugh	door	2	4
laugh	dragon	0	4
laugh	dream	3	4
laugh	dress	3	4
laugh	duck	0	4
laugh	dust	4	4
laugh	eagle	0	4
laugh	ear	3	4
laugh	earth	2	4
laugh	egg	2	4
laugh	elephant	0	4
laugh	emperor	0	4
laugh	end	4	4
laugh	evening	3	4
laugh	eye	1	4
laugh	face	1	4
laugh	fairy	0	4
laugh	family	0	4
laugh	farmer	0	4
laugh	father	0	4
laugh	fear	4	4
laugh	feast	3	4
laugh	feather	3	4
laugh	fellow	0	4
laugh	field	2	4
laugh	fire	2	4
laugh	fish	0	4
laugh	flame	2	4
laugh	floor	3	4
laugh	flower	1	4
laugh	folk	0	4
laugh	food	3	4
laugh	foot	3	4
laugh	forehead	3	4
laugh	forest	2	4
laugh	form	3	4
laugh	fox	0	4
laugh	friend	0	4
laugh	front	4	4
laugh	garden	2	4
laugh	gate	2	4
laugh	gentleman	0	4
laugh	giant	0	4
laugh	gift	3	4
laugh	girl	0	4
laugh	glass	2	4
laugh	gold	3	4
laugh	grandfather	0	4
laugh	grass	2	4
laugh	grave	3	4
laugh	ground	3	4
laugh	guest	0	4
laugh	gun	3	4
laugh	hair	3	4
laugh	hall	2	4
laugh	hand	3	4
laugh	hare	0	4
laugh	head	1	4
laugh	heap	4	4
laugh	heart	1	4
laugh	help	4	4
laugh	hero	0	4
laugh	hill	2	4
laugh	hole	3	4
laugh	home	3	4
laugh	honey	3	4
laugh	horn	2	4
laugh	horse	0	4
laugh	hour	4	4
laugh	house	2	4
laugh	husband	0	4
laugh	hut	2	4
laugh	instant	4	4
laugh	iron	3	4
laugh	island	3	4
laugh	journey	4	4
laugh	joy	3	4
laugh	kind	4	4
laugh	king	0	4
laugh	kingdom	1	4
laugh	kitchen	3	4
laugh	knife	3	4
laugh	knight	0	4
laugh	lad	0	4
laugh	lady	0	4
laugh	lake	2	4
laugh	land	2	4
laugh	leaf	2	4
laugh	leg	3	4
laugh	length	4	4
laugh	letter	3	4
laugh	life	3	4
laugh	light	3	4
laugh	lion	0	4
laugh	look	4	4
laugh	love	3	4
laugh	magic	3	4
laugh	magician	0	4
laugh	maid	0	4
laugh	maiden	0	4
laugh	man	0	4
laugh	marriage	4	4
laugh	master	0	4
laugh	matter	4	4
laugh	meat	3	4
laugh	merchant	0	4
laugh	mermaid	0	4
laugh	midst	4	4
laugh	mind	3	4
laugh	minute	4	4
laugh	moment	4	4
laugh	money	3	4
laugh	monkey	0	4
laugh	moon	1	4
laugh	morning	3	4
laugh	morrow	4	4
laugh	mother	0	4
laugh	mountain	2	4
laugh	mouse	0	4
laugh	mouth	2	4
laugh	name	4	4
laugh	neck	3	4
laugh	needle	2	4
laugh	nest	3	4
laugh	night	3	4
laugh	noise	4	4
laugh	number	4	4
laugh	one	0	4
laugh	opinion	4	4
laugh	order	4	4
laugh	other	0	4
laugh	pain	4	4
laugh	pair	1	4
laugh	palace	2	4
laugh	part	4	4
laugh	paw	3	4
laugh	peace	4	4
laugh	peasant	0	4
laugh	people	0	4
laugh	piece	4	4
laugh	pig	0	4
laugh	place	3	4
laugh	pleasure	4	4
laugh	plenty	4	4
laugh	poet	0	4
laugh	power	4	4
laugh	prince	0	4
laugh	princess	0	4
laugh	queen	0	4
laugh	rabbit	0	4
laugh	rest	0	4
laugh	right	4	4
laugh	ring	2	4
laugh	river	2	4
laugh	road	3	4
laugh	rock	2	4
laugh	room	2	4
laugh	rose	1	4
laugh	sack	3	4
laugh	sand	3	4
laugh	sea	2	4
laugh	search	4	4
laugh	sense	4	4
laugh	serpent	0	4
laugh	servant	0	4
laugh	sheep	0	4
laugh	ship	2	4
laugh	shoe	2	4
laugh	shore	3	4
laugh	shoulder	4	4
laugh	side	4	4
laugh	sight	4	4
laugh	silver	3	4
laugh	sister	0	4
laugh	slave	0	4
laugh	snow	3	4
laugh	soldier	0	4
laugh	son	0	4
laugh	song	3	4
laugh	sorrow	4	4
laugh	spot	4	4
laugh	spring	2	4
laugh	star	1	4
laugh	step	4	4
laugh	stone	2	4
laugh	story	3	4
laugh	stranger	0	4
laugh	stream	1	4
laugh	street	3	4
laugh	strength	4	4
laugh	subject	0	4
laugh	sun	1	4
laugh	sword	2	4
laugh	table	2	4
laugh	tale	3	4
laugh	tear	4	4
laugh	thing	1	4
laugh	thistle	2	4
laugh	thought	3	4
laugh	throne	3	4
laugh	time	3	4
laugh	tongue	3	4
laugh	tooth	3	4
laugh	top	2	4
laugh	town	1	4
laugh	tree	1	4
laugh	trouble	4	4
laugh	truth	3	4
laugh	use	4	4
laugh	village	1	4
laugh	vizir	0	4
laugh	voice	2	4
laugh	wall	3	4
laugh	want	4	4
laugh	war	4	4
laugh	water	2	4
laugh	way	4	4
laugh	week	4	4
laugh	well	2	4
laugh	while	4	4
laugh	wife	0	4
laugh	wind	1	4
laugh	window	3	4
laugh	wine	3	4
laugh	witch	0	4
laugh	wolf	0	4
laugh	woman	0	4
laugh	wood	2	4
laugh	word	4	4
laugh	work	4	4
laugh	world	1	4
laugh	year	4	4
laugh	youth	0	4
lay	air	4	4
lay	angel	0	2
lay	animal	0	1
lay	apple	3	0
lay	arm	2	0
lay	arrow	4	0
lay	baby	1	0
lay	back	3	2
lay	bag	4	0
lay	bank	3	2
lay	basket	4	0
lay	battle	4	3
lay	bear	0	2
lay	beard	4	1
lay	beast	0	2
lay	beauty	0	1
lay	bed	4	0
lay	bee	0	2
lay	being	0	1
lay	bell	4	0
lay	bird	0	1
lay	blood	3	2
lay	boat	4	1
lay	body	3	0
lay	book	4	0
lay	boot	4	0
lay	box	4	0
lay	branch	3	0
lay	bread	4	0
lay	bridge	3	1
lay	business	3	2
lay	care	3	2
lay	carriage	3	2
lay	case	4	1
lay	castle	4	3
lay	cat	0	1
lay	cave	4	4
lay	chance	4	3
lay	cheese	4	0
lay	chin	3	1
lay	church	4	3
lay	city	4	3
lay	clothes	4	0
lay	cloud	3	3
lay	coat	4	0
lay	company	0	3
lay	corner	4	4
lay	cottage	4	3
lay	country	3	1
lay	course	4	2
lay	court	1	3
lay	creature	0	1
lay	crow	0	1
lay	cry	4	4
lay	danger	4	3
lay	day	4	4
lay	death	3	3
lay	deed	4	2
lay	delight	4	3
lay	dinner	4	1
lay	dish	4	0
lay	dog	0	1
lay	door	4	2
lay	dragon	0	2
lay	dream	4	3
lay	dress	4	0
lay	duck	0	1
lay	dust	3	2
lay	eagle	0	2
lay	ear	3	1
lay	earth	3	2
lay	egg	4	0
lay	elephant	0	3
lay	end	4	3
lay	evening	4	4
lay	eye	3	0
lay	face	3	1
lay	fairy	0	2
lay	family	0	3
lay	fear	3	3
lay	feast	4	1
lay	feather	4	0
lay	field	4	3
lay	fire	3	0
lay	flame	3	2
lay	floor	4	2
lay	flower	4	0
lay	folk	0	3
lay	food	4	0
lay	foot	3	1
lay	forehead	3	1
lay	forest	4	4
lay	form	3	2
lay	fox	0	1
lay	front	4	4
lay	garden	4	3
lay	gate	4	2
lay	giant	0	3
lay	gift	4	0
lay	glass	4	0
lay	gold	4	0
lay	grass	4	2
lay	grave	4	3
lay	ground	4	3
lay	gun	4	0
lay	hair	4	1
lay	hall	4	3
lay	hand	1	0
lay	hare	0	1
lay	head	3	0
lay	heap	4	1
lay	heart	3	1
lay	help	4	3
lay	hill	4	4
lay	hole	4	3
lay	home	4	4
lay	honey	4	1
lay	horn	4	0
lay	horse	1	2
lay	hour	4	4
lay	house	4	3
lay	hut	4	3
lay	instant	4	4
lay	iron	4	0
lay	island	4	4
lay	journey	4	3
lay	joy	4	3
lay	kind	2	3
lay	kingdom	4	1
lay	kitchen	4	4
lay	knife	4	0
lay	lake	4	4
lay	land	3	2
lay	leaf	4	0
lay	leg	3	1
lay	length	4	3
lay	letter	4	0
lay	life	3	0
lay	light	3	3
lay	lion	0	2
lay	look	4	3
lay	love	4	2
lay	magic	3	1
lay	marriage	4	3
lay	matter	4	1
lay	meat	4	0
lay	mermaid	0	2
lay	midst	4	4
lay	mind	3	3
lay	minute	4	4
lay	moment	4	4
lay	money	4	0
lay	monkey	0	1
lay	moon	3	3
lay	morning	4	4
lay	morrow	4	4
lay	mountain	4	4
lay	mouse	0	1
lay	mouth	3	2
lay	name	4	3
lay	neck	3	1
lay	needle	4	0
lay	nest	3	1
lay	night	4	4
lay	noise	4	4
lay	number	4	3
lay	one	0	1
lay	opinion	4	3
lay	order	4	3
lay	other	0	1
lay	pain	4	3
lay	pair	1	1
lay	palace	4	3
lay	part	3	2
lay	paw	1	0
lay	peace	4	3
lay	people	0	2
lay	piece	4	0
lay	pig	1	2
lay	place	4	3
lay	pleasure	4	3
lay	plenty	4	3
lay	power	3	2
lay	rabbit	0	1
lay	rest	4	3
lay	right	4	3
lay	ring	4	0
lay	river	3	4
lay	road	4	1
lay	rock	4	1
lay	room	4	4
lay	rose	4	0
lay	sack	4	0
lay	sand	3	2
lay	sea	3	4
lay	search	4	4
lay	sense	4	4
lay	serpent	0	2
lay	sheep	1	1
lay	ship	4	2
lay	shoe	4	0
lay	shore	4	4
lay	shoulder	3	1
lay	side	4	3
lay	sight	4	4
lay	silver	4	0
lay	snow	3	3
lay	song	4	4
lay	sorrow	4	3
lay	spot	4	4
lay	spring	4	4
lay	star	3	2
lay	step	4	3
lay	stone	4	0
lay	story	4	3
lay	stream	3	4
lay	street	4	3
lay	strength	4	3
lay	subject	4	2
lay	sun	3	4
lay	sword	4	0
lay	table	4	0
lay	tale	4	3
lay	tear	4	2
lay	thing	3	0
lay	thistle	4	0
lay	thought	4	3
lay	throne	4	2
lay	time	4	4
lay	tongue	3	2
lay	tooth	4	1
lay	top	4	3
lay	town	4	3
lay	tree	3	2
lay	trouble	4	3
lay	truth	4	2
lay	use	4	4
lay	village	4	3
lay	voice	4	4
lay	wall	4	2
lay	want	4	4
lay	war	4	3
lay	water	3	2
lay	way	4	3
lay	week	4	4
lay	well	4	3
lay	while	4	4
lay	wind	2	4
lay	window	4	3
lay	wine	4	1
lay	wolf	0	1
lay	wood	4	0
lay	word	4	2
lay	work	4	2
lay	world	4	3
lay	year	4	4
lead	air	3	3
lead	angel	0	0
lead	apple	2	3
lead	arm	2	2
lead	arrow	1	3
lead	baby	2	1
lead	back	3	4
lead	bag	3	3
lead	bank	3	3
lead	basket	3	3
lead	beard	3	3
lead	beauty	1	1
lead	bed	3	3
lead	bee	1	1
lead	being	1	1
lead	bell	2	3
lead	bird	0	1
lead	blood	2	3
lead	boat	2	2
lead	body	3	2
lead	book	2	3
lead	boot	3	3
lead	box	3	3
lead	branch	2	3
lead	bread	2	3
lead	bridge	1	3
lead	care	2	3
lead	carriage	2	2
lead	castle	3	3
lead	cat	0	1
lead	cave	1	3
lead	chance	1	3
lead	cheese	3	3
lead	chin	3	3
lead	clothes	3	3
lead	cloud	2	3
lead	coat	3	3
lead	corner	3	4
lead	cottage	3	3
lead	course	2	3
lead	crow	0	1
lead	cry	1	3
lead	danger	2	3
lead	day	2	3
lead	death	1	1
lead	deed	2	3
lead	delight	2	3
lead	dinner	3	3
lead	dish	3	3
lead	door	1	3
lead	dragon	0	1
lead	dream	1	3
lead	dress	3	3
lead	dust	3	3
lead	eagle	0	1
lead	ear	3	3
lead	earth	3	3
lead	egg	3	3
lead	end	3	4
lead	evening	3	3
lead	eye	2	3
lead	face	3	3
lead	fairy	0	0
lead	fear	1	3
lead	feast	3	3
lead	feather	1	3
lead	field	2	3
lead	fire	2	3
lead	fish	1	1
lead	flame	1	3
lead	floor	3	4
lead	flower	2	3
lead	food	2	3
lead	foot	2	3
lead	forehead	3	4
lead	forest	3	4
lead	form	2	3
lead	fox	0	1
lead	front	3	4
lead	garden	2	3
lead	gate	1	3
lead	giant	0	1
lead	gift	2	3
lead	glass	3	3
lead	gold	2	3
lead	grass	3	3
lead	grave	2	3
lead	ground	3	4
lead	gun	3	3
lead	hair	2	3
lead	hall	1	3
lead	hand	1	2
lead	hare	0	1
lead	head	2	3
lead	heap	3	3
lead	heart	1	3
lead	help	2	3
lead	hill	2	3
lead	hole	1	3
lead	home	3	3
lead	honey	3	3
lead	horn	1	3
lead	hour	3	3
lead	house	3	3
lead	hut	3	3
lead	instant	4	4
lead	iron	3	3
lead	island	3	3
lead	joy	2	3
lead	kind	3	3
lead	kitchen	3	3
lead	knife	3	3
lead	lake	3	3
lead	land	3	3
lead	leaf	2	3
lead	leg	2	3
lead	length	4	4
lead	letter	1	3
lead	light	0	3
lead	lion	0	1
lead	look	2	3
lead	love	1	3
lead	magic	1	3
lead	marriage	2	3
lead	matter	3	4
lead	meat	3	3
lead	mermaid	0	1
lead	midst	4	4
lead	mind	2	3
lead	minute	4	4
lead	moment	4	4
lead	money	2	3
lead	moon	1	3
lead	morning	3	3
lead	morrow	4	4
lead	mountain	3	3
lead	mouse	0	1
lead	mouth	3	3
lead	name	3	3
lead	neck	3	3
lead	needle	2	3
lead	nest	3	3
lead	night	3	3
lead	noise	1	3
lead	number	3	3
lead	opinion	3	3
lead	order	2	3
lead	pain	2	3
lead	palace	3	3
lead	part	3	3
lead	paw	2	3
lead	peace	3	3
lead	piece	3	3
lead	pig	1	0
lead	place	3	3
lead	pleasure	3	3
lead	plenty	3	4
lead	power	2	3
lead	rabbit	0	1
lead	rest	3	3
lead	right	3	3
lead	ring	1	3
lead	river	1	3
lead	road	0	3
lead	rock	3	3
lead	room	3	3
lead	rose	2	3
lead	sack	3	3
lead	sand	3	3
lead	sea	2	3
lead	sense	3	3
lead	serpent	0	1
lead	ship	1	2
lead	shoe	2	3
lead	shore	3	3
lead	shoulder	3	3
lead	sight	2	3
lead	silver	3	3
lead	snow	3	3
lead	song	1	3
lead	sorrow	2	3
lead	spot	3	3
lead	spring	3	3
lead	star	0	3
lead	step	2	3
lead	stone	2	3
lead	story	2	3
lead	street	1	3
lead	strength	3	3
lead	subject	3	1
lead	sun	1	3
lead	sword	3	3
lead	table	3	3
lead	tale	2	3
lead	tear	3	3
lead	thing	2	2
lead	thistle	3	3
lead	thought	2	3
lead	throne	3	3
lead	time	3	3
lead	tongue	3	3
lead	tooth	3	3
lead	top	3	4
lead	town	3	3
lead	tree	3	3
lead	trouble	2	3
lead	truth	1	3
lead	use	4	4
lead	village	3	3
lead	voice	1	3
lead	wall	3	3
lead	want	2	3
lead	water	2	3
lead	week	3	3
lead	well	3	3
lead	while	4	4
lead	wind	1	3
lead	window	3	3
lead	wine	3	3
lead	wolf	0	1
lead	wood	3	3
lead	word	2	3
lead	year	3	3
learn	air	3	3
learn	angel	0	3
learn	animal	0	3
learn	apple	3	3
learn	arm	3	3
learn	arrow	3	3
learn	baby	0	3
learn	back	3	3
learn	bag	3	3
learn	bank	3	3
learn	basket	3	3
learn	battle	4	2
learn	bear	0	3
learn	beard	3	3
learn	beast	0	3
learn	beauty	1	2
learn	bed	3	3
learn	bee	0	3
learn	being	0	3
learn	bell	3	3
learn	bird	0	3
learn	blood	3	3
learn	boat	3	3
learn	body	2	3
learn	book	3	1
learn	boot	3	3
learn	box	3	3
learn	boy	0	3
learn	branch	3	3
learn	bread	3	3
learn	bride	0	3
learn	bridegroom	0	3
learn	bridge	3	3
learn	brother	0	3
learn	business	4	0
learn	captain	0	3
learn	care	4	2
learn	carriage	3	3
learn	case	4	2
learn	castle	3	3
learn	cat	0	3
learn	cave	3	3
learn	chance	4	3
learn	cheese	3	3
learn	child	0	3
learn	chin	3	3
learn	church	3	3
learn	city	1	2
learn	clothes	3	3
learn	cloud	2	3
learn	coat	3	3
learn	company	0	3
learn	corner	3	3
learn	cottage	3	3
learn	country	1	2
learn	course	4	2
learn	court	0	3
learn	creature	0	3
learn	crow	0	3
learn	cry	4	1
learn	danger	4	2
learn	daughter	0	3
learn	day	4	1
learn	death	2	2
learn	deed	4	2
learn	delight	4	2
learn	dinner	3	3
learn	dish	3	3
learn	dog	0	3
learn	door	3	3
learn	dragon	0	3
learn	dream	4	2
learn	dress	3	3
learn	duck	0	3
learn	dust	3	3
learn	eagle	0	3
learn	ear	2	3
learn	earth	2	3
learn	egg	3	3
learn	elephant	0	3
learn	emperor	0	3
learn	end	4	1
learn	evening	4	3
learn	eye	2	3
learn	face	3	3
learn	fairy	0	3
learn	family	0	3
learn	farmer	0	3
learn	father	0	3
learn	fear	4	1
learn	feast	3	3
learn	feather	3	3
learn	fellow	0	3
learn	field	3	3
learn	fire	2	3
learn	fish	0	3
learn	flame	2	3
learn	floor	3	3
learn	flower	2	3
learn	folk	0	3
learn	food	3	3
learn	foot	2	3
learn	forehead	3	3
learn	forest	2	3
learn	form	4	2
learn	fox	0	3
learn	friend	0	3
learn	front	4	4
learn	garden	3	3
learn	gate	3	3
learn	gentleman	0	3
learn	giant	0	3
learn	gift	3	3
learn	girl	0	3
learn	glass	3	3
learn	gold	3	3
learn	grandfather	0	3
learn	grass	3	3
learn	grave	3	3
learn	ground	3	3
learn	guest	0	3
learn	gun	3	3
learn	hair	3	3
learn	hall	3	3
learn	hand	1	3
learn	hare	0	3
learn	head	2	3
learn	heap	3	3
learn	heart	1	3
learn	help	4	3
learn	hero	0	3
learn	hill	3	3
learn	hole	3	3
learn	home	3	3
learn	honey	3	3
learn	horn	3	3
learn	horse	0	3
learn	hour	4	1
learn	house	3	3
learn	husband	0	3
learn	hut	3	3
learn	instant	4	3
learn	iron	3	3
learn	island	3	3
learn	journey	4	2
learn	joy	4	2
learn	kind	4	3
learn	king	0	3
learn	kingdom	1	3
learn	kitchen	3	3
learn	knife	3	3
learn	knight	0	3
learn	lad	0	3
learn	lady	0	3
learn	lake	2	3
learn	land	2	3
learn	leaf	3	3
learn	leg	3	3
learn	length	4	2
learn	letter	3	1
learn	life	4	2
learn	light	3	3
learn	lion	0	3
learn	look	4	3
learn	love	4	1
learn	magic	4	0
learn	magician	0	3
learn	maid	0	3
learn	maiden	0	3
learn	man	0	3
learn	marriage	4	3
learn	master	0	3
learn	matter	4	1
learn	meat	3	3
learn	merchant	0	3
learn	mermaid	0	3
learn	midst	4	4
learn	mind	1	3
learn	minute	4	3
learn	moment	4	2
learn	money	3	3
learn	monkey	0	3
learn	moon	1	3
learn	morning	4	3
learn	morrow	4	3
learn	mother	0	3
learn	mountain	3	3
learn	mouse	0	3
learn	mouth	3	3
learn	name	4	0
learn	neck	3	3
learn	needle	3	3
learn	nest	3	3
learn	night	3	3
learn	noise	4	3
learn	number	4	1
learn	one	0	3
learn	opinion	4	2
learn	order	4	1
learn	other	0	3
learn	pain	4	2
learn	pair	2	3
learn	palace	3	3
learn	part	4	1
learn	paw	3	3
learn	peace	4	2
learn	peasant	0	3
learn	people	0	3
learn	piece	3	1
learn	pig	0	3
learn	place	4	1
learn	pleasure	4	2
learn	plenty	4	4
learn	poet	0	3
learn	power	4	2
learn	prince	0	3
learn	princess	0	3
learn	queen	0	3
learn	rabbit	0	3
learn	rest	4	1
learn	right	4	2
learn	ring	3	3
learn	river	2	3
learn	road	3	1
learn	rock	3	3
learn	room	3	3
learn	rose	2	3
learn	sack	3	3
learn	sand	3	3
learn	sea	2	3
learn	search	4	3
learn	sense	4	1
learn	serpent	0	3
learn	servant	0	3
learn	sheep	0	3
learn	ship	3	3
learn	shoe	3	3
learn	shore	3	3
learn	shoulder	3	3
learn	side	4	3
learn	sight	4	3
learn	silver	3	3
learn	sister	0	3
learn	slave	0	3
learn	snow	3	3
learn	soldier	0	3
learn	son	0	3
learn	song	3	0
learn	sorrow	4	1
learn	spot	4	2
learn	spring	3	3
learn	star	2	3
learn	step	3	1
learn	stone	3	3
learn	story	3	0
learn	stranger	0	3
learn	stream	2	3
learn	street	3	3
learn	strength	4	2
learn	sun	1	3
learn	sword	3	3
learn	table	3	3
learn	tale	3	0
learn	tear	3	3
learn	thing	3	1
learn	thistle	2	3
learn	thought	4	2
learn	throne	3	3
learn	time	4	2
learn	tongue	2	0
learn	tooth	3	3
learn	top	4	3
learn	town	1	3
learn	tree	2	3
learn	trouble	4	2
learn	truth	4	0
learn	use	4	1
learn	village	1	3
learn	vizir	0	3
learn	voice	3	2
learn	wall	3	3
learn	want	4	3
learn	war	4	1
learn	water	3	3
learn	way	4	0
learn	week	4	3
learn	well	3	3
learn	while	4	4
learn	wife	0	3
learn	wind	1	3
learn	window	3	3
learn	wine	3	3
learn	witch	0	3
learn	wolf	0	3
learn	woman	0	3
learn	wood	3	3
learn	word	3	0
learn	work	4	1
learn	world	1	2
learn	year	4	3
learn	youth	0	3
leave	air	2	3
leave	apple	3	0
leave	arm	3	1
leave	back	3	2
leave	bag	3	0
leave	bank	3	0
leave	basket	3	0
leave	battle	3	0
leave	beard	3	1
leave	beauty	1	1
leave	bed	3	0
leave	being	0	1
leave	bell	3	1
leave	body	2	0
leave	book	3	0
leave	boot	3	0
leave	box	3	0
leave	branch	3	0
leave	bread	3	0
leave	bridge	3	0
leave	business	3	1
leave	care	2	2
leave	case	3	1
leave	castle	3	0
leave	cave	3	0
leave	chance	3	2
leave	cheese	3	0
leave	chin	3	3
leave	church	3	0
leave	city	3	0
leave	clothes	3	0
leave	cloud	1	1
leave	coat	3	0
leave	corner	3	0
leave	cottage	3	0
leave	country	3	0
leave	cry	1	3
leave	danger	2	1
leave	day	2	3
leave	death	1	2
leave	deed	3	2
leave	delight	2	3
leave	dinner	3	0
leave	dish	3	0
leave	door	3	0
leave	dream	2	2
leave	dress	3	0
leave	dust	3	1
leave	ear	3	3
leave	earth	3	1
leave	egg	3	0
leave	end	3	3
leave	evening	3	3
leave	eye	3	3
leave	face	3	2
leave	feast	3	0
leave	feather	3	0
leave	field	3	0
leave	fire	3	0
leave	flame	3	1
leave	floor	3	1
leave	flower	3	0
leave	food	3	0
leave	foot	3	2
leave	forehead	3	3
leave	forest	3	0
leave	form	3	2
leave	front	3	3
leave	garden	3	0
leave	gate	3	0
leave	gift	3	0
leave	glass	3	0
leave	gold	3	0
leave	grass	3	1
leave	grave	3	1
leave	ground	3	1
leave	gun	3	0
leave	hair	3	2
leave	hall	3	0
leave	hand	3	2
leave	head	3	2
leave	heap	3	1
leave	heart	2	1
leave	help	3	2
leave	hill	3	0
leave	hole	3	0
leave	home	3	0
leave	honey	3	0
leave	horn	3	1
leave	hour	3	3
leave	house	3	0
leave	hut	3	0
leave	instant	3	4
leave	iron	3	1
leave	island	3	0
leave	journey	3	2
leave	joy	1	3
leave	kind	3	3
leave	kingdom	3	0
leave	kitchen	3	0
leave	knife	3	0
leave	lake	3	0
leave	land	3	0
leave	leaf	3	1
leave	leg	3	2
leave	length	4	4
leave	look	3	3
leave	magic	1	2
leave	marriage	3	2
leave	matter	3	1
leave	meat	3	0
leave	midst	4	3
leave	mind	2	2
leave	minute	3	4
leave	moment	3	4
leave	morning	3	3
leave	morrow	4	4
leave	mountain	3	0
leave	mouth	3	2
leave	name	3	1
leave	neck	3	3
leave	needle	3	0
leave	nest	3	0
leave	night	2	3
leave	noise	3	3
leave	number	3	2
leave	opinion	3	3
leave	order	3	2
leave	palace	3	0
leave	part	3	1
leave	paw	3	2
leave	piece	3	0
leave	place	3	0
leave	pleasure	2	3
leave	plenty	3	1
leave	power	1	2
leave	rest	3	1
leave	right	3	3
leave	ring	3	0
leave	river	3	0
leave	road	3	0
leave	rock	3	0
leave	room	3	0
leave	rose	3	0
leave	sack	3	0
leave	sand	3	1
leave	sea	3	0
leave	search	3	2
leave	sense	1	3
leave	shoe	3	0
leave	shore	3	0
leave	shoulder	3	2
leave	side	3	1
leave	sight	3	2
leave	silver	3	0
leave	snow	2	1
leave	song	3	2
leave	spot	3	0
leave	spring	2	1
leave	star	2	1
leave	step	3	2
leave	stone	3	0
leave	story	3	2
leave	stream	3	0
leave	street	3	0
leave	strength	0	3
leave	subject	3	1
leave	sun	2	2
leave	sword	3	0
leave	table	3	0
leave	tale	3	2
leave	tear	3	1
leave	thing	2	0
leave	thistle	3	1
leave	thought	2	2
leave	throne	3	0
leave	time	3	2
leave	tongue	3	3
leave	tooth	3	1
leave	top	3	2
leave	town	3	0
leave	tree	3	0
leave	trouble	2	1
leave	truth	3	3
leave	use	4	4
leave	village	3	0
leave	wall	3	1
leave	want	3	3
leave	war	3	1
leave	water	3	0
leave	way	3	2
leave	week	3	4
leave	well	3	0
leave	while	4	4
leave	wind	1	2
leave	window	3	0
leave	wine	3	0
leave	wood	3	0
leave	word	3	1
leave	work	3	0
leave	world	3	0
leave	year	3	3
lie	air	1	4
lie	angel	0	4
lie	animal	0	4
lie	apple	0	4
lie	arm	0	4
lie	arrow	0	4
lie	baby	0	4
lie	back	1	4
lie	bag	0	4
lie	bank	0	4
lie	basket	0	4
lie	battle	1	4
lie	bear	0	4
lie	beard	0	4
lie	beast	0	4
lie	beauty	1	4
lie	bed	0	4
lie	bee	0	4
lie	being	1	4
lie	bell	0	4
lie	bird	0	4
lie	blood	0	4
lie	boat	0	4
lie	body	0	4
lie	book	0	4
lie	boot	0	4
lie	box	0	4
lie	boy	0	4
lie	branch	0	4
lie	bread	0	4
lie	bride	0	4
lie	bridegroom	0	4
lie	bridge	0	4
lie	brother	0	4
lie	business	2	4
lie	captain	0	4
lie	care	2	4
lie	carriage	0	4
lie	case	1	4
lie	castle	0	4
lie	cat	0	4
lie	cave	0	4
lie	chance	2	4
lie	cheese	0	4
lie	child	0	4
lie	chin	1	4
lie	church	0	4
lie	city	0	4
lie	clothes	0	4
lie	cloud	0	4
lie	coat	0	4
lie	company	1	4
lie	corner	1	4
lie	cottage	0	4
lie	country	0	4
lie	course	1	4
lie	court	1	4
lie	creature	0	4
lie	crow	0	4
lie	cry	3	4
lie	danger	0	4
lie	daughter	0	4
lie	day	1	4
lie	death	1	4
lie	deed	2	4
lie	delight	2	4
lie	dinner	1	4
lie	dish	0	4
lie	dog	0	4
lie	door	1	4
lie	dragon	0	4
lie	dream	2	4
lie	dress	0	4
lie	duck	0	4
lie	dust	0	4
lie	eagle	0	4
lie	ear	1	4
lie	earth	0	4
lie	egg	0	4
lie	elephant	0	4
lie	emperor	0	4
lie	end	1	4
lie	evening	2	4
lie	eye	1	4
lie	face	1	4
lie	fairy	0	4
lie	family	0	4
lie	farmer	0	4
lie	father	0	4
lie	fear	2	4
lie	feast	1	4
lie	feather	0	4
lie	fellow	0	4
lie	field	0	4
lie	fire	1	4
lie	fish	0	4
lie	flame	2	4
lie	floor	1	4
lie	flower	0	4
lie	folk	0	4
lie	food	0	4
lie	foot	1	4
lie	forehead	2	4
lie	forest	0	4
lie	form	1	4
lie	fox	0	4
lie	friend	0	4
lie	front	3	4
lie	garden	0	4
lie	gate	1	4
lie	gentleman	0	4
lie	giant	0	4
lie	gift	0	4
lie	girl	0	4
lie	glass	0	4
lie	gold	0	4
lie	grandfather	0	4
lie	grass	0	4
lie	grave	0	4
lie	ground	1	4
lie	guest	0	4
lie	gun	0	4
lie	hair	0	4
lie	hall	1	4
lie	hand	0	4
lie	hare	0	4
lie	head	0	4
lie	heap	0	4
lie	heart	1	4
lie	help	2	4
lie	hero	0	4
lie	hill	0	4
lie	hole	1	4
lie	home	1	4
lie	honey	1	4
lie	horn	0	4
lie	horse	0	4
lie	hour	2	4
lie	house	0	4
lie	husband	0	4
lie	hut	0	4
lie	instant	3	4
lie	iron	0	4
lie	island	0	4
lie	journey	1	4
lie	joy	2	4
lie	kind	3	4
lie	king	0	4
lie	kingdom	0	4
lie	kitchen	1	4
lie	knife	0	4
lie	knight	0	4
lie	lad	0	4
lie	lady	0	4
lie	lake	0	4
lie	land	0	4
lie	leaf	0	4
lie	leg	0	4
lie	length	3	4
lie	letter	0	4
lie	life	1	4
lie	light	1	4
lie	lion	0	4
lie	look	3	4
lie	love	2	4
lie	magic	1	4
lie	magician	0	4
lie	maid	0	4
lie	maiden	0	4
lie	man	0	4
lie	marriage	2	4
lie	master	0	4
lie	matter	2	4
lie	meat	0	4
lie	merchant	0	4
lie	mermaid	0	4
lie	midst	3	4
lie	mind	2	4
lie	minute	3	4
lie	moment	3	4
lie	money	0	4
lie	monkey	0	4
lie	moon	1	4
lie	morning	2	4
lie	morrow	2	4
lie	mother	0	4
lie	mountain	0	4
lie	mouse	0	4
lie	mouth	2	4
lie	name	2	4
lie	neck	1	4
lie	needle	0	4
lie	nest	0	4
lie	night	1	4
lie	noise	3	4
lie	number	3	4
lie	one	0	4
lie	opinion	3	4
lie	order	3	4
lie	other	0	4
lie	pain	2	4
lie	pair	1	4
lie	palace	0	4
lie	part	1	4
lie	paw	0	4
lie	peace	2	4
lie	peasant	0	4
lie	people	0	4
lie	piece	0	4
lie	pig	0	4
lie	place	1	4
lie	pleasure	2	4
lie	plenty	2	4
lie	poet	0	4
lie	power	1	4
lie	prince	0	4
lie	princess	0	4
lie	queen	0	4
lie	rabbit	0	4
lie	rest	2	4
lie	right	2	4
lie	ring	0	4
lie	river	0	4
lie	road	0	4
lie	rock	0	4
lie	room	1	4
lie	rose	0	4
lie	sack	0	4
lie	sand	0	4
lie	sea	0	4
lie	search	3	4
lie	sense	3	4
lie	serpent	0	4
lie	servant	0	4
lie	sheep	0	4
lie	ship	0	4
lie	shoe	0	4
lie	shore	0	4
lie	shoulder	1	4
lie	side	2	4
lie	sight	3	4
lie	silver	0	4
lie	sister	0	4
lie	slave	0	4
lie	snow	0	4
lie	soldier	0	4
lie	son	0	4
lie	song	3	4
lie	sorrow	2	4
lie	spot	1	4
lie	spring	1	4
lie	star	1	4
lie	step	2	4
lie	stone	0	4
lie	story	2	4
lie	stranger	0	4
lie	stream	0	4
lie	street	0	4
lie	strength	1	4
lie	subject	1	4
lie	sun	2	4
lie	sword	0	4
lie	table	1	4
lie	tale	2	4
lie	tear	1	4
lie	thing	0	4
lie	thistle	0	4
lie	thought	2	4
lie	throne	1	4
lie	time	2	4
lie	tongue	1	4
lie	tooth	0	4
lie	top	2	4
lie	town	0	4
lie	tree	0	4
lie	trouble	1	4
lie	truth	1	4
lie	use	3	4
lie	village	0	4
lie	vizir	0	4
lie	voice	3	4
lie	wall	1	4
lie	want	3	4
lie	war	2	4
lie	water	0	4
lie	way	0	4
lie	week	2	4
lie	well	0	4
lie	while	3	4
lie	wife	0	4
lie	wind	2	4
lie	window	1	4
lie	wine	1	4
lie	witch	0	4
lie	wolf	0	4
lie	woman	0	4
lie	wood	0	4
lie	word	2	4
lie	work	1	4
lie	world	0	4
lie	year	2	4
lie	youth	0	4
like	air	3	1
like	angel	0	0
like	apple	3	0
like	arm	3	1
like	arrow	3	1
like	back	3	2
like	bag	3	1
like	bank	3	1
like	basket	3	1
like	battle	4	1
like	beard	3	0
like	beauty	1	0
like	bed	3	0
like	bell	3	1
like	blood	4	1
like	boat	3	0
like	body	3	1
like	book	3	0
like	boot	3	1
like	box	3	1
like	branch	3	1
like	bread	3	0
like	bridge	3	1
like	business	4	1
like	care	4	2
like	carriage	3	0
like	case	4	2
like	castle	3	0
like	cave	3	0
like	chance	4	2
like	cheese	3	0
like	chin	3	2
like	church	3	1
like	city	3	0
like	clothes	3	0
like	cloud	2	1
like	coat	3	0
like	corner	3	1
like	cottage	3	0
like	country	3	0
like	course	4	2
like	cry	4	2
like	danger	4	1
like	day	3	1
like	death	2	2
like	deed	4	1
like	delight	4	1
like	dinner	3	0
like	dish	3	0
like	door	3	1
like	dragon	0	0
like	dream	3	0
like	dress	3	0
like	dust	4	2
like	ear	3	2
like	earth	2	1
like	egg	3	0
like	end	4	1
like	evening	3	1
like	eye	3	1
like	face	3	0
like	fairy	0	0
like	fear	4	2
like	feast	4	0
like	feather	3	1
like	field	3	1
like	fire	2	1
like	flame	3	1
like	floor	3	1
like	flower	2	0
like	food	4	0
like	foot	3	2
like	forehead	3	2
like	forest	2	0
like	form	4	2
like	front	4	2
like	garden	3	0
like	gate	3	1
like	gift	3	0
like	glass	3	1
like	gold	3	0
like	grass	3	1
like	grave	3	2
like	ground	3	2
like	gun	3	1
like	hair	3	0
like	hall	3	1
like	hand	3	1
like	head	3	1
like	heap	4	2
like	heart	2	1
like	help	4	1
like	hill	3	1
like	hole	3	2
like	home	3	0
like	honey	3	0
like	horn	3	1
like	hour	4	2
like	house	3	0
like	hut	3	1
like	instant	4	3
like	iron	4	2
like	island	3	0
like	journey	4	0
like	joy	4	1
like	kind	4	3
like	kingdom	3	0
like	kitchen	3	1
like	knife	3	1
like	lake	3	1
like	land	3	0
like	leaf	3	1
like	leg	3	2
like	length	4	3
like	letter	3	1
like	life	4	0
like	light	3	0
like	look	4	1
like	love	4	1
like	magic	4	0
like	marriage	4	1
like	matter	4	2
like	meat	3	0
like	mermaid	0	0
like	midst	4	4
like	mind	3	2
like	minute	4	3
like	moment	4	2
like	money	3	0
like	moon	2	0
like	morning	3	0
like	morrow	4	2
like	mountain	2	1
like	mouth	3	2
like	name	4	0
like	neck	3	1
like	needle	3	1
like	nest	3	0
like	night	2	0
like	noise	4	1
like	number	4	2
like	opinion	4	1
like	order	4	1
like	pain	4	3
like	pair	3	2
like	palace	3	0
like	part	4	2
like	paw	3	2
like	peace	4	0
like	piece	4	2
like	place	4	0
like	pleasure	4	2
like	plenty	4	2
like	power	4	0
like	rest	4	0
like	right	4	2
like	ring	3	0
like	river	2	1
like	road	3	1
like	rock	3	1
like	room	3	0
like	rose	2	0
like	sack	3	1
like	sand	3	1
like	sea	2	0
like	search	4	2
like	sense	4	2
like	serpent	0	1
like	ship	3	0
like	shoe	3	0
like	shore	3	1
like	shoulder	3	2
like	side	4	2
like	sight	4	1
like	silver	3	0
like	snow	3	0
like	song	3	0
like	sorrow	4	3
like	spot	4	1
like	spring	3	0
like	star	2	0
like	step	4	2
like	stone	3	1
like	story	3	0
like	stream	2	1
like	street	3	1
like	strength	4	1
like	sun	2	0
like	sword	3	0
like	table	3	1
like	tale	3	0
like	tear	4	2
like	thing	3	1
like	thistle	3	1
like	thought	4	1
like	throne	3	1
like	time	4	1
like	tongue	3	2
like	tooth	3	2
like	top	4	2
like	town	3	0
like	tree	2	1
like	trouble	4	3
like	truth	4	0
like	use	4	3
like	village	3	0
like	voice	3	0
like	wall	3	2
like	want	4	3
like	war	4	1
like	water	3	0
like	way	4	1
like	week	4	2
like	well	3	1
like	while	4	4
like	wind	2	1
like	window	3	1
like	wine	3	0
like	wood	3	0
like	word	4	1
like	work	4	0
like	world	3	0
like	year	4	2
live	air	3	4
live	angel	0	4
live	animal	0	4
live	apple	2	4
live	arm	3	4
live	arrow	3	4
live	baby	0	4
live	back	4	4
live	bag	3	4
live	bank	3	4
live	basket	3	4
live	battle	3	4
live	bear	0	4
live	beard	3	4
live	beast	0	4
live	beauty	1	4
live	bed	3	4
live	bee	0	4
live	being	0	4
live	bell	3	4
live	bird	0	4
live	blood	2	4
live	boat	3	4
live	body	2	4
live	book	3	4
live	boot	3	4
live	box	3	4
live	boy	0	4
live	branch	2	4
live	bread	3	4
live	bride	0	4
live	bridegroom	0	4
live	bridge	3	4
live	brother	0	4
live	business	3	4
live	captain	0	4
live	care	3	4
live	carriage	3	4
live	case	4	4
live	castle	3	4
live	cat	0	4
live	cave	3	4
live	chance	3	4
live	cheese	3	4
live	child	0	4
live	chin	3	4
live	church	3	4
live	city	2	4
live	clothes	3	4
live	cloud	2	4
live	coat	3	4
live	company	2	4
live	corner	4	4
live	cottage	3	4
live	country	2	4
live	course	4	4
live	court	2	4
live	creature	0	4
live	crow	0	4
live	cry	3	4
live	danger	3	4
live	daughter	0	4
live	day	3	2
live	death	2	3
live	deed	2	4
live	delight	3	3
live	dinner	3	4
live	dish	3	4
live	dog	0	4
live	door	3	4
live	dragon	0	4
live	dream	2	1
live	dress	3	4
live	duck	0	4
live	dust	3	4
live	eagle	0	4
live	ear	3	4
live	earth	2	4
live	egg	2	4
live	elephant	0	4
live	emperor	0	4
live	end	4	4
live	evening	3	3
live	eye	3	4
live	face	3	4
live	fairy	0	4
live	family	0	4
live	farmer	0	4
live	father	0	4
live	fear	2	4
live	feast	3	4
live	feather	3	4
live	fellow	0	4
live	field	3	4
live	fire	2	4
live	fish	0	4
live	flame	2	4
live	floor	4	4
live	flower	1	4
live	folk	0	4
live	food	3	4
live	foot	3	4
live	forehead	4	4
live	forest	1	4
live	form	3	4
live	fox	0	4
live	friend	0	4
live	front	4	4
live	garden	2	4
live	gate	3	4
live	gentleman	0	4
live	giant	0	4
live	gift	3	4
live	girl	0	4
live	glass	3	4
live	gold	3	4
live	grandfather	0	4
live	grass	1	4
live	grave	3	4
live	ground	3	4
live	guest	0	4
live	gun	3	4
live	hair	3	4
live	hall	3	4
live	hand	3	4
live	hare	0	4
live	head	2	4
live	heap	4	4
live	heart	2	4
live	help	3	4
live	hero	0	4
live	hill	3	4
live	hole	4	4
live	home	3	4
live	honey	3	4
live	horn	3	4
live	horse	0	4
live	hour	3	2
live	house	3	4
live	husband	0	4
live	hut	3	4
live	instant	4	3
live	iron	3	4
live	island	3	4
live	journey	3	3
live	joy	2	3
live	kind	3	4
live	king	0	4
live	kingdom	2	4
live	kitchen	3	4
live	knife	3	4
live	knight	0	4
live	lad	0	4
live	lady	0	4
live	lake	3	4
live	land	2	4
live	leaf	2	4
live	leg	3	4
live	length	4	4
live	letter	3	4
live	life	2	0
live	light	2	4
live	lion	0	4
live	look	3	4
live	love	1	3
live	magic	2	4
live	magician	0	4
live	maid	0	4
live	maiden	0	4
live	man	0	4
live	marriage	3	3
live	master	0	4
live	matter	4	4
live	meat	3	4
live	merchant	0	4
live	mermaid	0	4
live	midst	4	4
live	mind	3	4
live	minute	4	3
live	moment	4	2
live	money	3	4
live	monkey	0	4
live	moon	2	4
live	morning	3	3
live	morrow	4	4
live	mother	0	4
live	mountain	3	4
live	mouse	0	4
live	mouth	3	4
live	name	1	4
live	neck	4	4
live	needle	3	4
live	nest	3	4
live	night	3	3
live	noise	3	4
live	number	4	4
live	one	0	4
live	opinion	3	4
live	order	3	4
live	other	0	4
live	pain	3	3
live	pair	1	4
live	palace	3	4
live	part	3	2
live	paw	3	4
live	peace	2	3
live	peasant	0	4
live	people	0	4
live	piece	4	4
live	pig	0	4
live	place	3	4
live	pleasure	3	3
live	plenty	3	4
live	poet	0	4
live	power	3	4
live	prince	0	4
live	princess	0	4
live	queen	0	4
live	rabbit	0	4
live	rest	3	3
live	right	3	4
live	ring	3	4
live	river	2	4
live	road	3	4
live	rock	3	4
live	room	3	4
live	rose	1	4
live	sack	3	4
live	sand	3	4
live	sea	2	4
live	search	4	4
live	sense	3	4
live	serpent	0	4
live	servant	0	4
live	sheep	0	4
live	ship	3	4
live	shoe	3	4
live	shore	3	4
live	shoulder	4	4
live	side	4	4
live	sight	3	4
live	silver	3	4
live	sister	0	4
live	slave	0	4
live	snow	3	4
live	soldier	0	4
live	son	0	4
live	song	2	4
live	sorrow	3	3
live	spot	4	4
live	spring	3	3
live	star	2	4
live	step	4	4
live	stone	3	4
live	story	1	2
live	stranger	0	4
live	stream	2	4
live	street	3	4
live	strength	3	4
live	subject	0	4
live	sun	2	4
live	sword	3	4
live	table	3	4
live	tale	1	2
live	tear	3	4
live	thing	2	4
live	thistle	1	4
live	thought	2	4
live	throne	3	4
live	time	3	2
live	tongue	3	4
live	tooth	3	4
live	top	4	4
live	town	2	4
live	tree	1	4
live	trouble	3	3
live	truth	2	2
live	use	4	4
live	village	2	4
live	vizir	0	4
live	voice	2	4
live	wall	3	4
live	want	3	3
live	war	3	3
live	water	3	4
live	way	4	3
live	week	4	3
live	well	3	4
live	while	4	4
live	wife	0	4
live	wind	2	4
live	window	3	4
live	wine	3	4
live	witch	0	4
live	wolf	0	4
live	woman	0	4
live	wood	2	4
live	word	2	4
live	work	3	4
live	world	2	4
live	year	3	2
live	youth	0	3
look	air	3	4
look	angel	0	4
look	animal	0	4
look	apple	3	4
look	arm	3	4
look	arrow	3	4
look	baby	0	4
look	back	3	4
look	bag	3	4
look	bank	3	4
look	basket	3	4
look	battle	3	4
look	bear	0	4
look	beard	3	4
look	beast	0	4
look	beauty	1	4
look	bed	3	4
look	bee	0	4
look	being	0	4
look	bell	3	4
look	bird	0	4
look	blood	3	4
look	boat	3	4
look	body	2	4
look	book	3	4
look	boot	3	4
look	box	3	4
look	boy	0	4
look	branch	3	4
look	bread	3	4
look	bride	0	4
look	bridegroom	0	4
look	bridge	3	4
look	brother	0	4
look	business	4	4
look	captain	0	4
look	care	3	4
look	carriage	3	4
look	case	4	4
look	castle	2	4
look	cat	0	4
look	cave	3	4
look	chance	4	4
look	cheese	3	4
look	child	0	4
look	chin	3	4
look	church	2	4
look	city	2	4
look	clothes	3	4
look	cloud	2	4
look	coat	3	4
look	company	1	4
look	corner	3	4
look	cottage	2	4
look	country	2	4
look	course	4	4
look	court	1	4
look	creature	0	4
look	crow	0	4
look	cry	4	4
look	danger	3	4
look	daughter	0	4
look	day	3	4
look	death	2	4
look	deed	4	4
look	delight	3	4
look	dinner	3	4
look	dish	3	4
look	dog	0	4
look	door	3	4
look	dragon	0	4
look	dream	3	4
look	dress	3	4
look	duck	0	4
look	dust	4	4
look	eagle	0	4
look	ear	3	4
look	earth	3	4
look	egg	3	4
look	elephant	0	4
look	emperor	0	4
look	end	4	4
look	evening	3	4
look	eye	0	4
look	face	1	4
look	fairy	0	4
look	family	1	4
look	farmer	0	4
look	father	0	4
look	fear	3	4
look	feast	3	4
look	feather	3	4
look	fellow	0	4
look	field	3	4
look	fire	3	4
look	fish	0	4
look	flame	3	4
look	floor	3	4
look	flower	2	4
look	folk	0	4
look	food	3	4
look	foot	3	4
look	forehead	3	4
look	forest	2	4
look	form	2	4
look	fox	0	4
look	friend	0	4
look	front	4	4
look	garden	3	4
look	gate	3	4
look	gentleman	0	4
look	giant	0	4
look	gift	3	4
look	girl	0	4
look	glass	3	4
look	gold	3	4
look	grandfather	0	4
look	grass	3	4
look	grave	3	4
look	ground	3	4
look	guest	0	4
look	gun	3	4
look	hair	3	4
look	hall	3	4
look	hand	3	4
look	hare	0	4
look	head	2	4
look	heap	3	4
look	heart	3	4
look	help	4	4
look	hero	0	4
look	hill	2	4
look	hole	3	4
look	home	3	4
look	honey	3	4
look	horn	3	4
look	horse	0	4
look	hour	4	4
look	house	2	4
look	husband	0	4
look	hut	2	4
look	instant	4	4
look	iron	3	4
look	island	3	4
look	journey	4	4
look	joy	3	4
look	kind	2	4
look	king	0	4
look	kingdom	2	4
look	kitchen	3	4
look	knife	3	4
look	knight	0	4
look	lad	0	4
look	lady	0	4
look	lake	3	4
look	land	3	4
look	leaf	3	4
look	leg	3	4
look	length	4	4
look	letter	3	4
look	life	3	4
look	light	3	4
look	lion	0	4
look	look	4	4
look	love	3	4
look	magic	3	4
look	magician	0	4
look	maid	0	4
look	maiden	0	4
look	man	0	4
look	marriage	4	4
look	master	0	4
look	matter	4	4
look	meat	3	4
look	merchant	0	4
look	mermaid	0	4
look	midst	4	4
look	mind	3	4
look	minute	4	4
look	moment	4	4
look	money	3	4
look	monkey	0	4
look	moon	1	4
look	morning	3	4
look	morrow	4	4
look	mother	0	4
look	mountain	2	4
look	mouse	0	4
look	mouth	3	4
look	name	4	4
look	neck	3	4
look	needle	3	4
look	nest	3	4
look	night	3	4
look	noise	4	4
look	number	3	4
look	one	0	4
look	opinion	4	4
look	order	4	4
look	other	0	4
look	pain	4	4
look	pair	1	4
look	palace	2	4
look	part	3	4
look	paw	3	4
look	peace	4	4
look	peasant	0	4
look	people	0	4
look	piece	3	4
look	pig	0	4
look	place	3	4
look	pleasure	4	4
look	plenty	4	4
look	poet	0	4
look	power	3	4
look	prince	0	4
look	princess	0	4
look	queen	0	4
look	rabbit	0	4
look	rest	3	4
look	right	4	4
look	ring	3	4
look	river	3	4
look	road	3	4
look	rock	3	4
look	room	3	4
look	rose	2	4
look	sack	3	4
look	sand	3	4
look	sea	3	4
look	search	4	4
look	sense	4	4
look	serpent	0	4
look	servant	0	4
look	sheep	0	4
look	ship	3	4
look	shoe	3	4
look	shore	3	4
look	shoulder	3	4
look	side	3	4
look	sight	3	4
look	silver	3	4
look	sister	0	4
look	slave	0	4
look	snow	3	4
look	soldier	0	4
look	son	0	4
look	song	4	4
look	sorrow	3	4
look	spot	3	4
look	spring	3	4
look	star	1	4
look	step	4	4
look	stone	3	4
look	story	3	4
look	stranger	0	4
look	stream	3	4
look	street	3	4
look	strength	4	4
look	subject	1	4
look	sun	1	4
look	sword	3	4
look	table	3	4
look	tale	3	4
look	tear	4	4
look	thing	2	4
look	thistle	3	4
look	thought	4	4
look	throne	3	4
look	time	4	4
look	tongue	3	4
look	tooth	3	4
look	top	4	4
look	town	2	4
look	tree	2	4
look	trouble	3	4
look	truth	4	4
look	use	4	4
look	village	2	4
look	vizir	0	4
look	voice	4	4
look	wall	3	4
look	want	4	4
look	war	4	4
look	water	3	4
look	way	3	4
look	week	4	4
look	well	3	4
look	while	4	4
look	wife	0	4
look	wind	2	4
look	window	2	4
look	wine	3	4
look	witch	0	4
look	wolf	0	4
look	woman	0	4
look	wood	3	4
look	word	4	4
look	work	4	4
look	world	2	4
look	year	4	4
look	youth	0	4
lose	air	3	2
lose	angel	0	1
lose	apple	2	0
lose	arm	3	0
lose	arrow	2	0
lose	back	3	3
lose	bag	3	0
lose	bank	2	2
lose	basket	3	0
lose	battle	3	0
lose	bear	0	1
lose	beard	3	0
lose	beast	0	1
lose	beauty	1	0
lose	bed	3	1
lose	bee	0	2
lose	being	1	2
lose	bell	2	1
lose	blood	3	0
lose	boat	1	0
lose	body	2	2
lose	book	2	0
lose	boot	3	0
lose	box	3	0
lose	branch	1	1
lose	bread	2	1
lose	bride	0	0
lose	bridegroom	0	0
lose	bridge	2	2
lose	care	3	2
lose	carriage	1	1
lose	case	3	1
lose	castle	2	0
lose	cave	3	2
lose	chance	3	0
lose	cheese	3	0
lose	chin	3	2
lose	church	2	2
lose	clothes	3	0
lose	cloud	2	2
lose	coat	2	0
lose	corner	4	3
lose	cottage	2	1
lose	course	3	0
lose	court	2	2
lose	creature	0	1
lose	crow	0	1
lose	cry	4	3
lose	danger	4	3
lose	day	3	1
lose	death	3	3
lose	deed	4	2
lose	delight	4	2
lose	dinner	3	1
lose	dish	3	1
lose	door	2	1
lose	dragon	0	1
lose	dream	3	2
lose	dress	3	0
lose	dust	4	3
lose	eagle	0	1
lose	ear	3	0
lose	earth	2	2
lose	egg	3	0
lose	elephant	0	1
lose	emperor	0	1
lose	end	4	2
lose	evening	4	3
lose	eye	3	0
lose	face	3	1
lose	fairy	0	1
lose	farmer	0	1
lose	fear	3	0
lose	feast	4	2
lose	feather	3	0
lose	fellow	0	1
lose	field	2	1
lose	fish	0	1
lose	flame	2	2
lose	floor	4	3
lose	flower	1	1
lose	folk	0	2
lose	foot	3	0
lose	forehead	4	3
lose	forest	1	1
lose	form	3	1
lose	front	4	3
lose	garden	2	1
lose	gate	3	2
lose	gentleman	0	1
lose	giant	0	1
lose	gift	3	0
lose	glass	3	0
lose	grass	2	2
lose	grave	4	3
lose	ground	4	1
lose	guest	0	1
lose	gun	3	0
lose	hall	3	2
lose	hand	3	0
lose	head	3	0
lose	heap	4	2
lose	heart	2	0
lose	help	4	2
lose	hill	3	3
lose	hole	4	3
lose	home	3	0
lose	honey	3	1
lose	horn	3	0
lose	hour	4	0
lose	hut	3	1
lose	instant	4	1
lose	iron	3	1
lose	island	3	1
lose	journey	4	2
lose	joy	4	1
lose	kind	4	3
lose	kitchen	3	3
lose	knife	3	0
lose	lad	0	1
lose	lake	2	2
lose	land	2	0
lose	leaf	3	1
lose	leg	3	0
lose	length	4	3
lose	letter	3	0
lose	light	3	2
lose	lion	0	1
lose	look	4	3
lose	love	3	0
lose	magic	3	0
lose	magician	0	1
lose	maid	0	1
lose	maiden	0	1
lose	marriage	4	2
lose	matter	4	3
lose	meat	3	1
lose	merchant	0	1
lose	mermaid	0	1
lose	midst	4	4
lose	mind	3	0
lose	minute	4	0
lose	moment	4	0
lose	monkey	0	1
lose	moon	1	2
lose	morning	4	1
lose	morrow	4	4
lose	mountain	3	2
lose	mouth	3	2
lose	name	3	0
lose	neck	3	2
lose	needle	3	0
lose	nest	3	1
lose	night	4	2
lose	noise	4	3
lose	number	4	2
lose	opinion	4	3
lose	order	4	3
lose	pain	4	2
lose	pair	3	1
lose	palace	2	0
lose	part	3	1
lose	paw	3	0
lose	peace	4	1
lose	peasant	0	1
lose	piece	3	0
lose	place	3	0
lose	pleasure	4	1
lose	plenty	4	2
lose	poet	0	1
lose	power	3	0
lose	rest	4	2
lose	right	4	0
lose	ring	3	0
lose	river	2	2
lose	road	3	1
lose	rock	3	2
lose	room	3	2
lose	rose	1	1
lose	sack	3	0
lose	sand	4	2
lose	sea	3	2
lose	search	4	3
lose	sense	4	0
lose	serpent	0	1
lose	ship	1	0
lose	shoe	3	0
lose	shore	3	1
lose	shoulder	3	2
lose	sight	4	0
lose	silver	3	0
lose	slave	0	1
lose	snow	3	3
lose	song	3	2
lose	sorrow	4	2
lose	spot	4	2
lose	spring	3	2
lose	star	2	2
lose	step	4	2
lose	stone	3	0
lose	story	4	2
lose	stranger	0	1
lose	stream	2	2
lose	street	4	2
lose	strength	4	0
lose	subject	1	1
lose	sun	2	2
lose	sword	3	0
lose	table	3	2
lose	tale	4	2
lose	tear	4	3
lose	thing	3	0
lose	thistle	3	2
lose	thought	4	1
lose	throne	3	0
lose	time	4	0
lose	tongue	3	1
lose	tooth	3	0
lose	top	4	3
lose	town	2	1
lose	trouble	4	3
lose	truth	4	2
lose	use	4	1
lose	village	2	1
lose	vizir	0	1
lose	voice	3	0
lose	wall	3	2
lose	want	4	3
lose	war	4	0
lose	way	4	0
lose	week	4	1
lose	well	3	2
lose	while	4	4
lose	window	3	2
lose	wine	3	1
lose	witch	0	1
lose	wolf	0	1
lose	wood	2	1
lose	work	4	1
lose	world	3	1
lose	year	4	1
lose	youth	0	0
make	air	1	3
make	angel	0	1
make	animal	0	1
make	apple	1	2
make	arm	2	2
make	arrow	1	0
make	back	3	3
make	bag	3	0
make	bank	3	2
make	basket	3	0
make	battle	1	1
make	bear	0	1
make	beard	3	2
make	beast	0	1
make	beauty	0	3
make	bed	3	0
make	bee	0	2
make	being	0	1
make	bell	1	0
make	bird	0	1
make	blood	2	3
make	boat	2	0
make	body	2	2
make	book	1	0
make	boot	3	0
make	box	3	0
make	boy	0	1
make	branch	2	2
make	bread	2	0
make	bride	0	1
make	bridegroom	0	2
make	bridge	2	0
make	brother	0	2
make	captain	0	1
make	care	2	3
make	carriage	2	0
make	case	3	1
make	castle	3	1
make	cat	0	1
make	cave	3	1
make	chance	2	2
make	cheese	2	0
make	child	0	2
make	chin	3	3
make	church	3	1
make	city	2	2
make	clothes	1	0
make	cloud	1	2
make	coat	2	0
make	corner	3	2
make	cottage	3	1
make	country	3	3
make	course	3	3
make	court	2	3
make	creature	0	1
make	crow	0	1
make	cry	1	0
make	danger	1	3
make	daughter	0	2
make	death	1	3
make	deed	0	2
make	delight	1	3
make	dinner	1	0
make	dish	2	0
make	dog	0	1
make	door	1	0
make	dragon	0	2
make	dream	0	3
make	dress	2	0
make	duck	0	1
make	dust	0	2
make	eagle	0	1
make	ear	3	2
make	earth	2	2
make	egg	2	2
make	elephant	0	2
make	emperor	0	1
make	end	3	0
make	evening	2	3
make	eye	2	3
make	face	2	0
make	fairy	0	1
make	family	0	2
make	farmer	0	2
make	father	0	2
make	fear	0	3
make	feast	1	0
make	feather	2	2
make	fellow	0	2
make	field	3	2
make	fish	0	2
make	flame	1	1
make	floor	2	1
make	flower	2	2
make	folk	0	3
make	food	1	1
make	foot	2	3
make	forehead	3	4
make	forest	2	2
make	form	3	2
make	fox	0	1
make	front	4	3
make	garden	2	1
make	gate	2	0
make	gentleman	0	1
make	giant	0	2
make	gift	0	0
make	girl	0	2
make	glass	2	1
make	gold	0	0
make	grandfather	0	3
make	grass	3	2
make	grave	3	1
make	ground	3	3
make	guest	0	2
make	gun	1	0
make	hair	3	2
make	hall	3	1
make	hand	1	2
make	hare	0	1
make	head	2	2
make	heap	3	0
make	heart	1	2
make	help	2	3
make	hero	0	1
make	hill	3	2
make	hole	3	0
make	home	3	0
make	honey	2	1
make	horn	2	1
make	horse	0	1
make	hour	3	3
make	house	3	0
make	husband	0	2
make	hut	3	0
make	instant	4	4
make	iron	3	2
make	island	3	2
make	journey	1	0
make	joy	0	3
make	kind	4	4
make	king	0	1
make	kingdom	2	2
make	kitchen	3	2
make	knife	2	0
make	knight	0	1
make	lad	0	2
make	lady	0	2
make	lake	3	2
make	land	3	3
make	leaf	3	3
make	leg	3	2
make	length	4	4
make	letter	2	2
make	life	2	2
make	lion	0	1
make	look	1	3
make	love	0	2
make	magic	0	0
make	magician	0	2
make	maid	0	2
make	maiden	0	2
make	marriage	1	1
make	master	0	2
make	matter	3	3
make	meat	2	1
make	merchant	0	2
make	mermaid	0	2
make	midst	4	4
make	mind	1	3
make	minute	4	4
make	monkey	0	1
make	moon	1	2
make	morning	2	3
make	morrow	4	4
make	mother	0	2
make	mountain	3	2
make	mouse	0	1
make	mouth	3	3
make	name	1	1
make	neck	3	3
make	needle	2	1
make	nest	3	0
make	night	2	3
make	noise	0	0
make	number	3	3
make	opinion	3	3
make	order	2	2
make	other	1	2
make	pain	0	3
make	palace	3	1
make	part	3	2
make	paw	2	3
make	peace	2	0
make	peasant	0	2
make	people	0	2
make	piece	3	2
make	pig	0	1
make	place	3	1
make	pleasure	1	3
make	plenty	3	3
make	poet	0	2
make	power	0	3
make	prince	0	1
make	princess	0	1
make	queen	0	1
make	rabbit	0	1
make	rest	3	3
make	right	3	3
make	ring	2	0
make	river	1	2
make	road	3	1
make	rock	3	2
make	room	3	0
make	rose	2	2
make	sack	3	0
make	sand	3	3
make	sea	1	3
make	search	3	0
make	sense	3	1
make	serpent	0	1
make	servant	0	1
make	sheep	0	2
make	ship	2	0
make	shoe	2	0
make	shore	4	3
make	shoulder	3	3
make	side	4	3
make	sight	0	3
make	silver	2	2
make	sister	0	2
make	slave	0	1
make	snow	1	2
make	soldier	0	1
make	son	0	2
make	song	0	0
make	sorrow	0	3
make	spot	3	2
make	spring	2	3
make	star	2	2
make	step	3	2
make	stone	2	2
make	story	1	1
make	stranger	0	2
make	stream	2	2
make	street	3	2
make	strength	2	3
make	subject	2	2
make	sun	0	2
make	sword	2	0
make	table	3	0
make	tale	1	1
make	tear	3	3
make	thing	1	0
make	thistle	3	3
make	thought	0	3
make	throne	3	0
make	time	2	3
make	tongue	3	3
make	tooth	3	3
make	top	4	3
make	town	3	3
make	tree	2	2
make	trouble	1	0
make	truth	1	3
make	use	4	1
make	village	3	3
make	vizir	0	1
make	voice	1	3
make	wall	2	0
make	want	1	3
make	war	0	0
make	water	1	2
make	way	3	0
make	week	4	4
make	well	3	0
make	while	4	4
make	wife	0	1
make	wind	0	2
make	window	3	0
make	wine	1	0
make	witch	0	1
make	wolf	0	1
make	woman	0	2
make	wood	3	3
make	word	0	3
make	world	2	0
make	year	3	4
make	youth	0	2
marry	air	3	3
marry	angel	1	1
marry	animal	0	0
marry	apple	3	3
marry	arm	3	3
marry	arrow	3	3
marry	baby	3	3
marry	back	4	4
marry	bag	3	3
marry	bank	4	4
marry	basket	3	3
marry	battle	4	4
marry	bear	0	0
marry	beard	3	3
marry	beast	0	0
marry	bed	3	3
marry	bee	1	1
marry	being	1	1
marry	bell	3	3
marry	bird	0	0
marry	blood	4	4
marry	boat	3	3
marry	body	3	3
marry	book	3	3
marry	boot	2	2
marry	box	3	3
marry	boy	1	1
marry	branch	3	3
marry	bread	3	3
marry	bridge	3	3
marry	brother	0	2
marry	business	3	3
marry	care	4	4
marry	carriage	3	3
marry	case	4	4
marry	castle	3	3
marry	cat	0	0
marry	cave	3	3
marry	chance	4	4
marry	cheese	3	3
marry	child	2	2
marry	chin	3	3
marry	church	2	4
marry	city	3	3
marry	clothes	3	3
marry	cloud	2	2
marry	coat	3	3
marry	company	3	3
marry	corner	4	4
marry	cottage	3	3
marry	country	3	3
marry	course	4	4
marry	court	3	3
marry	creature	0	0
marry	crow	0	0
marry	cry	4	4
marry	danger	4	4
marry	daughter	0	0
marry	day	2	2
marry	death	2	2
marry	deed	4	4
marry	delight	4	4
marry	dinner	4	4
marry	dish	1	1
marry	dog	0	0
marry	door	3	3
marry	dragon	1	1
marry	dream	3	3
marry	dress	3	3
marry	duck	0	0
marry	dust	3	3
marry	eagle	0	0
marry	ear	3	3
marry	earth	1	1
marry	egg	3	3
marry	elephant	0	0
marry	end	4	4
marry	evening	3	3
marry	eye	3	3
marry	face	3	3
marry	fairy	0	0
marry	family	3	2
marry	fear	4	4
marry	feast	4	4
marry	feather	3	3
marry	field	3	3
marry	fire	2	2
marry	fish	1	1
marry	flame	2	2
marry	floor	3	3
marry	flower	2	2
marry	folk	1	1
marry	food	3	3
marry	foot	3	3
marry	forehead	3	3
marry	forest	3	3
marry	form	4	4
marry	fox	0	0
marry	front	4	4
marry	garden	3	3
marry	gate	3	3
marry	giant	0	0
marry	gift	3	3
marry	glass	3	3
marry	gold	3	3
marry	grandfather	0	0
marry	grass	3	3
marry	grave	3	3
marry	ground	3	3
marry	gun	3	3
marry	hair	3	3
marry	hall	3	3
marry	hand	3	3
marry	hare	0	0
marry	head	3	3
marry	heap	4	4
marry	heart	3	3
marry	help	4	4
marry	hill	3	3
marry	hole	4	4
marry	home	3	3
marry	honey	3	3
marry	horn	3	3
marry	horse	1	1
marry	hour	4	4
marry	house	3	3
marry	hut	3	3
marry	instant	4	4
marry	iron	3	3
marry	island	3	3
marry	journey	4	4
marry	joy	4	4
marry	kind	4	4
marry	kingdom	3	3
marry	kitchen	3	3
marry	knife	3	3
marry	lake	3	3
marry	land	3	3
marry	leaf	3	3
marry	leg	3	3
marry	length	4	4
marry	letter	3	3
marry	life	4	4
marry	light	3	3
marry	lion	0	0
marry	look	4	4
marry	love	3	3
marry	magic	4	4
marry	marriage	4	4
marry	matter	4	4
marry	meat	3	3
marry	mermaid	0	0
marry	midst	4	4
marry	mind	4	4
marry	minute	4	4
marry	moment	4	4
marry	money	3	2
marry	monkey	0	0
marry	moon	1	1
marry	morning	3	3
marry	morrow	4	4
marry	mountain	2	2
marry	mouse	0	0
marry	mouth	3	3
marry	name	4	4
marry	neck	3	3
marry	needle	2	2
marry	nest	4	4
marry	night	2	2
marry	noise	4	4
marry	number	4	4
marry	opinion	4	4
marry	order	4	4
marry	pain	4	4
marry	pair	3	3
marry	palace	3	3
marry	part	4	4
marry	paw	3	3
marry	peace	4	4
marry	people	1	1
marry	piece	4	4
marry	pig	0	0
marry	place	4	4
marry	pleasure	4	4
marry	plenty	4	4
marry	power	4	4
marry	rabbit	0	0
marry	rest	4	4
marry	right	4	4
marry	ring	3	3
marry	river	2	2
marry	road	3	3
marry	rock	3	3
marry	room	4	4
marry	rose	2	2
marry	sack	3	3
marry	sand	3	3
marry	sea	2	2
marry	search	4	4
marry	sense	4	4
marry	serpent	1	1
marry	sheep	0	0
marry	ship	3	3
marry	shoe	2	2
marry	shore	3	3
marry	shoulder	3	3
marry	side	4	4
marry	sight	4	4
marry	silver	3	3
marry	sister	0	2
marry	snow	2	2
marry	son	0	0
marry	song	4	4
marry	sorrow	4	4
marry	spot	4	4
marry	spring	2	2
marry	step	4	4
marry	stone	3	3
marry	story	4	4
marry	stream	2	2
marry	street	3	3
marry	strength	4	4
marry	sun	1	1
marry	sword	3	3
marry	table	3	3
marry	tale	4	4
marry	tear	4	4
marry	thing	3	3
marry	thistle	2	2
marry	thought	4	4
marry	throne	3	3
marry	time	4	4
marry	tongue	3	3
marry	tooth	3	3
marry	top	2	2
marry	town	3	3
marry	tree	2	2
marry	trouble	4	4
marry	truth	3	3
marry	use	4	4
marry	village	3	3
marry	voice	4	4
marry	wall	3	3
marry	want	4	4
marry	war	4	4
marry	water	3	3
marry	way	4	4
marry	week	4	4
marry	well	3	3
marry	while	4	4
marry	wind	1	1
marry	window	3	3
marry	wine	3	3
marry	witch	0	0
marry	wolf	0	0
marry	wood	3	3
marry	word	4	4
marry	work	4	4
marry	world	3	3
marry	year	4	4
meet	air	2	3
meet	angel	0	0
meet	apple	2	2
meet	arm	2	3
meet	arrow	1	2
meet	back	3	3
meet	bag	3	3
meet	bank	2	2
meet	basket	3	3
meet	battle	3	2
meet	beard	3	3
meet	bed	3	3
meet	bee	0	0
meet	bell	3	3
meet	bird	0	0
meet	blood	3	3
meet	boat	1	1
meet	body	2	2
meet	book	3	3
meet	boot	3	3
meet	box	3	3
meet	branch	1	2
meet	bread	3	3
meet	bridge	2	2
meet	business	3	3
meet	care	4	3
meet	carriage	1	1
meet	case	4	3
meet	castle	3	2
meet	cave	3	3
meet	chance	3	3
meet	cheese	4	3
meet	chin	3	3
meet	church	3	3
meet	city	3	3
meet	clothes	4	3
meet	cloud	1	2
meet	coat	3	3
meet	corner	2	3
meet	cottage	3	3
meet	country	3	3
meet	course	3	3
meet	court	1	2
meet	crow	0	0
meet	cry	3	3
meet	danger	3	0
meet	day	2	2
meet	death	0	0
meet	deed	4	3
meet	delight	3	3
meet	dinner	4	3
meet	dish	3	3
meet	door	3	3
meet	dragon	0	0
meet	dream	3	3
meet	dress	3	3
meet	duck	0	0
meet	dust	3	3
meet	eagle	0	0
meet	ear	3	1
meet	earth	1	1
meet	egg	3	3
meet	evening	3	3
meet	face	2	2
meet	fairy	0	0
meet	fear	3	2
meet	feast	4	3
meet	feather	3	3
meet	field	2	3
meet	fire	2	2
meet	fish	0	0
meet	flame	2	3
meet	floor	1	1
meet	flower	2	2
meet	food	4	3
meet	foot	2	3
meet	forehead	3	3
meet	forest	1	2
meet	form	3	3
meet	front	4	4
meet	garden	3	3
meet	gate	3	3
meet	gift	4	3
meet	glass	3	3
meet	gold	3	3
meet	grass	3	3
meet	grave	3	2
meet	ground	2	1
meet	gun	4	3
meet	hair	3	3
meet	hall	3	3
meet	hand	1	2
meet	hare	0	0
meet	head	3	3
meet	heap	4	4
meet	heart	3	3
meet	help	3	3
meet	hill	2	2
meet	hole	4	3
meet	home	4	3
meet	honey	4	4
meet	horn	3	3
meet	hour	3	3
meet	house	3	3
meet	hut	3	3
meet	instant	4	4
meet	iron	3	3
meet	island	3	2
meet	journey	4	3
meet	joy	3	3
meet	kind	4	4
meet	kingdom	3	3
meet	kitchen	4	3
meet	knife	3	3
meet	lake	2	1
meet	land	1	2
meet	leaf	3	3
meet	leg	3	3
meet	length	4	4
meet	letter	4	3
meet	life	3	3
meet	light	2	3
meet	look	2	1
meet	love	3	1
meet	magic	3	3
meet	marriage	4	3
meet	matter	4	4
meet	meat	4	3
meet	mermaid	0	0
meet	midst	4	4
meet	mind	2	3
meet	minute	4	4
meet	moment	4	4
meet	money	4	3
meet	moon	1	1
meet	morning	3	3
meet	morrow	4	4
meet	mountain	2	2
meet	mouse	0	0
meet	mouth	3	3
meet	name	4	3
meet	neck	3	3
meet	needle	3	3
meet	nest	4	3
meet	night	2	2
meet	noise	3	3
meet	number	4	4
meet	opinion	4	3
meet	order	4	3
meet	pain	3	3
meet	pair	1	1
meet	palace	3	3
meet	part	4	4
meet	paw	3	3
meet	peace	4	3
meet	piece	4	4
meet	pig	0	0
meet	place	3	4
meet	pleasure	4	3
meet	plenty	4	4
meet	power	3	3
meet	rabbit	0	0
meet	rest	4	4
meet	right	4	4
meet	ring	3	3
meet	river	1	1
meet	road	1	1
meet	rock	3	3
meet	room	3	3
meet	rose	2	2
meet	sack	4	3
meet	sand	3	3
meet	sea	1	1
meet	search	4	4
meet	sense	4	4
meet	serpent	0	0
meet	sheep	0	0
meet	ship	1	1
meet	shoe	3	3
meet	shore	2	2
meet	shoulder	3	3
meet	side	3	3
meet	sight	3	2
meet	silver	3	3
meet	snow	3	3
meet	song	3	3
meet	sorrow	3	3
meet	spot	4	3
meet	spring	3	3
meet	step	4	3
meet	stone	3	3
meet	story	4	3
meet	stream	1	1
meet	street	1	2
meet	strength	4	3
meet	subject	3	3
meet	sun	1	1
meet	sword	1	1
meet	table	3	3
meet	tale	4	3
meet	tear	3	3
meet	thing	2	2
meet	thistle	3	3
meet	thought	3	3
meet	throne	3	3
meet	time	4	3
meet	tongue	3	3
meet	tooth	3	3
meet	top	4	4
meet	town	3	3
meet	tree	2	2
meet	trouble	3	1
meet	truth	3	3
meet	use	4	4
meet	village	3	3
meet	voice	3	3
meet	wall	1	2
meet	want	4	2
meet	war	4	3
meet	water	2	2
meet	way	1	3
meet	week	4	4
meet	well	3	3
meet	while	4	4
meet	wind	2	1
meet	window	3	3
meet	wine	4	4
meet	witch	0	0
meet	wood	2	2
meet	word	4	3
meet	work	4	3
meet	world	3	2
meet	year	4	4
open	air	3	3
open	angel	0	3
open	animal	0	3
open	apple	2	1
open	arm	2	1
open	arrow	3	3
open	baby	1	4
open	back	3	3
open	basket	1	0
open	bear	0	3
open	beard	2	2
open	beast	0	3
open	beauty	0	3
open	bed	2	2
open	bee	1	4
open	being	0	3
open	bell	3	3
open	bird	0	3
open	blood	4	4
open	boat	3	3
open	body	2	3
open	boot	3	2
open	boy	0	4
open	branch	1	2
open	bread	3	2
open	bride	0	4
open	bridegroom	0	4
open	brother	0	4
open	captain	0	4
open	care	4	4
open	carriage	1	1
open	case	1	0
open	castle	2	1
open	cat	0	4
open	cave	0	0
open	chance	4	3
open	cheese	4	2
open	child	0	4
open	chin	3	4
open	city	1	2
open	clothes	3	2
open	cloud	1	2
open	coat	2	0
open	corner	4	4
open	cottage	2	1
open	country	3	3
open	course	4	4
open	creature	0	4
open	crow	0	4
open	cry	4	4
open	danger	4	4
open	daughter	0	4
open	day	3	4
open	death	3	4
open	deed	4	4
open	delight	4	4
open	dinner	4	3
open	dish	2	1
open	dog	1	4
open	dragon	0	4
open	dream	3	4
open	dress	3	2
open	duck	0	4
open	dust	4	4
open	eagle	0	4
open	ear	2	2
open	earth	0	2
open	elephant	0	4
open	emperor	0	4
open	end	4	4
open	evening	4	4
open	face	3	3
open	fairy	0	4
open	family	0	4
open	farmer	0	4
open	father	0	4
open	fear	4	4
open	feast	3	1
open	feather	3	3
open	fellow	0	4
open	field	3	3
open	fire	3	3
open	fish	1	1
open	flame	4	4
open	flower	0	1
open	folk	0	4
open	food	4	3
open	foot	4	4
open	forehead	4	4
open	forest	1	3
open	form	4	4
open	fox	0	4
open	friend	0	4
open	front	4	4
open	gentleman	0	4
open	giant	0	4
open	gift	3	0
open	girl	0	4
open	glass	4	3
open	gold	4	4
open	grandfather	0	4
open	grass	3	4
open	grave	1	0
open	ground	0	2
open	guest	0	4
open	gun	4	4
open	hair	4	4
open	hare	0	4
open	head	4	3
open	heap	4	4
open	help	4	4
open	hero	0	4
open	hill	0	1
open	home	4	3
open	honey	4	3
open	horn	4	3
open	horse	1	4
open	hour	4	4
open	house	2	1
open	husband	0	4
open	hut	2	1
open	instant	4	4
open	iron	4	4
open	island	3	4
open	journey	4	4
open	joy	4	4
open	kind	4	4
open	king	0	4
open	kingdom	3	3
open	knife	2	1
open	knight	0	4
open	lad	0	4
open	lady	0	4
open	lake	1	3
open	land	3	3
open	leaf	2	3
open	leg	4	4
open	length	4	4
open	letter	3	0
open	life	4	4
open	light	4	4
open	lion	0	4
open	look	4	4
open	love	4	4
open	magic	2	4
open	magician	0	4
open	maid	0	4
open	maiden	0	4
open	man	0	4
open	marriage	4	4
open	master	0	4
open	matter	4	4
open	meat	4	4
open	merchant	0	4
open	mermaid	0	4
open	midst	4	4
open	minute	4	4
open	moment	4	4
open	money	4	4
open	monkey	0	4
open	moon	3	4
open	morning	4	4
open	morrow	4	4
open	mother	0	4
open	mountain	0	1
open	mouse	0	4
open	name	4	4
open	neck	4	4
open	needle	3	4
open	nest	3	3
open	night	4	4
open	noise	4	4
open	number	4	4
open	one	0	3
open	opinion	4	4
open	order	4	4
open	other	0	3
open	pain	4	4
open	pair	1	3
open	part	4	4
open	paw	3	2
open	peace	4	4
open	peasant	0	4
open	people	0	4
open	piece	4	4
open	pig	0	4
open	place	4	4
open	pleasure	4	4
open	plenty	4	4
open	poet	0	4
open	power	3	4
open	prince	0	4
open	princess	0	4
open	queen	0	4
open	rabbit	0	4
open	rest	4	4
open	right	4	4
open	ring	3	3
open	river	2	3
open	rock	0	1
open	room	3	1
open	rose	0	1
open	sack	2	0
open	sand	2	4
open	sea	1	3
open	search	4	4
open	sense	4	4
open	serpent	0	4
open	servant	0	4
open	sheep	0	4
open	ship	3	3
open	shoe	3	3
open	shore	4	4
open	shoulder	4	4
open	side	4	3
open	sight	4	4
open	silver	4	4
open	sister	0	4
open	slave	0	4
open	snow	3	4
open	soldier	0	4
open	son	0	4
open	sorrow	4	4
open	spot	4	4
open	spring	3	4
open	star	3	4
open	step	4	4
open	stone	2	3
open	story	4	3
open	stranger	0	4
open	stream	3	4
open	street	4	4
open	strength	4	4
open	subject	0	4
open	sun	3	4
open	sword	4	4
open	table	3	3
open	tale	4	3
open	tear	4	4
open	thing	1	1
open	thistle	2	4
open	thought	4	4
open	throne	3	3
open	time	4	4
open	tongue	4	4
open	tooth	4	4
open	top	4	3
open	town	2	3
open	tree	1	2
open	trouble	4	4
open	truth	4	4
open	use	4	4
open	village	3	4
open	vizir	0	4
open	voice	4	4
open	wall	1	2
open	want	4	4
open	war	4	3
open	water	2	4
open	way	4	1
open	week	4	4
open	well	3	3
open	while	4	4
open	wife	0	4
open	wind	2	4
open	wine	4	2
open	witch	0	4
open	wolf	0	4
open	woman	0	4
open	wood	3	3
open	word	2	4
open	work	4	4
open	world	4	4
open	year	4	4
open	youth	0	4
pass	angel	0	1
pass	apple	2	0
pass	arm	3	1
pass	back	3	2
pass	bag	2	0
pass	bank	3	0
pass	basket	2	0
pass	battle	1	2
pass	beard	3	2
pass	beauty	1	2
pass	bed	3	1
pass	bell	3	1
pass	blood	2	1
pass	body	2	1
pass	book	2	0
pass	boot	3	1
pass	box	2	0
pass	branch	3	1
pass	bread	2	0
pass	bridge	3	0
pass	care	2	3
pass	case	3	2
pass	castle	3	0
pass	cave	4	0
pass	cheese	3	0
pass	chin	3	2
pass	church	3	0
pass	city	3	0
pass	clothes	3	1
pass	cloud	0	1
pass	coat	3	1
pass	corner	4	0
pass	cottage	3	0
pass	country	3	1
pass	course	3	2
pass	court	2	1
pass	cry	1	3
pass	danger	0	1
pass	death	1	2
pass	deed	2	2
pass	delight	1	3
pass	dish	2	0
pass	door	4	0
pass	dragon	0	0
pass	dream	1	2
pass	dress	3	1
pass	dust	2	2
pass	ear	3	2
pass	earth	3	2
pass	egg	3	0
pass	end	3	1
pass	eye	3	2
pass	face	2	2
pass	fairy	0	1
pass	fear	0	2
pass	feast	1	2
pass	feather	2	1
pass	field	3	0
pass	fire	1	1
pass	flame	2	1
pass	floor	4	2
pass	flower	3	1
pass	food	2	0
pass	foot	2	2
pass	forehead	4	3
pass	forest	3	0
pass	form	2	2
pass	front	4	1
pass	garden	3	0
pass	gate	4	0
pass	giant	0	0
pass	gift	2	1
pass	glass	3	1
pass	gold	2	1
pass	grass	3	2
pass	grave	4	1
pass	ground	4	2
pass	gun	3	1
pass	hair	3	2
pass	hall	3	1
pass	hand	2	2
pass	head	3	2
pass	heap	3	1
pass	heart	3	3
pass	help	2	2
pass	hill	4	0
pass	hole	4	1
pass	home	4	1
pass	honey	3	0
pass	horn	2	1
pass	house	3	0
pass	hut	3	0
pass	iron	3	2
pass	island	3	0
pass	journey	1	2
pass	joy	1	3
pass	kind	4	3
pass	kingdom	2	1
pass	kitchen	4	1
pass	knife	2	0
pass	lake	3	0
pass	land	2	1
pass	leaf	2	2
pass	leg	3	2
pass	length	4	3
pass	letter	2	0
pass	look	1	3
pass	love	1	3
pass	magic	2	2
pass	marriage	3	3
pass	matter	2	2
pass	meat	3	0
pass	mermaid	0	1
pass	midst	4	4
pass	mind	3	3
pass	money	2	0
pass	moon	0	2
pass	mountain	4	0
pass	mouth	3	2
pass	name	2	2
pass	neck	3	2
pass	needle	3	0
pass	nest	3	1
pass	noise	1	3
pass	number	3	3
pass	opinion	3	2
pass	pain	0	2
pass	pair	1	2
pass	palace	3	0
pass	part	3	2
pass	paw	3	1
pass	peace	2	3
pass	piece	2	1
pass	place	4	1
pass	pleasure	1	3
pass	plenty	3	4
pass	rest	3	3
pass	right	2	3
pass	ring	2	0
pass	river	1	0
pass	road	1	1
pass	rock	3	0
pass	room	4	1
pass	rose	3	1
pass	sack	3	0
pass	sand	2	2
pass	sea	3	1
pass	search	3	3
pass	sense	3	3
pass	shoe	3	1
pass	shore	3	1
pass	shoulder	3	2
pass	side	4	2
pass	sight	3	3
pass	silver	2	1
pass	snow	2	2
pass	song	1	3
pass	sorrow	0	3
pass	spot	4	1
pass	star	1	2
pass	step	2	2
pass	stone	3	1
pass	stream	1	0
pass	street	1	1
pass	strength	2	3
pass	sun	1	2
pass	sword	2	0
pass	table	3	1
pass	tear	2	3
pass	thistle	3	1
pass	thought	1	3
pass	throne	1	1
pass	tongue	3	3
pass	tooth	3	3
pass	top	4	2
pass	town	3	0
pass	tree	3	0
pass	trouble	0	3
pass	truth	3	3
pass	use	4	4
pass	village	3	0
pass	voice	2	3
pass	wall	3	1
pass	want	3	3
pass	war	0	2
pass	way	2	2
pass	well	3	0
pass	wind	0	2
pass	window	4	0
pass	wine	2	0
pass	witch	0	0
pass	wood	3	0
pass	work	3	2
pass	world	3	2
place	air	3	3
place	angel	0	1
place	animal	0	1
place	apple	3	0
place	arm	2	0
place	arrow	3	0
place	baby	1	0
place	back	3	1
place	bag	3	0
place	bank	2	3
place	basket	3	0
place	battle	3	3
place	bear	0	1
place	beard	3	2
place	beast	0	1
place	beauty	1	2
place	bed	3	0
place	bee	1	1
place	being	0	1
place	bell	3	0
place	bird	0	1
place	blood	3	2
place	boat	3	0
place	body	2	0
place	book	3	0
place	boot	3	0
place	box	3	0
place	branch	3	0
place	bread	3	0
place	bridge	3	1
place	business	2	2
place	care	3	2
place	carriage	3	1
place	case	3	1
place	castle	3	2
place	cat	0	0
place	cave	3	3
place	chance	3	2
place	cheese	3	0
place	chin	3	1
place	church	2	2
place	city	2	3
place	clothes	3	0
place	cloud	3	2
place	coat	3	0
place	company	1	2
place	corner	3	3
place	cottage	3	2
place	country	2	3
place	course	3	3
place	court	1	3
place	creature	0	1
place	crow	0	1
place	cry	4	3
place	danger	3	3
place	day	4	3
place	death	2	3
place	deed	3	2
place	delight	3	3
place	dinner	3	1
place	dish	3	0
place	dog	1	0
place	door	3	1
place	dragon	0	2
place	dream	3	2
place	dress	3	0
place	duck	1	1
place	dust	3	2
place	eagle	1	1
place	ear	3	1
place	earth	3	2
place	egg	3	0
place	elephant	1	2
place	end	4	3
place	evening	4	4
place	eye	3	2
place	face	3	2
place	fairy	0	1
place	fear	3	2
place	feast	3	2
place	feather	3	0
place	field	3	3
place	fire	3	2
place	fish	2	1
place	flame	3	1
place	floor	3	3
place	flower	3	0
place	food	3	0
place	foot	2	0
place	forehead	3	2
place	forest	3	3
place	form	3	2
place	fox	0	1
place	front	4	4
place	garden	3	3
place	gate	3	2
place	giant	0	2
place	gift	3	0
place	glass	3	0
place	gold	3	0
place	grass	3	2
place	grave	3	3
place	ground	3	4
place	gun	3	0
place	hair	3	1
place	hall	3	3
place	hand	2	0
place	hare	0	1
place	head	3	0
place	heap	3	1
place	heart	3	2
place	help	3	3
place	hill	3	3
place	hole	3	3
place	home	3	3
place	honey	3	1
place	horn	3	1
place	horse	1	2
place	hour	4	4
place	house	3	2
place	hut	3	2
place	instant	4	4
place	iron	3	1
place	island	3	3
place	journey	4	3
place	joy	3	3
place	kind	4	4
place	kingdom	2	3
place	kitchen	3	3
place	knife	3	0
place	lake	3	3
place	land	3	3
place	leaf	3	0
place	leg	3	1
place	length	4	4
place	letter	3	0
place	life	3	2
place	light	3	1
place	lion	0	1
place	look	4	3
place	love	3	2
place	magic	2	2
place	marriage	3	3
place	matter	3	2
place	meat	3	0
place	mermaid	0	1
place	midst	4	4
place	mind	3	3
place	minute	4	4
place	moment	4	4
place	money	3	0
place	monkey	0	1
place	moon	3	2
place	morning	4	4
place	morrow	4	4
place	mountain	3	3
place	mouse	0	1
place	mouth	3	2
place	name	3	2
place	neck	3	2
place	needle	3	0
place	nest	3	1
place	night	4	4
place	noise	4	4
place	number	4	3
place	opinion	4	3
place	order	3	1
place	other	1	1
place	pain	3	3
place	pair	2	1
place	palace	3	2
place	part	3	2
place	paw	2	0
place	peace	3	3
place	piece	3	0
place	pig	1	1
place	place	4	3
place	pleasure	4	3
place	plenty	4	3
place	power	3	2
place	rabbit	0	1
place	rest	4	3
place	right	4	3
place	ring	3	0
place	river	3	3
place	road	3	3
place	rock	3	1
place	room	3	3
place	rose	3	0
place	sack	3	0
place	sand	3	1
place	sea	3	4
place	search	4	4
place	sense	4	3
place	serpent	1	1
place	sheep	1	1
place	ship	3	2
place	shoe	3	0
place	shore	3	4
place	shoulder	3	2
place	side	4	3
place	sight	4	3
place	silver	3	0
place	snow	3	2
place	song	3	3
place	sorrow	3	3
place	spot	4	3
place	spring	3	3
place	star	2	1
place	step	4	3
place	stone	3	0
place	story	3	3
place	stream	3	3
place	street	3	3
place	strength	3	3
place	sun	2	2
place	sword	3	0
place	table	3	1
place	tale	3	3
place	tear	3	2
place	thing	3	0
place	thistle	3	1
place	thought	3	2
place	throne	3	1
place	time	3	4
place	tongue	3	2
place	tooth	3	1
place	top	4	3
place	town	3	3
place	tree	2	2
place	trouble	3	3
place	truth	3	3
place	use	4	4
place	village	3	3
place	voice	3	3
place	wall	3	2
place	want	4	4
place	war	3	3
place	water	3	1
place	way	4	4
place	week	4	4
place	well	3	3
place	while	4	4
place	wind	2	3
place	window	3	2
place	wine	3	0
place	witch	0	1
place	wolf	0	1
place	wood	3	1
place	word	3	2
place	work	3	2
place	world	3	3
place	year	4	4
play	air	2	0
play	angel	0	2
play	animal	0	2
play	apple	3	3
play	arm	3	4
play	arrow	3	4
play	back	4	4
play	bag	3	4
play	bank	4	4
play	basket	3	4
play	battle	4	2
play	beard	4	4
play	beauty	1	3
play	bed	4	4
play	bee	0	3
play	being	1	3
play	bell	2	1
play	bird	0	3
play	blood	3	4
play	boat	3	4
play	body	3	4
play	book	3	4
play	boot	3	4
play	box	2	4
play	branch	3	4
play	bread	4	4
play	bridge	4	4
play	business	4	4
play	care	4	4
play	carriage	4	4
play	case	4	4
play	castle	4	4
play	cat	0	3
play	cave	4	4
play	chance	4	3
play	cheese	4	4
play	chin	4	4
play	church	4	4
play	city	4	4
play	clothes	4	4
play	cloud	2	4
play	coat	4	4
play	company	2	4
play	corner	4	4
play	cottage	4	4
play	course	4	4
play	court	4	4
play	crow	0	3
play	cry	4	4
play	danger	4	4
play	day	4	4
play	death	2	3
play	deed	4	4
play	delight	4	4
play	dinner	4	4
play	dish	4	4
play	dog	0	3
play	door	4	4
play	dragon	0	2
play	dream	3	4
play	dress	4	4
play	duck	0	3
play	dust	3	4
play	eagle	0	3
play	ear	4	4
play	earth	4	4
play	egg	4	4
play	elephant	0	3
play	end	4	4
play	evening	4	4
play	eye	4	4
play	face	4	4
play	fairy	0	2
play	family	0	4
play	fear	4	4
play	feast	4	4
play	feather	3	4
play	fellow	0	3
play	field	4	4
play	fire	2	4
play	flame	2	4
play	floor	4	4
play	flower	3	4
play	food	4	4
play	foot	3	4
play	forehead	4	4
play	forest	4	4
play	form	4	4
play	front	4	4
play	garden	4	4
play	gate	4	4
play	giant	0	2
play	gift	4	4
play	glass	3	4
play	gold	4	4
play	grass	4	4
play	grave	4	4
play	ground	4	4
play	gun	4	4
play	hair	4	4
play	hall	4	4
play	hand	3	1
play	hare	0	3
play	head	4	4
play	heap	4	4
play	heart	3	4
play	help	4	4
play	hill	4	4
play	hole	4	4
play	home	4	4
play	honey	4	4
play	horn	2	0
play	hour	4	4
play	house	4	1
play	hut	4	4
play	instant	4	4
play	iron	4	4
play	island	4	4
play	journey	4	4
play	joy	4	4
play	kind	4	4
play	kingdom	4	4
play	kitchen	4	4
play	knife	4	4
play	lake	4	4
play	land	4	4
play	leaf	3	4
play	leg	4	4
play	length	4	4
play	letter	4	4
play	life	4	4
play	light	2	4
play	look	4	4
play	love	4	4
play	magic	4	3
play	marriage	4	3
play	matter	4	4
play	meat	4	4
play	mermaid	0	2
play	midst	4	4
play	mind	3	4
play	minute	4	4
play	moment	4	4
play	money	4	4
play	moon	2	4
play	morning	4	4
play	morrow	4	4
play	mountain	4	4
play	mouse	0	3
play	mouth	4	4
play	name	4	4
play	neck	4	4
play	needle	4	4
play	nest	4	4
play	night	4	4
play	noise	4	4
play	number	4	4
play	one	0	2
play	opinion	4	4
play	order	4	4
play	other	0	2
play	pain	4	4
play	palace	4	4
play	part	4	0
play	paw	4	4
play	peace	4	4
play	piece	3	1
play	pig	0	3
play	place	4	4
play	pleasure	4	4
play	plenty	4	4
play	power	4	4
play	rest	4	4
play	right	4	4
play	ring	4	4
play	river	3	4
play	road	4	4
play	rock	4	4
play	room	4	4
play	rose	4	4
play	sack	4	4
play	sand	4	4
play	sea	3	4
play	search	4	4
play	sense	4	4
play	serpent	0	3
play	sheep	0	3
play	ship	4	4
play	shoe	4	4
play	shore	4	4
play	shoulder	4	4
play	side	4	4
play	sight	4	4
play	silver	4	4
play	snow	4	4
play	sorrow	4	4
play	spot	4	4
play	spring	3	4
play	star	2	3
play	step	4	4
play	stone	4	4
play	story	4	4
play	stream	3	4
play	street	4	4
play	strength	4	4
play	subject	3	4
play	sun	2	4
play	sword	4	4
play	table	4	4
play	tale	4	4
play	tear	4	4
play	thing	3	3
play	thistle	4	4
play	thought	4	4
play	throne	4	4
play	time	4	4
play	tongue	4	4
play	tooth	4	4
play	top	4	4
play	town	4	4
play	tree	3	4
play	trouble	4	4
play	truth	4	4
play	use	4	4
play	village	4	4
play	voice	4	4
play	wall	4	4
play	want	4	4
play	war	4	2
play	water	2	4
play	way	4	4
play	week	4	4
play	well	4	4
play	while	4	4
play	wind	1	4
play	window	4	4
play	wine	4	4
play	witch	0	2
play	wood	4	4
play	word	4	4
play	work	4	4
play	world	4	4
play	year	4	4
play	youth	0	4
pull	air	3	3
pull	angel	0	1
pull	apple	3	0
pull	arm	1	0
pull	arrow	3	0
pull	back	3	1
pull	bag	3	0
pull	bank	4	3
pull	basket	3	0
pull	battle	4	4
pull	bear	0	1
pull	beard	3	0
pull	beauty	1	2
pull	bed	3	0
pull	bee	1	2
pull	being	0	1
pull	bell	3	0
pull	bird	0	1
pull	blood	4	4
pull	body	2	0
pull	book	3	0
pull	boot	3	0
pull	box	3	0
pull	branch	2	0
pull	bread	4	1
pull	bridge	3	2
pull	business	4	4
pull	care	4	4
pull	carriage	3	0
pull	case	4	1
pull	castle	4	3
pull	cat	0	1
pull	cave	3	4
pull	chance	4	4
pull	cheese	4	2
pull	chin	3	1
pull	church	4	3
pull	city	4	4
pull	clothes	3	0
pull	cloud	2	2
pull	coat	3	0
pull	company	1	3
pull	corner	4	4
pull	cottage	4	3
pull	country	4	4
pull	course	4	4
pull	court	2	4
pull	creature	0	1
pull	crow	0	1
pull	cry	4	4
pull	danger	4	4
pull	day	4	4
pull	death	1	3
pull	deed	4	4
pull	delight	4	4
pull	dinner	4	3
pull	dish	3	1
pull	door	3	0
pull	dragon	0	1
pull	dream	3	4
pull	dress	3	0
pull	duck	0	1
pull	dust	4	3
pull	eagle	0	1
pull	ear	3	0
pull	earth	2	3
pull	egg	4	2
pull	elephant	0	1
pull	end	4	1
pull	evening	4	4
pull	eye	3	3
pull	face	3	0
pull	fairy	0	1
pull	family	1	2
pull	fear	3	4
pull	feast	4	4
pull	feather	4	0
pull	field	4	4
pull	fire	3	3
pull	flame	3	3
pull	floor	4	3
pull	flower	3	0
pull	food	4	2
pull	foot	2	0
pull	forehead	4	3
pull	forest	3	4
pull	form	3	4
pull	fox	0	1
pull	front	4	4
pull	garden	4	4
pull	gate	3	0
pull	giant	0	1
pull	gift	4	2
pull	glass	4	2
pull	gold	3	2
pull	grass	4	0
pull	grave	3	4
pull	ground	3	4
pull	gun	3	1
pull	hair	4	0
pull	hall	4	4
pull	hare	0	1
pull	head	3	1
pull	heap	4	3
pull	heart	2	3
pull	help	4	4
pull	hill	4	4
pull	hole	4	4
pull	home	2	4
pull	honey	3	3
pull	horn	4	1
pull	hour	4	4
pull	house	4	3
pull	hut	4	3
pull	instant	4	4
pull	iron	3	2
pull	island	4	3
pull	journey	4	4
pull	joy	4	4
pull	kind	4	4
pull	kingdom	4	4
pull	kitchen	4	4
pull	knife	3	0
pull	lake	3	4
pull	land	4	4
pull	leaf	4	0
pull	leg	2	0
pull	length	4	4
pull	letter	4	1
pull	life	4	4
pull	light	3	4
pull	lion	0	1
pull	look	4	4
pull	love	3	4
pull	magic	2	3
pull	marriage	4	4
pull	matter	4	4
pull	meat	4	2
pull	mermaid	0	1
pull	midst	4	4
pull	mind	3	4
pull	minute	4	4
pull	moment	4	4
pull	money	3	2
pull	monkey	0	1
pull	moon	2	3
pull	morning	4	4
pull	morrow	4	4
pull	mountain	4	3
pull	mouse	0	1
pull	mouth	3	3
pull	name	4	4
pull	neck	4	2
pull	needle	3	0
pull	nest	4	1
pull	night	4	4
pull	noise	4	4
pull	number	4	4
pull	opinion	4	4
pull	order	4	4
pull	pain	3	3
pull	pair	2	2
pull	palace	4	3
pull	part	3	2
pull	paw	2	0
pull	peace	4	4
pull	piece	4	1
pull	pig	0	1
pull	place	4	4
pull	pleasure	4	4
pull	plenty	4	4
pull	power	2	4
pull	rabbit	0	1
pull	rest	4	4
pull	right	4	4
pull	ring	3	0
pull	river	1	3
pull	road	3	4
pull	rock	4	1
pull	room	4	4
pull	rose	4	0
pull	sack	4	0
pull	sand	3	3
pull	sea	1	4
pull	search	4	4
pull	sense	4	4
pull	serpent	0	1
pull	sheep	0	1
pull	ship	2	1
pull	shoe	4	0
pull	shore	4	4
pull	shoulder	3	2
pull	side	4	3
pull	sight	4	4
pull	silver	4	2
pull	snow	4	3
pull	song	3	4
pull	sorrow	4	4
pull	spot	4	4
pull	star	2	2
pull	step	4	4
pull	stone	4	1
pull	story	4	4
pull	stream	1	4
pull	street	4	4
pull	strength	4	4
pull	subject	2	4
pull	sun	2	2
pull	sword	3	0
pull	table	4	1
pull	tale	4	4
pull	tear	4	4
pull	thing	2	1
pull	thistle	3	0
pull	thought	4	4
pull	throne	4	2
pull	time	4	4
pull	tongue	3	1
pull	tooth	4	0
pull	top	4	2
pull	town	4	4
pull	tree	2	1
pull	trouble	4	4
pull	truth	4	4
pull	use	4	4
pull	village	4	4
pull	voice	3	4
pull	wall	4	3
pull	want	4	4
pull	war	4	4
pull	water	2	3
pull	way	4	4
pull	week	4	4
pull	well	3	3
pull	while	4	4
pull	wind	1	3
pull	window	4	1
pull	wine	4	4
pull	witch	0	1
pull	wolf	0	1
pull	wood	4	1
pull	word	4	4
pull	work	4	4
pull	world	4	4
pull	year	4	4
put	air	4	2
put	angel	0	1
put	animal	0	0
put	apple	3	0
put	arm	3	0
put	arrow	3	0
put	baby	1	0
put	back	4	1
put	bag	3	0
put	bank	4	3
put	basket	3	0
put	battle	3	3
put	bear	0	1
put	beard	4	1
put	beast	0	1
put	beauty	1	1
put	bed	3	0
put	bee	1	1
put	being	0	1
put	bell	3	0
put	bird	0	0
put	blood	4	2
put	boat	3	0
put	body	3	0
put	book	3	0
put	boot	3	0
put	box	3	0
put	branch	3	0
put	bread	3	0
put	bride	0	0
put	bridegroom	0	0
put	bridge	4	2
put	business	3	2
put	captain	0	1
put	care	3	2
put	carriage	3	1
put	case	3	1
put	castle	4	3
put	cat	0	0
put	cave	4	4
put	chance	4	3
put	cheese	4	0
put	chin	4	1
put	church	4	3
put	city	4	4
put	clothes	3	0
put	cloud	3	3
put	coat	3	0
put	company	2	3
put	corner	4	3
put	cottage	4	3
put	country	3	4
put	course	4	3
put	court	2	3
put	creature	0	1
put	crow	0	0
put	cry	4	3
put	danger	4	3
put	day	4	3
put	death	2	2
put	deed	4	3
put	delight	4	3
put	dinner	4	1
put	dish	3	0
put	dog	0	0
put	door	4	1
put	dragon	0	1
put	dream	2	2
put	dress	3	0
put	duck	0	0
put	dust	4	1
put	eagle	0	1
put	ear	4	1
put	earth	4	1
put	egg	3	0
put	elephant	0	2
put	emperor	0	1
put	end	4	0
put	evening	4	4
put	eye	4	1
put	face	4	1
put	fairy	0	1
put	farmer	0	1
put	fear	3	1
put	feast	4	2
put	feather	3	0
put	field	4	4
put	fire	3	1
put	fish	1	0
put	flame	3	1
put	floor	4	3
put	flower	3	0
put	folk	0	1
put	food	4	0
put	foot	4	0
put	forehead	4	2
put	forest	4	4
put	form	3	3
put	fox	0	0
put	front	4	3
put	garden	4	3
put	gate	4	2
put	giant	0	1
put	gift	3	0
put	glass	3	0
put	gold	4	0
put	grass	4	1
put	grave	4	3
put	ground	4	3
put	gun	3	0
put	hair	4	1
put	hall	4	4
put	hand	3	0
put	hare	0	0
put	head	3	0
put	heap	4	1
put	heart	3	1
put	help	4	3
put	hero	0	1
put	hill	4	4
put	hole	4	3
put	home	4	4
put	honey	4	0
put	horn	3	0
put	horse	1	1
put	hour	4	4
put	house	4	3
put	hut	4	3
put	instant	4	4
put	iron	4	1
put	island	4	4
put	journey	4	3
put	joy	4	2
put	kind	4	3
put	kingdom	3	4
put	kitchen	4	4
put	knife	3	0
put	knight	0	1
put	lake	4	4
put	land	4	4
put	leaf	3	0
put	leg	4	1
put	length	4	4
put	letter	3	0
put	life	3	2
put	light	3	1
put	lion	0	1
put	look	4	3
put	love	3	2
put	magic	3	2
put	magician	0	1
put	marriage	4	3
put	master	0	1
put	matter	4	3
put	meat	4	0
put	merchant	0	1
put	mermaid	0	1
put	midst	4	4
put	mind	3	2
put	minute	4	4
put	moment	4	4
put	money	4	0
put	moon	3	3
put	morning	4	4
put	morrow	4	4
put	mountain	4	3
put	mouse	0	0
put	mouth	4	1
put	name	4	2
put	neck	4	1
put	needle	3	0
put	nest	4	1
put	night	4	3
put	noise	4	4
put	number	4	3
put	opinion	4	3
put	order	4	3
put	pain	4	3
put	pair	3	1
put	palace	4	3
put	part	4	2
put	paw	3	0
put	peace	4	3
put	peasant	0	1
put	piece	4	0
put	pig	1	1
put	place	4	3
put	pleasure	4	3
put	plenty	4	3
put	poet	0	1
put	power	3	2
put	rabbit	0	0
put	rest	4	4
put	right	4	3
put	ring	3	0
put	river	4	4
put	road	4	4
put	rock	4	1
put	room	4	4
put	rose	3	0
put	sack	3	0
put	sand	4	1
put	sea	4	4
put	search	4	4
put	sense	4	2
put	serpent	0	1
put	sheep	1	1
put	ship	3	1
put	shoe	3	0
put	shore	4	4
put	shoulder	4	1
put	side	4	3
put	sight	4	4
put	silver	4	0
put	slave	0	1
put	snow	4	1
put	song	4	3
put	sorrow	4	3
put	spot	4	3
put	spring	4	4
put	star	3	2
put	step	4	3
put	stone	3	0
put	story	4	3
put	stream	4	4
put	street	4	4
put	strength	4	2
put	sun	3	3
put	sword	3	0
put	table	3	1
put	tale	4	3
put	tear	4	2
put	thing	3	0
put	thistle	4	1
put	thought	3	2
put	throne	4	2
put	time	4	4
put	tongue	4	1
put	tooth	4	1
put	top	4	3
put	town	4	4
put	tree	3	2
put	trouble	4	3
put	truth	4	3
put	use	4	3
put	village	4	4
put	vizir	0	1
put	voice	4	3
put	wall	4	2
put	want	4	4
put	war	4	3
put	water	4	0
put	way	4	4
put	week	4	4
put	well	4	3
put	while	4	4
put	wind	2	3
put	window	4	2
put	wine	4	0
put	witch	0	0
put	wolf	0	0
put	wood	4	0
put	word	4	2
put	work	4	2
put	world	4	4
put	year	4	4
put	youth	0	1
reach	air	1	1
reach	angel	0	0
reach	apple	1	0
reach	back	3	0
reach	bag	2	0
reach	bank	3	0
reach	basket	2	0
reach	battle	1	1
reach	beard	0	1
reach	beauty	2	2
reach	bed	3	0
reach	bell	2	0
reach	body	1	1
reach	box	2	0
reach	bread	3	0
reach	business	3	3
reach	care	3	3
reach	case	3	2
reach	castle	1	0
reach	cave	2	0
reach	chance	3	3
reach	cheese	3	1
reach	chin	2	0
reach	church	2	0
reach	city	2	0
reach	clothes	2	1
reach	corner	3	0
reach	cottage	3	0
reach	country	3	0
reach	course	4	3
reach	cry	0	2
reach	danger	2	2
reach	day	2	1
reach	death	1	1
reach	deed	3	3
reach	delight	3	3
reach	dinner	3	2
reach	dish	3	0
reach	door	3	0
reach	dragon	0	0
reach	dream	2	2
reach	dust	1	1
reach	ear	3	0
reach	earth	2	0
reach	egg	3	0
reach	end	3	0
reach	evening	2	2
reach	eye	3	1
reach	face	3	1
reach	fairy	0	0
reach	fear	2	2
reach	feast	3	1
reach	feather	2	0
reach	field	2	0
reach	flame	0	1
reach	floor	3	0
reach	forehead	3	1
reach	form	3	3
reach	front	4	1
reach	gate	3	0
reach	gift	1	1
reach	glass	3	0
reach	gold	3	0
reach	grave	3	1
reach	ground	3	0
reach	gun	3	0
reach	hair	0	1
reach	hall	3	0
reach	heap	1	0
reach	heart	2	0
reach	help	1	2
reach	hill	3	0
reach	hole	3	0
reach	home	4	0
reach	honey	3	0
reach	horn	2	0
reach	hour	3	2
reach	house	3	0
reach	hut	3	0
reach	instant	4	3
reach	iron	3	1
reach	island	3	0
reach	journey	3	2
reach	joy	3	3
reach	kind	4	4
reach	kingdom	3	0
reach	kitchen	3	0
reach	knife	2	0
reach	lake	3	0
reach	land	3	0
reach	leaf	2	0
reach	length	3	1
reach	life	3	2
reach	light	0	1
reach	look	3	3
reach	love	2	2
reach	magic	2	2
reach	marriage	3	2
reach	matter	3	3
reach	meat	3	0
reach	mermaid	0	0
reach	midst	4	1
reach	mind	3	1
reach	minute	4	3
reach	moment	4	2
reach	money	2	0
reach	morning	3	1
reach	morrow	4	2
reach	mountain	0	0
reach	mouth	3	0
reach	name	3	3
reach	neck	3	1
reach	needle	3	0
reach	nest	3	0
reach	night	2	2
reach	noise	0	2
reach	number	3	2
reach	opinion	3	2
reach	order	2	3
reach	pain	2	3
reach	pair	2	1
reach	palace	3	0
reach	part	3	1
reach	peace	3	2
reach	piece	3	1
reach	place	3	0
reach	pleasure	3	3
reach	plenty	4	3
reach	power	3	2
reach	rest	4	3
reach	right	4	3
reach	ring	3	0
reach	room	3	0
reach	sack	3	0
reach	sand	2	0
reach	search	3	3
reach	sense	3	3
reach	shoe	3	0
reach	shore	3	0
reach	shoulder	3	0
reach	side	3	0
reach	sight	2	1
reach	silver	3	1
reach	song	0	2
reach	sorrow	3	3
reach	spot	3	0
reach	star	2	0
reach	step	3	0
reach	story	1	2
reach	strength	3	3
reach	subject	3	2
reach	sun	1	1
reach	sword	2	0
reach	table	3	0
reach	tale	1	2
reach	tear	1	2
reach	thing	2	1
reach	thought	2	3
reach	throne	3	0
reach	time	3	2
reach	tongue	3	1
reach	tooth	3	1
reach	top	4	0
reach	town	3	0
reach	trouble	2	3
reach	truth	2	3
reach	use	4	4
reach	village	3	0
reach	voice	0	2
reach	want	4	4
reach	war	1	2
reach	way	1	2
reach	week	4	3
reach	well	3	0
reach	while	4	4
reach	wind	0	1
reach	window	3	0
reach	wine	3	0
reach	witch	0	0
reach	wood	3	0
reach	word	0	2
reach	work	3	3
reach	world	3	0
reach	year	4	3
reach	youth	0	0
remain	air	0	4
remain	angel	0	4
remain	animal	0	4
remain	apple	0	4
remain	arm	0	4
remain	arrow	0	4
remain	baby	0	4
remain	back	1	4
remain	bag	0	4
remain	bank	0	4
remain	basket	0	4
remain	battle	1	4
remain	bear	0	4
remain	beard	0	4
remain	beast	0	4
remain	beauty	0	4
remain	bed	0	4
remain	bee	0	4
remain	being	0	4
remain	bell	0	4
remain	bird	0	4
remain	blood	0	4
remain	boat	0	4
remain	body	0	4
remain	book	0	4
remain	boot	0	4
remain	box	0	4
remain	boy	0	4
remain	branch	0	4
remain	bread	0	4
remain	bride	0	4
remain	bridegroom	0	4
remain	bridge	0	4
remain	brother	0	4
remain	business	1	4
remain	captain	0	4
remain	care	1	4
remain	carriage	0	4
remain	case	1	4
remain	castle	0	4
remain	cat	0	4
remain	cave	0	4
remain	chance	0	4
remain	cheese	0	4
remain	child	0	4
remain	chin	1	4
remain	church	0	4
remain	city	0	4
remain	clothes	0	4
remain	cloud	0	4
remain	coat	0	4
remain	company	0	4
remain	corner	1	4
remain	cottage	0	4
remain	country	0	4
remain	course	2	4
remain	court	0	4
remain	creature	0	4
remain	crow	0	4
remain	cry	1	4
remain	danger	0	4
remain	daughter	0	4
remain	day	0	4
remain	death	1	4
remain	deed	1	4
remain	delight	0	4
remain	dinner	0	4
remain	dish	0	4
remain	dog	0	4
remain	door	0	4
remain	dragon	0	4
remain	dream	0	4
remain	dress	0	4
remain	duck	0	4
remain	dust	0	4
remain	eagle	0	4
remain	ear	0	4
remain	earth	0	4
remain	egg	0	4
remain	elephant	0	4
remain	emperor	0	4
remain	end	1	4
remain	evening	1	4
remain	eye	0	4
remain	face	0	4
remain	fairy	0	4
remain	family	0	4
remain	farmer	0	4
remain	father	0	4
remain	fear	0	4
remain	feast	0	4
remain	feather	0	4
remain	fellow	0	4
remain	field	0	4
remain	fire	0	4
remain	fish	0	4
remain	flame	0	4
remain	floor	0	4
remain	flower	0	4
remain	folk	0	4
remain	food	0	4
remain	foot	0	4
remain	forehead	1	4
remain	forest	0	4
remain	form	1	4
remain	fox	0	4
remain	friend	0	4
remain	front	2	4
remain	garden	0	4
remain	gate	0	4
remain	gentleman	0	4
remain	giant	0	4
remain	gift	0	4
remain	girl	0	4
remain	glass	0	4
remain	gold	0	4
remain	grandfather	0	4
remain	grass	0	4
remain	grave	0	4
remain	ground	0	4
remain	guest	0	4
remain	gun	0	4
remain	hair	0	4
remain	hall	0	4
remain	hand	0	4
remain	hare	0	4
remain	head	0	4
remain	heap	0	4
remain	heart	0	4
remain	help	1	4
remain	hero	0	4
remain	hill	0	4
remain	hole	0	4
remain	home	0	4
remain	honey	0	4
remain	horn	0	4
remain	horse	0	4
remain	hour	0	4
remain	house	0	4
remain	husband	0	4
remain	hut	0	4
remain	instant	2	4
remain	iron	0	4
remain	island	0	4
remain	journey	1	4
remain	joy	0	4
remain	kind	2	4
remain	king	0	4
remain	kingdom	0	4
remain	kitchen	0	4
remain	knife	0	4
remain	knight	0	4
remain	lad	0	4
remain	lady	0	4
remain	lake	0	4
remain	land	0	4
remain	leaf	0	4
remain	leg	0	4
remain	length	2	4
remain	letter	0	4
remain	life	0	4
remain	light	0	4
remain	lion	0	4
remain	look	1	4
remain	love	0	4
remain	magic	0	4
remain	magician	0	4
remain	maid	0	4
remain	maiden	0	4
remain	man	0	4
remain	marriage	0	4
remain	master	0	4
remain	matter	0	4
remain	meat	0	4
remain	merchant	0	4
remain	mermaid	0	4
remain	midst	3	4
remain	mind	0	4
remain	minute	1	4
remain	moment	1	4
remain	money	0	4
remain	monkey	0	4
remain	moon	0	4
remain	morning	1	4
remain	morrow	2	4
remain	mother	0	4
remain	mountain	0	4
remain	mouse	0	4
remain	mouth	0	4
remain	name	0	4
remain	neck	0	4
remain	needle	0	4
remain	nest	0	4
remain	night	0	4
remain	noise	1	4
remain	number	1	4
remain	one	0	4
remain	opinion	0	4
remain	order	0	4
remain	other	0	4
remain	pain	0	4
remain	pair	0	4
remain	palace	0	4
remain	part	0	4
remain	paw	0	4
remain	peace	0	4
remain	peasant	0	4
remain	people	0	4
remain	piece	0	4
remain	pig	0	4
remain	place	0	4
remain	pleasure	0	4
remain	plenty	0	4
remain	poet	0	4
remain	power	0	4
remain	prince	0	4
remain	princess	0	4
remain	queen	0	4
remain	rabbit	0	4
remain	rest	0	4
remain	right	1	4
remain	ring	0	4
remain	river	0	4
remain	road	0	4
remain	rock	0	4
remain	room	0	4
remain	rose	0	4
remain	sack	0	4
remain	sand	0	4
remain	sea	0	4
remain	search	1	4
remain	sense	0	4
remain	serpent	0	4
remain	servant	0	4
remain	sheep	0	4
remain	ship	0	4
remain	shoe	0	4
remain	shore	0	4
remain	shoulder	0	4
remain	side	1	4
remain	sight	1	4
remain	silver	0	4
remain	sister	0	4
remain	slave	0	4
remain	snow	0	4
remain	soldier	0	4
remain	son	0	4
remain	song	1	4
remain	sorrow	0	4
remain	spot	0	4
remain	spring	1	4
remain	star	0	4
remain	step	1	4
remain	stone	0	4
remain	story	0	4
remain	stranger	0	4
remain	stream	0	4
remain	street	0	4
remain	strength	0	4
remain	subject	0	4
remain	sun	0	4
remain	sword	0	4
remain	table	0	4
remain	tale	0	4
remain	tear	0	4
remain	thing	0	4
remain	thistle	0	4
remain	thought	0	4
remain	throne	0	4
remain	time	0	4
remain	tongue	0	4
remain	tooth	0	4
remain	top	1	4
remain	town	0	4
remain	tree	0	4
remain	trouble	0	4
remain	truth	0	4
remain	use	1	4
remain	village	0	4
remain	vizir	0	4
remain	voice	0	4
remain	wall	0	4
remain	want	1	4
remain	war	0	4
remain	water	0	4
remain	way	0	4
remain	week	0	4
remain	well	0	4
remain	while	2	4
remain	wife	0	4
remain	wind	0	4
remain	window	0	4
remain	wine	0	4
remain	witch	0	4
remain	wolf	0	4
remain	woman	0	4
remain	wood	0	4
remain	word	0	4
remain	work	0	4
remain	world	0	4
remain	year	0	4
remain	youth	0	4
remember	air	3	1
remember	apple	3	0
remember	arm	2	0
remember	arrow	3	0
remember	back	3	1
remember	bag	3	0
remember	bank	3	0
remember	basket	3	0
remember	battle	3	0
remember	beard	3	0
remember	beauty	3	0
remember	bed	2	0
remember	bee	0	0
remember	being	0	0
remember	bell	2	0
remember	blood	2	0
remember	boat	2	0
remember	book	2	0
remember	boot	3	0
remember	box	3	0
remember	branch	2	0
remember	bread	3	0
remember	bridge	2	0
remember	business	3	1
remember	care	4	1
remember	carriage	3	0
remember	case	4	1
remember	castle	2	0
remember	cave	2	0
remember	chance	4	1
remember	cheese	3	0
remember	chin	3	0
remember	clothes	3	0
remember	cloud	2	0
remember	coat	3	0
remember	corner	3	0
remember	cottage	2	0
remember	course	4	1
remember	cry	3	0
remember	danger	4	0
remember	day	3	0
remember	death	2	0
remember	deed	3	0
remember	delight	4	0
remember	dinner	3	0
remember	dish	3	0
remember	door	2	0
remember	dream	3	0
remember	dress	3	0
remember	dust	2	1
remember	ear	2	0
remember	earth	1	0
remember	egg	3	0
remember	end	4	0
remember	evening	3	0
remember	eye	2	0
remember	face	2	0
remember	fear	3	0
remember	feast	3	0
remember	feather	3	0
remember	field	2	0
remember	fire	2	0
remember	fish	0	0
remember	flame	2	0
remember	floor	3	0
remember	flower	1	0
remember	food	3	0
remember	foot	2	0
remember	forehead	3	0
remember	forest	1	0
remember	form	3	1
remember	front	4	2
remember	garden	2	0
remember	gate	2	0
remember	gift	3	0
remember	glass	2	0
remember	gold	3	0
remember	grass	2	0
remember	grave	2	0
remember	ground	2	0
remember	gun	3	0
remember	hair	3	0
remember	hall	2	0
remember	hand	2	0
remember	head	1	0
remember	heap	3	0
remember	help	4	0
remember	hill	1	0
remember	hole	3	0
remember	home	2	0
remember	honey	3	0
remember	horn	2	0
remember	hour	3	0
remember	house	2	0
remember	hut	2	0
remember	instant	4	1
remember	iron	3	0
remember	island	2	0
remember	journey	3	0
remember	joy	3	0
remember	kind	4	2
remember	kingdom	2	0
remember	kitchen	2	0
remember	knife	3	0
remember	lake	1	0
remember	land	1	0
remember	leaf	2	0
remember	leg	2	0
remember	length	4	2
remember	letter	3	0
remember	life	3	1
remember	light	3	0
remember	look	3	0
remember	love	3	0
remember	magic	2	0
remember	marriage	3	0
remember	matter	4	1
remember	meat	3	0
remember	midst	4	3
remember	minute	4	1
remember	moment	4	0
remember	money	3	0
remember	moon	1	0
remember	morning	3	0
remember	morrow	4	2
remember	mountain	1	0
remember	mouth	2	0
remember	name	3	0
remember	neck	3	0
remember	needle	3	0
remember	nest	2	0
remember	night	2	0
remember	noise	3	0
remember	number	3	0
remember	opinion	4	1
remember	order	4	1
remember	pain	3	0
remember	pair	3	1
remember	palace	2	0
remember	part	4	1
remember	paw	2	0
remember	peace	3	0
remember	piece	3	1
remember	place	2	0
remember	pleasure	4	0
remember	plenty	4	2
remember	power	3	1
remember	rest	4	1
remember	right	4	1
remember	ring	2	0
remember	river	1	0
remember	road	2	0
remember	rock	1	0
remember	room	2	0
remember	rose	1	0
remember	sack	3	0
remember	sand	2	0
remember	sea	1	0
remember	search	4	0
remember	sense	4	2
remember	serpent	0	0
remember	ship	2	0
remember	shoe	3	0
remember	shore	2	0
remember	shoulder	2	0
remember	side	4	1
remember	sight	3	0
remember	silver	3	0
remember	snow	2	0
remember	song	2	0
remember	sorrow	3	0
remember	spot	3	0
remember	spring	2	0
remember	star	1	0
remember	step	3	0
remember	stone	2	0
remember	story	3	0
remember	stream	1	0
remember	street	2	0
remember	strength	4	1
remember	sun	1	0
remember	sword	2	0
remember	table	3	0
remember	tale	3	0
remember	tear	3	0
remember	thing	3	0
remember	thistle	2	0
remember	thought	3	0
remember	throne	2	0
remember	time	3	0
remember	tongue	2	0
remember	tooth	3	0
remember	top	4	1
remember	tree	1	0
remember	trouble	4	0
remember	truth	3	0
remember	use	4	2
remember	voice	3	0
remember	wall	2	0
remember	want	4	2
remember	war	3	0
remember	water	2	0
remember	way	4	0
remember	week	4	0
remember	well	2	0
remember	while	4	3
remember	wind	1	0
remember	window	2	0
remember	wine	3	0
remember	wood	1	0
remember	word	3	0
remember	work	4	0
remember	world	2	0
remember	year	4	0
reply	air	3	4
reply	angel	0	4
reply	animal	0	4
reply	apple	2	4
reply	arm	3	4
reply	arrow	3	4
reply	baby	2	4
reply	back	4	4
reply	bag	2	4
reply	bank	3	4
reply	basket	2	4
reply	battle	4	4
reply	bear	0	4
reply	beard	3	4
reply	beast	0	4
reply	beauty	0	4
reply	bed	2	4
reply	bee	0	4
reply	being	0	4
reply	bell	2	4
reply	bird	0	4
reply	blood	2	4
reply	boat	2	4
reply	body	3	4
reply	book	2	4
reply	boot	2	4
reply	box	2	4
reply	boy	0	4
reply	branch	2	4
reply	bread	2	4
reply	bride	0	4
reply	bridegroom	0	4
reply	bridge	2	4
reply	brother	0	4
reply	business	4	4
reply	captain	0	4
reply	care	4	4
reply	carriage	3	4
reply	case	4	4
reply	castle	3	4
reply	cat	0	4
reply	cave	2	4
reply	chance	4	4
reply	cheese	3	4
reply	child	0	4
reply	chin	3	4
reply	church	3	4
reply	city	2	4
reply	clothes	3	4
reply	cloud	2	4
reply	coat	3	4
reply	company	1	4
reply	corner	4	4
reply	cottage	3	4
reply	country	3	4
reply	course	4	4
reply	court	1	4
reply	creature	0	4
reply	crow	0	4
reply	cry	2	4
reply	danger	4	4
reply	daughter	0	4
reply	day	3	4
reply	death	1	4
reply	deed	4	4
reply	delight	4	4
reply	dinner	3	4
reply	dish	2	4
reply	dog	0	4
reply	door	2	4
reply	dragon	0	4
reply	dream	2	4
reply	dress	2	4
reply	duck	0	4
reply	dust	3	4
reply	eagle	0	4
reply	ear	3	4
reply	earth	2	4
reply	egg	2	4
reply	elephant	0	4
reply	emperor	0	4
reply	end	4	4
reply	evening	3	4
reply	eye	3	4
reply	face	2	4
reply	fairy	0	4
reply	family	1	4
reply	farmer	0	4
reply	father	0	4
reply	fear	3	4
reply	feast	4	4
reply	feather	3	4
reply	fellow	0	4
reply	field	3	4
reply	fire	2	4
reply	fish	0	4
reply	flame	2	4
reply	floor	3	4
reply	flower	1	4
reply	folk	0	4
reply	food	3	4
reply	foot	3	4
reply	forehead	4	4
reply	forest	2	4
reply	form	2	4
reply	fox	0	4
reply	friend	0	4
reply	front	4	4
reply	garden	3	4
reply	gate	2	4
reply	gentleman	0	4
reply	giant	0	4
reply	gift	3	4
reply	girl	0	4
reply	glass	2	4
reply	gold	3	4
reply	grandfather	0	4
reply	grass	2	4
reply	grave	2	4
reply	ground	3	4
reply	guest	0	4
reply	gun	3	4
reply	hair	3	4
reply	hall	3	4
reply	hand	3	4
reply	hare	0	4
reply	head	1	4
reply	heap	4	4
reply	heart	1	4
reply	help	4	4
reply	hero	0	4
reply	hill	2	4
reply	hole	3	4
reply	home	3	4
reply	honey	3	4
reply	horn	2	4
reply	horse	0	4
reply	hour	4	4
reply	house	3	4
reply	husband	0	4
reply	hut	3	4
reply	instant	4	4
reply	iron	3	4
reply	island	3	4
reply	journey	4	4
reply	joy	4	4
reply	kind	3	4
reply	king	0	4
reply	kingdom	2	4
reply	kitchen	3	4
reply	knife	3	4
reply	knight	0	4
reply	lad	0	4
reply	lady	0	4
reply	lake	2	4
reply	land	3	4
reply	leaf	2	4
reply	leg	3	4
reply	length	4	4
reply	letter	2	4
reply	life	3	4
reply	light	3	4
reply	lion	0	4
reply	look	3	4
reply	love	3	4
reply	magic	3	4
reply	magician	0	4
reply	maid	0	4
reply	maiden	0	4
reply	man	0	4
reply	marriage	4	4
reply	master	0	4
reply	matter	4	4
reply	meat	3	4
reply	merchant	0	4
reply	mermaid	0	4
reply	midst	4	4
reply	mind	2	4
reply	minute	4	4
reply	moment	4	4
reply	money	3	4
reply	monkey	0	4
reply	moon	1	4
reply	morning	3	4
reply	morrow	4	4
reply	mother	0	4
reply	mountain	2	4
reply	mouse	0	4
reply	mouth	1	4
reply	name	4	4
reply	neck	4	4
reply	needle	2	4
reply	nest	3	4
reply	night	2	4
reply	noise	3	4
reply	number	4	4
reply	one	0	4
reply	opinion	4	4
reply	order	4	4
reply	other	0	4
reply	pain	4	4
reply	pair	1	4
reply	palace	3	4
reply	part	4	4
reply	paw	3	4
reply	peace	4	4
reply	peasant	0	4
reply	people	0	4
reply	piece	4	4
reply	pig	0	4
reply	place	4	4
reply	pleasure	4	4
reply	plenty	4	4
reply	poet	0	4
reply	power	3	4
reply	prince	0	4
reply	princess	0	4
reply	queen	0	4
reply	rabbit	0	4
reply	rest	2	4
reply	right	4	4
reply	ring	2	4
reply	river	1	4
reply	road	3	4
reply	rock	2	4
reply	room	3	4
reply	rose	1	4
reply	sack	2	4
reply	sand	3	4
reply	sea	1	4
reply	search	4	4
reply	sense	4	4
reply	serpent	0	4
reply	servant	0	4
reply	sheep	0	4
reply	ship	2	4
reply	shoe	2	4
reply	shore	3	4
reply	shoulder	4	4
reply	side	4	4
reply	sight	4	4
reply	silver	3	4
reply	sister	0	4
reply	slave	0	4
reply	snow	2	4
reply	soldier	0	4
reply	son	0	4
reply	song	2	4
reply	sorrow	3	4
reply	spot	4	4
reply	spring	2	4
reply	star	1	4
reply	step	4	4
reply	stone	2	4
reply	story	3	4
reply	stranger	0	4
reply	stream	1	4
reply	street	3	4
reply	strength	4	4
reply	subject	1	4
reply	sun	1	4
reply	sword	2	4
reply	table	2	4
reply	tale	3	4
reply	tear	3	4
reply	thing	2	4
reply	thistle	2	4
reply	thought	3	4
reply	throne	3	4
reply	time	3	4
reply	tongue	2	4
reply	tooth	3	4
reply	top	4	4
reply	town	2	4
reply	tree	1	4
reply	trouble	4	4
reply	truth	3	4
reply	use	4	4
reply	village	2	4
reply	vizir	0	4
reply	voice	0	4
reply	wall	2	4
reply	want	4	4
reply	war	4	4
reply	water	2	4
reply	way	4	4
reply	week	4	4
reply	well	1	4
reply	while	4	4
reply	wife	0	4
reply	wind	1	4
reply	window	3	4
reply	wine	3	4
reply	witch	0	4
reply	wolf	0	4
reply	woman	0	4
reply	wood	2	4
reply	word	3	2
reply	work	4	4
reply	world	3	4
reply	year	3	4
reply	youth	0	4
return	air	2	3
return	angel	0	1
return	apple	2	0
return	arm	2	2
return	arrow	1	0
return	back	3	3
return	bag	2	0
return	bank	3	3
return	basket	2	0
return	battle	2	3
return	bear	0	1
return	beard	2	2
return	beast	0	1
return	beauty	1	2
return	bed	3	1
return	bee	0	2
return	being	0	2
return	bell	2	0
return	blood	2	2
return	body	2	1
return	book	2	0
return	boot	2	0
return	box	2	0
return	boy	0	1
return	branch	3	1
return	bread	3	1
return	bride	0	1
return	bridegroom	0	1
return	bridge	3	3
return	brother	0	1
return	business	2	3
return	captain	0	1
return	care	2	2
return	case	3	3
return	castle	3	1
return	cave	3	3
return	chance	2	3
return	cheese	3	1
return	chin	3	4
return	church	3	3
return	city	3	2
return	clothes	3	0
return	cloud	1	3
return	coat	3	0
return	company	1	3
return	corner	3	4
return	cottage	3	2
return	country	3	2
return	course	3	3
return	court	1	3
return	creature	0	1
return	crow	0	1
return	cry	1	1
return	danger	1	3
return	daughter	0	1
return	day	1	3
return	death	2	3
return	deed	3	2
return	delight	1	2
return	dinner	3	2
return	dish	2	0
return	door	3	2
return	dragon	0	1
return	dream	1	3
return	dress	3	0
return	duck	0	1
return	dust	2	2
return	eagle	0	1
return	ear	3	3
return	earth	3	1
return	egg	3	0
return	elephant	0	1
return	emperor	0	1
return	end	3	4
return	evening	1	4
return	eye	3	2
return	face	3	3
return	fairy	0	1
return	family	0	1
return	farmer	0	1
return	father	0	1
return	fear	1	3
return	feast	2	3
return	feather	2	0
return	fellow	0	1
return	field	3	2
return	fire	1	2
return	flame	1	3
return	floor	4	3
return	flower	2	1
return	folk	0	1
return	food	3	1
return	foot	3	3
return	forehead	4	4
return	forest	3	3
return	form	1	2
return	fox	0	1
return	friend	0	1
return	front	4	4
return	garden	3	2
return	gate	3	2
return	gentleman	0	1
return	giant	0	1
return	gift	2	0
return	girl	0	1
return	glass	2	0
return	gold	2	0
return	grandfather	0	1
return	grass	2	3
return	grave	4	3
return	ground	4	3
return	guest	0	1
return	gun	3	1
return	hair	2	2
return	hall	4	3
return	hand	2	2
return	hare	0	1
return	head	2	2
return	heap	3	2
return	heart	2	1
return	help	1	2
return	hero	0	1
return	hill	4	4
return	hole	3	3
return	home	3	3
return	honey	3	1
return	horn	2	0
return	hour	1	4
return	house	3	2
return	husband	0	1
return	hut	3	2
return	instant	3	4
return	iron	3	1
return	island	3	2
return	journey	2	3
return	joy	1	2
return	kind	4	3
return	king	0	1
return	kingdom	3	1
return	kitchen	4	3
return	knife	2	0
return	knight	0	1
return	lad	0	1
return	lady	0	1
return	lake	3	3
return	land	3	1
return	leaf	3	2
return	leg	3	3
return	length	4	4
return	letter	2	0
return	life	1	1
return	light	1	2
return	lion	0	1
return	look	2	0
return	magic	1	2
return	magician	0	1
return	maid	0	1
return	maiden	0	1
return	man	0	1
return	marriage	3	3
return	master	0	1
return	matter	3	3
return	meat	3	1
return	merchant	0	1
return	mermaid	0	1
return	midst	4	4
return	mind	2	3
return	minute	3	4
return	moment	2	4
return	money	2	0
return	monkey	0	1
return	moon	1	2
return	morning	1	4
return	morrow	2	4
return	mother	0	1
return	mountain	4	4
return	mouse	0	1
return	mouth	4	4
return	name	2	2
return	neck	4	4
return	needle	2	0
return	nest	3	2
return	night	1	4
return	noise	1	3
return	number	3	3
return	opinion	3	3
return	order	2	3
return	other	1	2
return	pain	1	2
return	palace	3	2
return	part	2	2
return	paw	3	3
return	peace	1	2
return	peasant	0	1
return	people	0	1
return	piece	2	1
return	place	3	3
return	pleasure	1	3
return	plenty	2	3
return	poet	0	1
return	power	1	1
return	prince	0	1
return	princess	0	1
return	queen	0	1
return	rabbit	0	1
return	rest	2	3
return	right	2	2
return	ring	1	0
return	river	2	3
return	road	3	3
return	rock	3	2
return	room	4	3
return	rose	2	1
return	sack	2	0
return	sand	3	2
return	sea	2	3
return	search	3	4
return	sense	1	3
return	serpent	0	1
return	shoe	2	0
return	shore	4	4
return	shoulder	4	4
return	side	4	4
return	sight	1	2
return	silver	2	0
return	sister	0	1
return	snow	1	3
return	son	0	1
return	song	1	1
return	sorrow	1	2
return	spot	4	4
return	spring	0	4
return	star	1	2
return	step	3	2
return	stone	2	1
return	story	2	3
return	stranger	0	1
return	stream	2	3
return	street	4	4
return	strength	1	2
return	subject	1	2
return	sun	0	2
return	sword	1	0
return	table	3	1
return	tale	2	3
return	tear	3	3
return	thing	2	1
return	thistle	3	2
return	thought	1	3
return	throne	3	1
return	time	1	3
return	tongue	3	3
return	tooth	3	2
return	top	4	4
return	town	3	3
return	tree	3	2
return	trouble	1	3
return	truth	2	3
return	use	4	3
return	village	3	3
return	vizir	0	1
return	voice	1	3
return	wall	4	3
return	want	2	3
return	war	1	3
return	way	3	3
return	week	2	4
return	well	4	4
return	while	4	4
return	wife	0	1
return	wind	0	3
return	window	4	4
return	wine	3	1
return	witch	0	1
return	wolf	0	1
return	woman	0	1
return	wood	3	2
return	word	2	1
return	work	2	1
return	world	3	2
return	year	1	4
return	youth	0	1
ride	air	4	1
ride	angel	0	2
ride	animal	0	0
ride	apple	3	3
ride	arm	4	3
ride	arrow	3	2
ride	baby	1	3
ride	back	4	1
ride	bag	3	3
ride	bank	4	3
ride	basket	3	2
ride	battle	4	3
ride	bear	0	0
ride	beard	4	3
ride	beast	0	0
ride	beauty	1	3
ride	bed	3	2
ride	bee	1	2
ride	being	0	1
ride	bell	3	3
ride	bird	0	0
ride	blood	4	4
ride	boat	3	1
ride	body	3	3
ride	book	3	3
ride	boot	3	3
ride	box	3	3
ride	boy	0	2
ride	branch	3	2
ride	bread	4	4
ride	bride	0	3
ride	bridegroom	0	3
ride	bridge	4	3
ride	brother	0	2
ride	business	4	4
ride	captain	0	3
ride	care	4	4
ride	carriage	3	1
ride	case	4	4
ride	castle	4	3
ride	cat	0	1
ride	cave	4	4
ride	chance	4	4
ride	cheese	4	4
ride	child	0	2
ride	chin	4	4
ride	church	4	4
ride	city	4	4
ride	clothes	4	4
ride	cloud	2	1
ride	coat	4	3
ride	company	1	4
ride	corner	4	4
ride	cottage	4	3
ride	country	4	3
ride	course	4	2
ride	court	1	4
ride	creature	0	0
ride	crow	0	1
ride	cry	4	4
ride	danger	4	4
ride	daughter	0	3
ride	day	4	4
ride	death	1	3
ride	deed	4	4
ride	delight	4	4
ride	dinner	4	4
ride	dish	3	3
ride	dog	0	0
ride	door	4	3
ride	dragon	0	0
ride	dream	3	3
ride	dress	4	4
ride	duck	0	0
ride	dust	4	3
ride	eagle	0	0
ride	ear	4	4
ride	earth	4	3
ride	egg	3	3
ride	elephant	0	0
ride	emperor	0	3
ride	end	4	4
ride	evening	4	4
ride	eye	4	4
ride	face	4	4
ride	fairy	0	1
ride	family	0	3
ride	farmer	0	3
ride	father	0	2
ride	fear	3	4
ride	feast	4	4
ride	feather	3	2
ride	fellow	0	3
ride	field	4	4
ride	fire	3	3
ride	fish	1	1
ride	flame	3	3
ride	floor	4	4
ride	flower	3	3
ride	folk	0	3
ride	food	4	4
ride	foot	4	4
ride	forehead	4	4
ride	forest	4	4
ride	form	4	4
ride	fox	0	1
ride	friend	0	2
ride	front	4	4
ride	garden	4	4
ride	gate	4	3
ride	gentleman	0	3
ride	giant	0	1
ride	gift	4	4
ride	girl	0	3
ride	glass	4	4
ride	gold	4	4
ride	grandfather	0	2
ride	grass	4	4
ride	grave	4	4
ride	ground	4	4
ride	guest	0	3
ride	gun	4	4
ride	hair	4	4
ride	hall	4	4
ride	hand	4	4
ride	hare	0	1
ride	head	4	4
ride	heap	4	4
ride	heart	4	4
ride	help	4	4
ride	hero	0	3
ride	hill	4	4
ride	hole	4	4
ride	home	4	4
ride	honey	4	4
ride	horn	4	4
ride	hour	4	4
ride	house	4	4
ride	husband	0	2
ride	hut	4	3
ride	instant	4	4
ride	iron	4	4
ride	island	4	3
ride	journey	4	4
ride	joy	4	4
ride	kind	4	4
ride	king	0	3
ride	kingdom	4	4
ride	kitchen	4	4
ride	knife	4	4
ride	knight	0	3
ride	lad	0	3
ride	lady	0	3
ride	lake	4	4
ride	land	4	4
ride	leaf	3	2
ride	leg	4	4
ride	length	4	4
ride	letter	4	4
ride	life	4	4
ride	light	4	3
ride	lion	0	0
ride	look	4	4
ride	love	4	4
ride	magic	4	4
ride	magician	0	3
ride	maid	0	3
ride	maiden	0	3
ride	man	0	2
ride	marriage	4	4
ride	master	0	2
ride	matter	4	4
ride	meat	4	4
ride	merchant	0	3
ride	mermaid	1	2
ride	midst	4	4
ride	mind	4	4
ride	minute	4	4
ride	moment	4	4
ride	money	4	4
ride	monkey	0	1
ride	moon	2	2
ride	morning	4	4
ride	morrow	4	4
ride	mother	0	2
ride	mountain	4	4
ride	mouse	0	1
ride	mouth	4	4
ride	name	4	4
ride	neck	4	4
ride	needle	3	3
ride	nest	4	4
ride	night	3	4
ride	noise	4	4
ride	number	4	4
ride	one	0	1
ride	opinion	4	4
ride	order	4	4
ride	other	0	1
ride	pain	4	4
ride	pair	1	2
ride	palace	4	4
ride	part	4	4
ride	paw	4	4
ride	peace	4	4
ride	peasant	0	3
ride	people	0	3
ride	piece	4	4
ride	pig	0	0
ride	place	4	4
ride	pleasure	4	4
ride	plenty	4	4
ride	poet	0	3
ride	power	4	4
ride	prince	0	3
ride	princess	0	3
ride	queen	0	3
ride	rabbit	0	1
ride	rest	4	4
ride	right	4	4
ride	ring	4	4
ride	river	4	3
ride	road	4	2
ride	rock	4	3
ride	room	4	4
ride	rose	3	3
ride	sack	4	3
ride	sand	4	4
ride	sea	4	2
ride	search	4	4
ride	sense	4	4
ride	serpent	0	1
ride	servant	0	3
ride	sheep	0	1
ride	ship	4	2
ride	shoe	4	3
ride	shore	4	4
ride	shoulder	4	3
ride	side	4	4
ride	sight	4	4
ride	silver	4	4
ride	sister	0	2
ride	slave	0	3
ride	snow	4	4
ride	soldier	0	3
ride	son	0	2
ride	song	4	4
ride	sorrow	4	4
ride	spot	4	4
ride	spring	4	4
ride	star	3	2
ride	step	4	4
ride	stone	4	3
ride	story	4	4
ride	stranger	0	3
ride	stream	4	3
ride	street	4	4
ride	strength	4	4
ride	subject	1	3
ride	sun	2	3
ride	sword	4	4
ride	table	4	3
ride	tale	4	4
ride	tear	4	4
ride	thing	2	2
ride	thistle	4	3
ride	thought	4	4
ride	throne	4	3
ride	time	4	4
ride	tongue	4	4
ride	tooth	4	4
ride	top	4	4
ride	town	4	4
ride	tree	4	3
ride	trouble	4	4
ride	truth	4	4
ride	use	4	4
ride	village	4	4
ride	vizir	0	3
ride	voice	4	4
ride	wall	4	3
ride	want	4	4
ride	war	3	4
ride	water	4	3
ride	way	4	4
ride	week	4	4
ride	well	4	4
ride	while	4	4
ride	wife	0	2
ride	wind	2	1
ride	window	4	4
ride	wine	4	4
ride	witch	0	2
ride	wolf	0	0
ride	woman	0	3
ride	wood	4	4
ride	word	4	4
ride	work	4	4
ride	world	4	4
ride	year	4	4
ride	youth	0	3
rise	air	1	4
rise	angel	0	4
rise	animal	0	4
rise	apple	2	4
rise	arm	0	4
rise	arrow	0	4
rise	baby	1	4
rise	back	2	4
rise	bag	2	4
rise	bank	1	4
rise	basket	2	4
rise	battle	2	4
rise	bear	0	4
rise	beard	2	4
rise	beast	0	4
rise	beauty	1	4
rise	bed	2	4
rise	bee	0	4
rise	being	0	4
rise	bell	2	4
rise	bird	0	4
rise	blood	0	4
rise	boat	0	4
rise	body	1	4
rise	book	2	4
rise	boot	3	4
rise	box	2	4
rise	boy	0	4
rise	branch	1	4
rise	bread	0	4
rise	bride	0	4
rise	bridegroom	0	4
rise	bridge	1	4
rise	brother	0	4
rise	business	3	4
rise	captain	0	4
rise	care	3	4
rise	carriage	1	4
rise	case	3	4
rise	castle	0	4
rise	cat	0	4
rise	cave	3	4
rise	chance	3	4
rise	cheese	3	4
rise	child	0	4
rise	chin	1	4
rise	church	1	4
rise	city	0	4
rise	clothes	3	4
rise	cloud	0	4
rise	coat	3	4
rise	company	0	4
rise	corner	3	4
rise	cottage	2	4
rise	country	2	4
rise	course	4	4
rise	court	0	4
rise	creature	0	4
rise	crow	0	4
rise	cry	0	4
rise	danger	2	4
rise	daughter	0	4
rise	day	1	4
rise	death	2	4
rise	deed	3	4
rise	delight	2	4
rise	dinner	3	4
rise	dish	2	4
rise	dog	0	4
rise	door	3	4
rise	dragon	0	4
rise	dream	2	4
rise	dress	2	4
rise	duck	0	4
rise	dust	0	4
rise	eagle	0	4
rise	ear	2	4
rise	earth	1	4
rise	egg	2	4
rise	elephant	1	4
rise	emperor	0	4
rise	end	3	4
rise	evening	2	4
rise	eye	1	4
rise	face	2	4
rise	fairy	0	4
rise	family	0	4
rise	farmer	0	4
rise	father	0	4
rise	fear	0	4
rise	feast	3	4
rise	feather	0	4
rise	fellow	0	4
rise	field	2	4
rise	fire	0	4
rise	fish	0	4
rise	flame	0	4
rise	floor	2	4
rise	flower	1	4
rise	folk	0	4
rise	food	3	4
rise	foot	1	4
rise	forehead	3	4
rise	forest	1	4
rise	form	0	4
rise	fox	0	4
rise	friend	0	4
rise	front	3	4
rise	garden	2	4
rise	gate	2	4
rise	gentleman	0	4
rise	giant	0	4
rise	gift	3	4
rise	girl	0	4
rise	glass	2	4
rise	gold	2	4
rise	grandfather	0	4
rise	grass	1	4
rise	grave	2	4
rise	ground	1	4
rise	guest	0	4
rise	gun	2	4
rise	hair	1	4
rise	hall	2	4
rise	hand	1	4
rise	hare	0	4
rise	head	1	4
rise	heap	2	4
rise	heart	1	4
rise	help	3	4
rise	hero	0	4
rise	hill	0	4
rise	hole	3	4
rise	home	3	4
rise	honey	2	4
rise	horn	2	4
rise	horse	0	4
rise	hour	3	4
rise	house	1	4
rise	husband	0	4
rise	hut	2	4
rise	instant	4	4
rise	iron	3	4
rise	island	0	4
rise	journey	4	4
rise	joy	1	4
rise	kind	4	4
rise	king	0	4
rise	kingdom	2	4
rise	kitchen	3	4
rise	knife	2	4
rise	knight	0	4
rise	lad	0	4
rise	lady	0	4
rise	lake	2	4
rise	land	1	4
rise	leaf	1	4
rise	leg	2	4
rise	length	4	4
rise	letter	2	4
rise	life	3	4
rise	light	1	4
rise	lion	0	4
rise	look	3	4
rise	love	2	4
rise	magic	1	4
rise	magician	0	4
rise	maid	0	4
rise	maiden	0	4
rise	man	0	4
rise	marriage	4	4
rise	master	0	4
rise	matter	4	4
rise	meat	3	4
rise	merchant	0	4
rise	mermaid	0	4
rise	midst	4	4
rise	mind	3	4
rise	minute	4	4
rise	moment	4	4
rise	money	2	4
rise	monkey	0	4
rise	moon	0	4
rise	morning	1	4
rise	morrow	2	4
rise	mother	0	4
rise	mountain	0	4
rise	mouse	0	4
rise	mouth	3	4
rise	name	3	4
rise	neck	2	4
rise	needle	2	4
rise	nest	3	4
rise	night	2	4
rise	noise	0	4
rise	number	2	4
rise	one	0	4
rise	opinion	3	4
rise	order	4	4
rise	other	0	4
rise	pain	1	4
rise	pair	1	4
rise	palace	0	4
rise	part	3	4
rise	paw	1	4
rise	peace	3	4
rise	peasant	0	4
rise	people	0	4
rise	piece	2	4
rise	pig	1	4
rise	place	3	4
rise	pleasure	3	4
rise	plenty	4	4
rise	poet	0	4
rise	power	1	4
rise	prince	0	4
rise	princess	0	4
rise	queen	0	4
rise	rabbit	0	4
rise	rest	4	4
rise	right	4	4
rise	ring	2	4
rise	river	0	4
rise	road	1	4
rise	rock	1	4
rise	room	3	4
rise	rose	2	4
rise	sack	2	4
rise	sand	1	4
rise	sea	0	4
rise	search	4	4
rise	sense	3	4
rise	serpent	0	4
rise	servant	0	4
rise	sheep	1	4
rise	ship	1	4
rise	shoe	3	4
rise	shore	2	4
rise	shoulder	1	4
rise	side	3	4
rise	sight	3	4
rise	silver	3	4
rise	sister	0	4
rise	slave	0	4
rise	snow	1	4
rise	soldier	0	4
rise	son	0	4
rise	song	0	4
rise	sorrow	1	4
rise	spot	3	4
rise	spring	2	4
rise	star	0	4
rise	step	3	4
rise	stone	2	4
rise	story	3	4
rise	stranger	0	4
rise	stream	1	4
rise	street	3	4
rise	strength	2	4
rise	subject	2	4
rise	sun	0	4
rise	sword	2	4
rise	table	2	4
rise	tale	3	4
rise	tear	1	4
rise	thing	1	4
rise	thistle	2	4
rise	thought	2	4
rise	throne	2	4
rise	time	4	4
rise	tongue	3	4
rise	tooth	3	4
rise	top	3	4
rise	town	1	4
rise	tree	1	4
rise	trouble	2	4
rise	truth	2	4
rise	use	4	4
rise	village	2	4
rise	vizir	0	4
rise	voice	0	4
rise	wall	1	4
rise	want	4	4
rise	war	2	4
rise	water	0	4
rise	way	3	4
rise	week	4	4
rise	well	3	4
rise	while	4	4
rise	wife	0	4
rise	wind	0	4
rise	window	3	4
rise	wine	2	4
rise	witch	0	4
rise	wolf	0	4
rise	woman	0	4
rise	wood	2	4
rise	word	2	4
rise	work	4	4
rise	world	3	4
rise	year	3	4
rise	youth	0	4
run	air	2	3
run	angel	0	2
run	animal	0	2
run	apple	2	3
run	arm	3	2
run	arrow	2	1
run	baby	1	2
run	back	3	3
run	bag	3	3
run	bank	3	1
run	basket	3	3
run	battle	2	2
run	bear	0	1
run	beard	3	2
run	beast	0	1
run	beauty	1	3
run	bed	3	3
run	bee	1	3
run	being	0	2
run	bell	3	3
run	bird	0	2
run	blood	0	2
run	boat	1	1
run	body	2	2
run	book	3	3
run	boot	2	3
run	box	3	3
run	boy	0	1
run	branch	3	3
run	bread	3	3
run	bride	0	1
run	bridegroom	0	1
run	bridge	1	3
run	brother	0	1
run	business	2	0
run	captain	0	1
run	care	3	3
run	carriage	1	2
run	case	3	2
run	castle	3	1
run	cat	0	2
run	cave	2	3
run	chance	3	1
run	cheese	3	3
run	child	0	1
run	chin	3	3
run	church	3	2
run	city	3	0
run	clothes	3	3
run	cloud	1	3
run	coat	3	3
run	corner	3	2
run	cottage	3	2
run	country	3	0
run	court	3	1
run	creature	0	1
run	crow	1	2
run	cry	2	3
run	danger	2	1
run	daughter	0	1
run	day	2	3
run	death	2	3
run	deed	3	3
run	delight	3	3
run	dinner	3	3
run	dish	2	3
run	dog	0	2
run	door	3	3
run	dragon	0	1
run	dream	2	3
run	dress	3	3
run	duck	0	2
run	dust	2	3
run	eagle	1	2
run	ear	3	3
run	earth	3	3
run	egg	2	3
run	elephant	0	2
run	emperor	0	1
run	end	3	3
run	evening	3	3
run	eye	2	3
run	face	3	3
run	fairy	0	1
run	family	0	2
run	farmer	0	1
run	father	0	1
run	fear	2	3
run	feast	3	2
run	feather	2	3
run	fellow	0	1
run	field	3	2
run	fire	1	3
run	fish	1	3
run	flame	1	3
run	floor	3	3
run	flower	2	3
run	folk	0	2
run	food	3	3
run	foot	2	3
run	forehead	3	3
run	forest	3	3
run	form	2	3
run	fox	0	1
run	friend	0	1
run	front	3	3
run	garden	3	2
run	gate	3	3
run	gentleman	0	1
run	giant	0	1
run	gift	3	3
run	girl	0	1
run	glass	3	3
run	gold	3	3
run	grandfather	0	1
run	grass	3	3
run	grave	3	3
run	ground	3	3
run	guest	0	1
run	gun	3	1
run	hair	3	3
run	hall	3	1
run	hand	3	0
run	hare	0	2
run	head	3	3
run	heap	3	3
run	heart	2	3
run	help	2	3
run	hero	0	1
run	hill	2	3
run	hole	3	3
run	home	3	1
run	honey	1	3
run	horn	3	3
run	hour	2	3
run	house	3	0
run	husband	0	1
run	hut	3	3
run	instant	3	3
run	iron	3	2
run	island	3	3
run	journey	3	2
run	joy	2	3
run	kind	3	3
run	king	0	1
run	kingdom	3	0
run	kitchen	3	1
run	knife	3	0
run	knight	0	1
run	lad	0	1
run	lady	0	1
run	lake	2	3
run	land	3	1
run	leaf	2	3
run	leg	2	3
run	length	3	1
run	letter	3	3
run	light	2	3
run	lion	0	1
run	look	3	3
run	love	2	3
run	magic	2	3
run	magician	0	1
run	maid	0	1
run	maiden	0	1
run	man	0	1
run	marriage	3	3
run	master	0	1
run	matter	3	3
run	meat	3	3
run	merchant	0	1
run	mermaid	2	1
run	midst	3	3
run	mind	2	3
run	minute	3	3
run	moment	3	3
run	money	2	3
run	monkey	0	2
run	moon	2	3
run	morning	3	3
run	morrow	3	3
run	mother	0	1
run	mountain	3	3
run	mouse	0	2
run	mouth	3	3
run	name	3	3
run	neck	3	3
run	needle	3	0
run	nest	3	3
run	night	3	3
run	noise	3	3
run	number	3	3
run	one	0	2
run	opinion	3	3
run	order	3	3
run	pain	2	3
run	pair	1	2
run	palace	3	1
run	part	3	3
run	paw	3	3
run	peace	3	3
run	peasant	0	1
run	people	0	2
run	piece	3	3
run	pig	0	2
run	place	3	1
run	pleasure	3	3
run	plenty	3	3
run	poet	0	1
run	power	3	3
run	prince	0	1
run	princess	0	1
run	queen	0	1
run	rabbit	0	2
run	rest	3	3
run	right	3	3
run	ring	3	3
run	river	0	3
run	road	1	3
run	rock	3	3
run	room	3	2
run	rose	3	3
run	sack	3	3
run	sand	1	3
run	sea	2	3
run	search	3	2
run	sense	3	3
run	serpent	1	1
run	servant	0	1
run	shoe	2	3
run	shore	2	3
run	shoulder	3	3
run	side	3	3
run	sight	3	3
run	silver	3	3
run	sister	0	1
run	slave	0	1
run	snow	2	3
run	soldier	0	1
run	son	0	1
run	song	3	3
run	sorrow	3	3
run	spot	3	3
run	spring	1	3
run	star	2	3
run	step	3	3
run	stone	3	3
run	stranger	0	1
run	stream	0	3
run	street	2	2
run	strength	3	3
run	subject	1	2
run	sun	2	3
run	sword	3	0
run	table	3	3
run	tale	2	3
run	tear	0	3
run	thing	1	3
run	thistle	3	3
run	thought	2	3
run	throne	3	3
run	tongue	3	3
run	tooth	3	3
run	top	3	3
run	town	3	1
run	tree	3	3
run	trouble	3	3
run	truth	3	3
run	use	3	3
run	village	3	1
run	vizir	0	1
run	voice	3	3
run	wall	2	3
run	want	3	3
run	way	2	3
run	week	2	3
run	well	3	3
run	while	3	3
run	wife	0	1
run	wind	1	3
run	window	3	3
run	wine	0	2
run	witch	0	1
run	wolf	0	1
run	woman	0	1
run	wood	3	3
run	word	3	3
run	work	3	2
run	world	3	2
run	year	2	3
run	youth	0	1
say	air	3	3
say	angel	0	3
say	animal	0	3
say	apple	2	3
say	arm	3	3
say	arrow	3	3
say	baby	1	3
say	back	4	3
say	bag	3	3
say	bank	3	3
say	basket	3	3
say	battle	4	3
say	bear	0	3
say	beard	3	3
say	beast	0	3
say	beauty	1	3
say	bed	2	3
say	bee	0	3
say	being	0	3
say	bell	1	3
say	bird	0	3
say	blood	3	3
say	boat	2	3
say	body	3	3
say	book	0	3
say	boot	2	3
say	box	2	3
say	boy	0	3
say	branch	2	3
say	bread	2	3
say	bride	0	3
say	bridegroom	0	3
say	bridge	2	3
say	brother	0	3
say	business	3	3
say	captain	0	3
say	care	3	3
say	carriage	2	3
say	case	3	3
say	castle	2	3
say	cat	0	3
say	cave	2	3
say	chance	4	3
say	cheese	2	3
say	child	0	3
say	chin	3	3
say	church	3	3
say	city	3	3
say	clothes	3	3
say	cloud	2	3
say	coat	3	3
say	company	1	3
say	corner	4	3
say	cottage	3	3
say	country	3	3
say	course	4	3
say	court	1	3
say	creature	0	3
say	crow	0	3
say	cry	3	2
say	danger	4	3
say	daughter	0	3
say	day	4	3
say	death	1	3
say	deed	3	3
say	delight	4	3
say	dinner	3	3
say	dish	2	3
say	dog	0	3
say	door	2	3
say	dragon	0	3
say	dream	2	3
say	dress	3	3
say	duck	0	3
say	dust	3	3
say	eagle	0	3
say	ear	3	3
say	earth	2	3
say	egg	2	3
say	elephant	0	3
say	emperor	0	3
say	end	4	3
say	evening	4	3
say	eye	3	3
say	face	2	3
say	fairy	0	3
say	family	0	3
say	farmer	0	3
say	father	0	3
say	fear	3	3
say	feast	4	3
say	feather	3	3
say	fellow	0	3
say	field	3	3
say	fire	2	3
say	fish	0	3
say	flame	2	3
say	floor	3	3
say	flower	1	3
say	folk	0	3
say	food	3	3
say	foot	3	3
say	forehead	3	3
say	forest	2	3
say	form	3	3
say	fox	0	3
say	friend	0	3
say	front	4	3
say	garden	3	3
say	gate	2	3
say	gentleman	0	3
say	giant	0	3
say	gift	3	3
say	girl	0	3
say	glass	1	3
say	gold	3	3
say	grandfather	0	3
say	grass	2	3
say	grave	3	3
say	ground	3	3
say	guest	0	3
say	gun	3	3
say	hair	3	3
say	hall	3	3
say	hand	3	3
say	hare	0	3
say	head	1	3
say	heap	3	3
say	heart	1	3
say	help	4	3
say	hero	0	3
say	hill	2	3
say	hole	3	3
say	home	3	3
say	honey	3	3
say	horn	2	3
say	horse	0	3
say	hour	4	3
say	house	2	3
say	husband	0	3
say	hut	2	3
say	instant	4	3
say	iron	3	3
say	island	3	3
say	journey	4	3
say	joy	3	3
say	kind	4	3
say	king	0	3
say	kingdom	2	3
say	kitchen	3	3
say	knife	2	3
say	knight	0	3
say	lad	0	3
say	lady	0	3
say	lake	2	3
say	land	3	3
say	leaf	2	3
say	leg	3	3
say	length	4	3
say	life	3	3
say	light	3	3
say	lion	0	3
say	look	3	3
say	love	3	3
say	magic	3	2
say	magician	0	3
say	maid	0	3
say	maiden	0	3
say	man	0	3
say	marriage	4	3
say	master	0	3
say	matter	4	1
say	meat	3	3
say	merchant	0	3
say	mermaid	0	3
say	midst	4	3
say	mind	2	1
say	minute	4	3
say	moment	4	3
say	money	3	3
say	monkey	0	3
say	moon	1	3
say	morning	4	3
say	morrow	4	3
say	mother	0	3
say	mountain	2	3
say	mouse	0	3
say	mouth	1	3
say	name	3	0
say	neck	3	3
say	needle	2	3
say	nest	3	3
say	night	3	3
say	noise	3	3
say	opinion	3	1
say	order	3	2
say	other	0	3
say	pain	4	3
say	pair	1	3
say	palace	3	3
say	part	4	2
say	paw	3	3
say	peace	4	2
say	peasant	0	3
say	people	0	3
say	piece	3	1
say	pig	0	3
say	place	4	3
say	pleasure	4	3
say	plenty	4	2
say	poet	0	3
say	power	3	3
say	prince	0	3
say	princess	0	3
say	queen	0	3
say	rabbit	0	3
say	right	4	3
say	ring	2	3
say	river	1	3
say	road	3	3
say	rock	2	3
say	room	3	3
say	rose	1	3
say	sack	3	3
say	sand	3	3
say	sea	1	3
say	search	4	3
say	sense	4	2
say	serpent	0	3
say	servant	0	3
say	sheep	0	3
say	ship	2	3
say	shoe	2	3
say	shore	3	3
say	shoulder	3	3
say	side	4	3
say	sight	4	3
say	silver	3	3
say	sister	0	3
say	slave	0	3
say	snow	3	3
say	soldier	0	3
say	son	0	3
say	song	1	2
say	sorrow	3	3
say	spot	4	3
say	spring	2	3
say	star	1	3
say	step	4	3
say	stone	2	3
say	story	1	1
say	stranger	0	3
say	stream	1	3
say	street	3	3
say	strength	4	3
say	subject	1	3
say	sun	1	3
say	sword	2	3
say	table	2	3
say	tale	1	1
say	tear	3	3
say	thing	2	0
say	thistle	2	3
say	thought	3	2
say	throne	3	3
say	time	4	3
say	tongue	1	3
say	tooth	3	3
say	top	4	3
say	town	3	3
say	tree	1	3
say	trouble	4	3
say	truth	3	0
say	use	4	3
say	village	3	3
say	vizir	0	3
say	voice	0	3
say	wall	2	3
say	want	4	3
say	war	4	3
say	water	2	3
say	way	4	3
say	week	4	3
say	well	1	3
say	while	4	3
say	wife	0	3
say	wind	1	3
say	window	2	3
say	wine	3	3
say	witch	0	3
say	wolf	0	3
say	woman	0	3
say	wood	2	3
say	word	2	0
say	work	4	3
say	world	2	3
say	year	4	3
say	youth	0	3
see	air	3	2
see	apple	3	0
see	arm	3	0
see	arrow	3	0
see	back	3	0
see	bag	3	0
see	bank	3	0
see	basket	3	0
see	beard	3	0
see	beauty	0	0
see	bed	3	0
see	being	0	0
see	bell	3	0
see	blood	4	0
see	boat	3	0
see	body	2	0
see	book	3	0
see	boot	3	0
see	box	3	0
see	branch	3	0
see	bread	3	0
see	bridge	3	0
see	business	4	2
see	care	4	2
see	carriage	3	0
see	case	4	1
see	castle	3	0
see	cave	3	0
see	chance	4	0
see	cheese	4	0
see	chin	3	0
see	church	3	0
see	clothes	3	0
see	cloud	2	0
see	coat	3	0
see	corner	4	0
see	cottage	3	0
see	course	4	1
see	cry	4	2
see	danger	4	0
see	death	1	1
see	deed	4	0
see	delight	4	2
see	dinner	4	0
see	dish	3	0
see	door	3	0
see	dream	3	0
see	dress	3	0
see	dust	4	0
see	ear	3	0
see	earth	2	0
see	egg	3	0
see	end	4	0
see	face	2	0
see	fear	4	2
see	feast	4	0
see	feather	3	0
see	field	3	0
see	fire	2	0
see	flame	3	0
see	floor	4	0
see	flower	2	0
see	food	4	0
see	foot	3	0
see	forehead	3	0
see	forest	2	0
see	form	1	0
see	front	4	1
see	garden	3	0
see	gate	3	0
see	gift	3	0
see	glass	2	0
see	gold	3	0
see	grass	3	0
see	grave	3	0
see	ground	3	0
see	gun	4	0
see	hair	4	0
see	hall	3	0
see	hand	3	0
see	head	1	0
see	heap	4	0
see	heart	2	1
see	help	4	1
see	hill	2	0
see	hole	4	0
see	home	4	0
see	honey	4	0
see	horn	3	0
see	hour	4	1
see	house	3	0
see	hut	3	0
see	instant	4	2
see	iron	4	0
see	island	3	0
see	journey	4	2
see	joy	4	1
see	kind	4	2
see	kitchen	4	0
see	knife	4	0
see	lake	3	0
see	land	3	0
see	leaf	3	0
see	leg	4	0
see	length	4	1
see	letter	4	0
see	life	4	1
see	light	4	0
see	look	4	1
see	love	2	1
see	magic	3	0
see	marriage	4	1
see	matter	4	1
see	meat	4	0
see	midst	4	3
see	mind	2	1
see	minute	4	2
see	moment	4	2
see	money	4	0
see	moon	1	0
see	morrow	4	1
see	mountain	2	0
see	mouth	3	0
see	name	4	0
see	neck	4	0
see	needle	3	0
see	nest	4	0
see	night	2	0
see	noise	4	2
see	number	4	1
see	opinion	4	2
see	order	4	1
see	pain	4	1
see	pair	2	0
see	palace	3	0
see	part	4	1
see	paw	4	0
see	peace	4	1
see	piece	4	0
see	place	4	0
see	pleasure	4	2
see	plenty	4	1
see	power	3	1
see	rest	3	1
see	right	4	1
see	ring	3	0
see	river	2	0
see	road	3	0
see	rock	3	0
see	room	4	0
see	rose	2	0
see	sack	4	0
see	sand	4	0
see	sea	2	0
see	search	4	2
see	sense	4	1
see	ship	3	0
see	shoe	3	0
see	shore	4	0
see	shoulder	4	0
see	side	4	0
see	sight	4	0
see	silver	4	0
see	snow	3	0
see	song	4	2
see	sorrow	4	1
see	spot	4	0
see	spring	2	0
see	star	1	0
see	step	4	0
see	stone	3	0
see	story	4	1
see	stream	2	0
see	street	4	0
see	strength	4	1
see	sun	1	0
see	sword	3	0
see	table	3	0
see	tale	4	1
see	tear	4	0
see	thing	2	0
see	thistle	3	0
see	thought	4	2
see	throne	3	0
see	time	3	1
see	tongue	4	0
see	tooth	4	0
see	top	4	0
see	tree	1	0
see	trouble	4	0
see	truth	4	0
see	use	4	0
see	voice	3	2
see	wall	2	0
see	want	4	1
see	water	3	0
see	way	4	0
see	week	3	1
see	well	2	0
see	while	4	3
see	wind	1	0
see	window	3	0
see	wine	4	0
see	wood	2	0
see	word	4	1
see	work	4	0
seem	air	0	4
seem	angel	0	4
seem	animal	0	4
seem	apple	0	4
seem	arm	0	4
seem	arrow	0	4
seem	baby	0	4
seem	back	0	4
seem	bag	0	4
seem	bank	0	4
seem	basket	0	4
seem	battle	0	4
seem	bear	0	4
seem	beard	0	4
seem	beast	0	4
seem	beauty	0	4
seem	bed	0	4
seem	bee	0	4
seem	being	0	4
seem	bell	0	4
seem	bird	0	4
seem	blood	0	4
seem	boat	0	4
seem	body	0	4
seem	book	0	4
seem	boot	0	4
seem	box	0	4
seem	boy	0	4
seem	branch	0	4
seem	bread	0	4
seem	bride	0	4
seem	bridegroom	0	4
seem	bridge	0	4
seem	brother	0	4
seem	business	0	4
seem	captain	0	4
seem	care	0	4
seem	carriage	0	4
seem	case	0	4
seem	castle	0	4
seem	cat	0	4
seem	cave	0	4
seem	chance	0	4
seem	cheese	0	4
seem	child	0	4
seem	chin	0	4
seem	church	0	4
seem	city	0	4
seem	clothes	0	4
seem	cloud	0	4
seem	coat	0	4
seem	company	0	4
seem	corner	0	4
seem	cottage	0	4
seem	country	0	4
seem	course	0	4
seem	court	0	4
seem	creature	0	4
seem	crow	0	4
seem	cry	0	4
seem	danger	0	4
seem	daughter	0	4
seem	day	0	4
seem	death	0	4
seem	deed	0	4
seem	delight	0	4
seem	dinner	0	4
seem	dish	0	4
seem	dog	0	4
seem	door	0	4
seem	dragon	0	4
seem	dream	0	4
seem	dress	0	4
seem	duck	0	4
seem	dust	0	4
seem	eagle	0	4
seem	ear	0	4
seem	earth	0	4
seem	egg	0	4
seem	elephant	0	4
seem	emperor	0	4
seem	end	0	4
seem	evening	0	4
seem	eye	0	4
seem	face	0	4
seem	fairy	0	4
seem	family	0	4
seem	farmer	0	4
seem	father	0	4
seem	fear	0	4
seem	feast	0	4
seem	feather	0	4
seem	fellow	0	4
seem	field	0	4
seem	fire	0	4
seem	fish	0	4
seem	flame	0	4
seem	floor	0	4
seem	flower	0	4
seem	folk	0	4
seem	food	0	4
seem	foot	0	4
seem	forehead	0	4
seem	forest	0	4
seem	form	0	4
seem	fox	0	4
seem	friend	0	4
seem	front	1	4
seem	garden	0	4
seem	gate	0	4
seem	gentleman	0	4
seem	giant	0	4
seem	gift	0	4
seem	girl	0	4
seem	glass	0	4
seem	gold	0	4
seem	grandfather	0	4
seem	grass	0	4
seem	grave	0	4
seem	ground	0	4
seem	guest	0	4
seem	gun	0	4
seem	hair	0	4
seem	hall	0	4
seem	hand	0	4
seem	hare	0	4
seem	head	0	4
seem	heap	0	4
seem	heart	0	4
seem	help	0	4
seem	hero	0	4
seem	hill	0	4
seem	hole	0	4
seem	home	0	4
seem	honey	0	4
seem	horn	0	4
seem	horse	0	4
seem	hour	0	4
seem	house	0	4
seem	husband	0	4
seem	hut	0	4
seem	instant	0	4
seem	iron	0	4
seem	island	0	4
seem	journey	0	4
seem	joy	0	4
seem	kind	1	4
seem	king	0	4
seem	kingdom	0	4
seem	kitchen	0	4
seem	knife	0	4
seem	knight	0	4
seem	lad	0	4
seem	lady	0	4
seem	lake	0	4
seem	land	0	4
seem	leaf	0	4
seem	leg	0	4
seem	length	1	4
seem	letter	0	4
seem	life	0	4
seem	light	0	4
seem	lion	0	4
seem	look	0	4
seem	love	0	4
seem	magic	0	4
seem	magician	0	4
seem	maid	0	4
seem	maiden	0	4
seem	man	0	4
seem	marriage	0	4
seem	master	0	4
seem	matter	0	4
seem	meat	0	4
seem	merchant	0	4
seem	mermaid	0	4
seem	midst	2	4
seem	mind	0	4
seem	minute	0	4
seem	moment	0	4
seem	money	0	4
seem	monkey	0	4
seem	moon	0	4
seem	morning	0	4
seem	morrow	1	4
seem	mother	0	4
seem	mountain	0	4
seem	mouse	0	4
seem	mouth	0	4
seem	name	0	4
seem	neck	0	4
seem	needle	0	4
seem	nest	0	4
seem	night	0	4
seem	noise	0	4
seem	number	0	4
seem	one	0	4
seem	opinion	0	4
seem	order	0	4
seem	other	0	4
seem	pain	0	4
seem	pair	0	4
seem	palace	0	4
seem	part	0	4
seem	paw	0	4
seem	peace	0	4
seem	peasant	0	4
seem	people	0	4
seem	piece	0	4
seem	pig	0	4
seem	place	0	4
seem	pleasure	0	4
seem	plenty	1	4
seem	poet	0	4
seem	power	0	4
seem	prince	0	4
seem	princess	0	4
seem	queen	0	4
seem	rabbit	0	4
seem	rest	0	4
seem	right	0	4
seem	ring	0	4
seem	river	0	4
seem	road	0	4
seem	rock	0	4
seem	room	0	4
seem	rose	0	4
seem	sack	0	4
seem	sand	0	4
seem	sea	0	4
seem	search	0	4
seem	sense	0	4
seem	serpent	0	4
seem	servant	0	4
seem	sheep	0	4
seem	ship	0	4
seem	shoe	0	4
seem	shore	0	4
seem	shoulder	0	4
seem	side	0	4
seem	sight	0	4
seem	silver	0	4
seem	sister	0	4
seem	slave	0	4
seem	snow	0	4
seem	soldier	0	4
seem	son	0	4
seem	song	0	4
seem	sorrow	0	4
seem	spot	0	4
seem	spring	0	4
seem	star	0	4
seem	step	0	4
seem	stone	0	4
seem	story	0	4
seem	stranger	0	4
seem	stream	0	4
seem	street	0	4
seem	strength	0	4
seem	subject	0	4
seem	sun	0	4
seem	sword	0	4
seem	table	0	4
seem	tale	0	4
seem	tear	0	4
seem	thing	0	4
seem	thistle	0	4
seem	thought	0	4
seem	throne	0	4
seem	time	0	4
seem	tongue	0	4
seem	tooth	0	4
seem	top	0	4
seem	town	0	4
seem	tree	0	4
seem	trouble	0	4
seem	truth	0	4
seem	use	1	4
seem	village	0	4
seem	vizir	0	4
seem	voice	0	4
seem	wall	0	4
seem	want	0	4
seem	war	0	4
seem	water	0	4
seem	way	0	4
seem	week	0	4
seem	well	0	4
seem	while	1	4
seem	wife	0	4
seem	wind	0	4
seem	window	0	4
seem	wine	0	4
seem	witch	0	4
seem	wolf	0	4
seem	woman	0	4
seem	wood	0	4
seem	word	0	4
seem	work	0	4
seem	world	0	4
seem	year	0	4
seem	youth	0	4
seize	air	3	3
seize	angel	0	1
seize	apple	3	0
seize	arm	1	0
seize	arrow	3	0
seize	back	3	2
seize	bag	3	0
seize	bank	3	2
seize	basket	3	0
seize	battle	3	3
seize	beard	3	0
seize	beauty	1	1
seize	bed	3	1
seize	bee	2	1
seize	bell	3	1
seize	blood	3	3
seize	boat	3	1
seize	body	2	1
seize	book	3	0
seize	boot	3	0
seize	box	3	0
seize	branch	2	0
seize	bread	3	0
seize	bridge	3	2
seize	business	3	2
seize	care	3	3
seize	carriage	3	1
seize	case	4	2
seize	castle	3	0
seize	cave	3	2
seize	chance	4	0
seize	cheese	4	0
seize	chin	3	1
seize	church	3	1
seize	city	3	0
seize	clothes	3	0
seize	cloud	2	3
seize	coat	3	0
seize	corner	3	2
seize	cottage	3	1
seize	country	3	1
seize	course	4	3
seize	court	2	2
seize	cry	3	3
seize	danger	2	3
seize	day	3	1
seize	death	1	3
seize	deed	4	3
seize	delight	1	3
seize	dinner	3	1
seize	dish	3	0
seize	door	3	1
seize	dragon	0	1
seize	dream	3	3
seize	dress	3	0
seize	duck	1	0
seize	dust	3	2
seize	ear	3	1
seize	earth	2	2
seize	egg	4	0
seize	end	3	2
seize	evening	3	3
seize	eye	3	2
seize	face	3	2
seize	fairy	0	1
seize	fear	0	3
seize	feast	3	2
seize	feather	3	1
seize	field	3	2
seize	fire	1	3
seize	fish	1	0
seize	flame	1	3
seize	floor	3	2
seize	flower	3	0
seize	food	3	0
seize	foot	3	1
seize	forehead	3	2
seize	forest	3	2
seize	form	3	3
seize	front	3	2
seize	garden	3	2
seize	gate	3	1
seize	giant	0	1
seize	gift	3	1
seize	glass	3	0
seize	gold	3	0
seize	grass	3	1
seize	grave	3	3
seize	ground	3	2
seize	gun	3	0
seize	hair	3	0
seize	hall	3	2
seize	hare	1	0
seize	head	3	0
seize	heap	3	2
seize	heart	3	1
seize	help	3	3
seize	hill	3	2
seize	hole	4	3
seize	home	3	2
seize	honey	3	1
seize	horn	3	0
seize	horse	1	0
seize	hour	3	1
seize	house	3	1
seize	hut	3	1
seize	instant	4	1
seize	iron	3	1
seize	island	3	1
seize	journey	4	3
seize	joy	1	3
seize	kind	4	3
seize	kingdom	3	0
seize	kitchen	3	2
seize	knife	3	0
seize	lake	2	3
seize	land	3	1
seize	leaf	3	1
seize	leg	3	0
seize	length	4	4
seize	letter	3	0
seize	life	3	2
seize	light	3	3
seize	look	4	3
seize	love	2	3
seize	magic	2	2
seize	marriage	4	3
seize	matter	4	3
seize	meat	3	0
seize	mermaid	0	1
seize	midst	4	4
seize	mind	3	3
seize	minute	4	2
seize	moment	4	0
seize	money	3	0
seize	moon	3	2
seize	morning	3	2
seize	morrow	4	3
seize	mountain	3	3
seize	mouse	1	0
seize	mouth	2	2
seize	name	4	3
seize	neck	3	0
seize	needle	3	0
seize	nest	3	1
seize	night	2	3
seize	noise	4	3
seize	number	4	3
seize	opinion	4	3
seize	order	4	3
seize	pain	1	3
seize	pair	3	2
seize	palace	3	0
seize	part	4	2
seize	paw	2	0
seize	peace	3	3
seize	piece	3	1
seize	pig	1	0
seize	place	4	2
seize	pleasure	3	3
seize	plenty	4	3
seize	power	3	0
seize	rabbit	1	0
seize	rest	4	3
seize	right	4	2
seize	ring	3	0
seize	river	2	3
seize	road	3	2
seize	rock	3	1
seize	room	3	2
seize	rose	3	0
seize	sack	3	0
seize	sand	3	1
seize	sea	2	3
seize	search	4	4
seize	sense	4	3
seize	sheep	2	0
seize	ship	3	1
seize	shoe	3	0
seize	shore	3	2
seize	shoulder	3	1
seize	side	4	2
seize	sight	4	3
seize	silver	3	0
seize	snow	3	2
seize	song	4	3
seize	sorrow	1	3
seize	spot	4	3
seize	spring	3	3
seize	star	3	2
seize	step	4	3
seize	stone	3	0
seize	story	4	3
seize	stream	2	3
seize	street	3	2
seize	strength	3	3
seize	subject	2	2
seize	sun	3	3
seize	sword	3	0
seize	table	3	1
seize	tale	4	3
seize	tear	4	3
seize	thing	3	1
seize	thistle	3	1
seize	thought	2	3
seize	throne	3	0
seize	time	3	2
seize	tongue	3	2
seize	tooth	3	1
seize	top	4	2
seize	town	3	0
seize	tree	2	1
seize	trouble	3	3
seize	truth	3	3
seize	use	4	4
seize	village	3	1
seize	voice	4	3
seize	wall	3	2
seize	want	3	3
seize	war	3	3
seize	water	2	2
seize	way	4	3
seize	week	4	3
seize	well	3	2
seize	while	4	4
seize	wind	1	3
seize	window	3	2
seize	wine	3	0
seize	witch	0	1
seize	wood	3	1
seize	word	4	3
seize	work	4	3
seize	world	3	2
seize	year	4	3
send	air	3	2
send	angel	0	0
send	animal	0	0
send	apple	3	0
send	arm	3	2
send	arrow	3	0
send	baby	3	0
send	back	4	4
send	bag	3	0
send	bank	3	3
send	basket	3	0
send	battle	3	3
send	bear	0	0
send	beard	4	3
send	beast	0	0
send	beauty	3	3
send	bed	3	2
send	bee	0	0
send	being	1	1
send	bell	3	2
send	bird	0	0
send	blood	3	3
send	boat	3	0
send	body	3	1
send	book	3	0
send	boot	3	0
send	box	3	0
send	branch	3	2
send	bread	3	0
send	bridge	3	3
send	business	4	3
send	care	4	3
send	carriage	3	0
send	case	4	3
send	castle	3	4
send	cat	0	0
send	cave	3	4
send	chance	3	3
send	cheese	4	0
send	chin	4	4
send	church	2	3
send	city	2	3
send	clothes	3	0
send	cloud	2	1
send	coat	3	0
send	corner	4	4
send	cottage	4	4
send	country	2	3
send	course	4	4
send	court	1	2
send	creature	0	0
send	crow	0	0
send	cry	3	2
send	danger	3	3
send	day	3	3
send	death	2	2
send	deed	4	3
send	delight	3	3
send	dinner	4	1
send	dish	4	0
send	dog	0	0
send	door	4	4
send	dragon	0	0
send	dream	3	1
send	dress	4	0
send	duck	0	0
send	dust	3	2
send	eagle	0	0
send	ear	4	4
send	earth	3	3
send	egg	4	0
send	elephant	0	0
send	emperor	0	0
send	end	4	4
send	evening	3	4
send	eye	4	3
send	face	4	4
send	fairy	0	0
send	fear	3	3
send	feast	4	1
send	feather	4	0
send	field	4	4
send	fire	2	1
send	fish	0	0
send	flame	3	1
send	floor	4	4
send	flower	4	0
send	food	4	0
send	foot	4	4
send	forehead	4	4
send	forest	2	4
send	form	4	4
send	fox	0	0
send	front	4	4
send	garden	4	4
send	gate	4	4
send	giant	0	0
send	gift	3	0
send	glass	4	1
send	gold	4	0
send	grass	4	3
send	grave	4	4
send	ground	4	4
send	gun	3	2
send	hair	4	2
send	hall	4	4
send	hand	3	2
send	hare	0	0
send	head	4	2
send	heap	4	2
send	heart	3	2
send	help	3	0
send	hill	3	4
send	hole	4	4
send	home	3	4
send	honey	4	0
send	horn	3	1
send	horse	1	0
send	hour	4	4
send	house	3	4
send	hut	3	4
send	instant	4	4
send	iron	4	1
send	island	3	4
send	journey	4	3
send	joy	3	3
send	kind	4	4
send	kingdom	2	3
send	kitchen	4	4
send	knife	3	0
send	lake	3	4
send	land	2	3
send	leaf	4	1
send	leg	4	4
send	length	4	4
send	letter	3	0
send	life	3	3
send	light	2	1
send	lion	0	0
send	look	3	1
send	love	2	1
send	magic	2	1
send	marriage	3	3
send	matter	4	4
send	meat	4	0
send	mermaid	0	0
send	midst	4	4
send	mind	3	3
send	minute	4	4
send	moment	4	4
send	money	3	0
send	monkey	0	0
send	moon	1	2
send	morning	3	4
send	morrow	4	4
send	mountain	3	4
send	mouse	0	0
send	mouth	4	4
send	name	4	3
send	neck	4	4
send	needle	3	0
send	nest	4	2
send	night	3	3
send	noise	4	3
send	number	4	3
send	opinion	4	3
send	order	3	2
send	other	1	1
send	pain	3	2
send	pair	2	1
send	palace	2	4
send	part	4	3
send	paw	4	4
send	peace	3	3
send	piece	4	1
send	pig	0	0
send	place	4	4
send	pleasure	4	3
send	plenty	4	2
send	power	3	2
send	rabbit	0	0
send	rest	4	4
send	right	4	4
send	ring	3	0
send	river	2	3
send	road	4	4
send	rock	4	3
send	room	4	4
send	rose	4	0
send	sack	3	0
send	sand	4	2
send	sea	1	2
send	search	4	3
send	sense	4	4
send	serpent	0	0
send	sheep	0	0
send	ship	3	0
send	shoe	3	0
send	shore	4	4
send	shoulder	4	4
send	side	4	4
send	sight	4	3
send	silver	4	0
send	snow	3	1
send	song	3	1
send	sorrow	3	3
send	spot	4	4
send	spring	3	3
send	star	2	1
send	step	4	4
send	stone	4	1
send	story	3	2
send	stream	3	3
send	street	4	4
send	strength	3	2
send	subject	1	0
send	sun	1	2
send	sword	3	0
send	table	4	1
send	tale	3	2
send	tear	4	2
send	thing	3	1
send	thistle	4	2
send	thought	3	1
send	throne	3	2
send	time	3	3
send	tongue	4	4
send	tooth	4	2
send	top	4	4
send	town	3	4
send	tree	2	2
send	trouble	3	2
send	truth	3	2
send	use	4	4
send	village	3	4
send	voice	3	2
send	wall	4	4
send	want	4	4
send	war	3	3
send	water	3	1
send	way	4	3
send	week	4	4
send	well	3	4
send	while	4	4
send	wind	1	0
send	window	4	4
send	wine	4	0
send	witch	0	0
send	wolf	0	0
send	wood	3	2
send	word	3	0
send	work	3	2
send	world	2	3
send	year	4	4
set	air	3	3
set	angel	0	0
set	animal	0	0
set	apple	3	0
set	arm	2	0
set	arrow	3	0
set	baby	1	0
set	back	3	1
set	bag	3	0
set	bank	3	2
set	basket	3	0
set	battle	3	2
set	bear	0	0
set	beard	3	1
set	beast	0	0
set	beauty	1	1
set	bed	3	0
set	bee	1	0
set	bell	3	0
set	blood	3	3
set	boat	3	0
set	body	2	1
set	book	3	0
set	boot	3	0
set	box	3	0
set	branch	3	0
set	bread	3	0
set	bridge	3	1
set	business	3	2
set	care	3	3
set	carriage	3	1
set	case	3	1
set	castle	3	1
set	cat	0	0
set	cave	3	3
set	chance	3	3
set	chin	3	1
set	church	3	2
set	city	3	0
set	clothes	3	0
set	cloud	2	3
set	coat	3	0
set	corner	3	3
set	cottage	3	2
set	country	3	1
set	course	3	0
set	creature	0	0
set	crow	0	0
set	cry	3	3
set	danger	3	3
set	day	2	0
set	death	1	2
set	deed	3	2
set	delight	3	3
set	dinner	3	0
set	dish	3	0
set	dog	0	0
set	door	3	1
set	dragon	0	0
set	dream	3	3
set	dress	3	1
set	duck	1	0
set	dust	3	2
set	eagle	0	0
set	ear	3	1
set	earth	3	2
set	egg	3	0
set	elephant	1	0
set	end	3	1
set	evening	1	1
set	eye	2	0
set	face	2	0
set	fairy	0	0
set	fear	2	3
set	feast	3	0
set	feather	3	1
set	field	3	1
set	fire	3	0
set	fish	1	0
set	flame	3	1
set	floor	3	2
set	flower	3	0
set	food	3	0
set	foot	2	0
set	forehead	3	2
set	forest	3	0
set	form	3	2
set	fox	0	0
set	front	3	3
set	garden	3	1
set	gate	3	1
set	giant	0	0
set	gift	3	0
set	glass	3	0
set	gold	3	0
set	grass	3	2
set	grave	3	2
set	ground	3	1
set	gun	3	0
set	hair	3	1
set	hall	3	1
set	hand	1	0
set	hare	0	0
set	head	2	0
set	heap	3	1
set	heart	2	0
set	help	3	3
set	hill	3	2
set	hole	3	2
set	home	3	2
set	honey	3	0
set	horn	3	0
set	horse	1	0
set	hour	3	0
set	house	3	0
set	hut	3	1
set	instant	3	3
set	iron	3	0
set	island	3	2
set	journey	3	2
set	joy	3	3
set	kind	3	3
set	kingdom	3	0
set	kitchen	3	1
set	knife	3	0
set	lake	3	2
set	land	3	1
set	leaf	3	1
set	leg	3	0
set	length	3	2
set	letter	3	0
set	life	3	2
set	light	2	0
set	lion	0	0
set	look	3	3
set	love	3	3
set	magic	2	1
set	marriage	3	1
set	matter	3	1
set	meat	3	0
set	mermaid	0	0
set	midst	4	4
set	mind	2	0
set	minute	3	2
set	moment	3	2
set	money	3	0
set	monkey	0	0
set	moon	0	1
set	morning	2	1
set	morrow	3	2
set	mountain	3	2
set	mouse	0	0
set	mouth	3	1
set	name	3	2
set	neck	3	1
set	needle	3	0
set	nest	3	1
set	night	1	1
set	noise	3	3
set	number	3	1
set	opinion	3	3
set	order	3	1
set	pain	3	3
set	pair	3	1
set	palace	3	1
set	part	3	2
set	paw	2	0
set	peace	3	2
set	piece	3	0
set	pig	1	0
set	place	3	1
set	pleasure	3	3
set	plenty	3	3
set	power	3	2
set	rabbit	0	0
set	rest	3	3
set	right	3	1
set	ring	3	0
set	river	3	2
set	road	3	2
set	rock	3	0
set	room	3	1
set	rose	3	0
set	sack	3	0
set	sand	3	2
set	sea	3	1
set	search	3	2
set	sense	3	3
set	serpent	0	0
set	sheep	1	0
set	ship	3	0
set	shoe	3	0
set	shore	3	3
set	shoulder	3	0
set	side	3	1
set	sight	3	1
set	silver	3	0
set	snow	2	3
set	song	3	1
set	sorrow	3	3
set	spot	3	2
set	star	0	0
set	step	3	1
set	stone	3	0
set	story	3	1
set	stream	3	2
set	street	3	2
set	strength	3	2
set	sun	0	1
set	sword	3	0
set	table	3	0
set	tale	3	1
set	tear	3	3
set	thing	3	0
set	thistle	3	1
set	thought	3	2
set	throne	3	0
set	time	3	0
set	tongue	3	1
set	tooth	3	1
set	top	3	0
set	town	3	0
set	tree	3	1
set	trouble	3	3
set	truth	3	2
set	use	4	3
set	village	3	0
set	voice	3	3
set	wall	3	1
set	want	3	3
set	war	3	2
set	water	3	0
set	way	3	2
set	week	3	2
set	well	3	2
set	while	4	4
set	wind	2	3
set	window	3	1
set	wine	3	0
set	wolf	0	0
set	wood	3	0
set	word	3	2
set	work	3	1
set	world	3	0
set	year	3	2
shake	air	1	1
shake	angel	0	1
shake	animal	0	0
shake	apple	1	0
shake	arrow	1	1
shake	back	1	2
shake	bag	1	0
shake	bank	2	2
shake	basket	1	0
shake	battle	3	3
shake	bear	0	0
shake	beard	0	0
shake	beast	0	0
shake	beauty	2	2
shake	bee	1	1
shake	being	1	1
shake	bird	0	0
shake	blood	2	3
shake	book	2	1
shake	boot	2	0
shake	box	1	0
shake	bread	2	1
shake	bridge	0	1
shake	business	3	3
shake	care	3	3
shake	carriage	0	1
shake	case	2	2
shake	castle	0	1
shake	cat	0	0
shake	cave	0	1
shake	chance	3	4
shake	cheese	2	1
shake	chin	1	1
shake	church	1	1
shake	city	1	1
shake	clothes	2	0
shake	cloud	2	2
shake	coat	2	0
shake	company	2	2
shake	corner	3	3
shake	cottage	0	1
shake	country	2	1
shake	course	4	4
shake	court	2	1
shake	creature	0	0
shake	crow	0	0
shake	cry	1	4
shake	danger	3	4
shake	day	3	4
shake	death	3	4
shake	deed	3	4
shake	delight	3	4
shake	dinner	3	3
shake	dish	1	1
shake	dragon	0	0
shake	dream	3	4
shake	dress	2	0
shake	duck	0	0
shake	dust	2	0
shake	eagle	0	0
shake	ear	1	2
shake	earth	0	1
shake	egg	1	1
shake	elephant	0	1
shake	end	4	4
shake	evening	4	4
shake	eye	2	3
shake	face	2	3
shake	fairy	0	0
shake	family	1	2
shake	fear	1	3
shake	feast	3	3
shake	field	2	3
shake	fire	2	3
shake	flame	1	2
shake	floor	0	2
shake	folk	0	1
shake	food	3	2
shake	forehead	2	3
shake	forest	1	1
shake	form	2	3
shake	fox	0	0
shake	front	4	4
shake	garden	2	3
shake	giant	0	1
shake	gift	3	2
shake	gold	3	2
shake	grass	1	2
shake	grave	2	3
shake	ground	0	1
shake	gun	2	2
shake	hair	1	1
shake	hall	0	1
shake	hare	0	1
shake	heap	2	2
shake	heart	1	3
shake	help	4	4
shake	hill	1	2
shake	hole	3	4
shake	home	2	3
shake	honey	3	3
shake	horn	2	1
shake	horse	0	1
shake	hour	4	4
shake	house	0	1
shake	hut	0	1
shake	instant	4	4
shake	iron	2	2
shake	island	1	2
shake	journey	4	4
shake	joy	2	4
shake	kind	4	4
shake	kingdom	1	2
shake	kitchen	1	2
shake	knife	1	1
shake	lake	2	3
shake	land	1	2
shake	length	4	4
shake	letter	2	1
shake	life	4	4
shake	light	2	3
shake	lion	0	0
shake	look	3	4
shake	love	3	4
shake	magic	1	3
shake	marriage	4	4
shake	matter	4	4
shake	meat	3	3
shake	mermaid	0	0
shake	midst	4	4
shake	mind	2	2
shake	minute	4	4
shake	moment	4	4
shake	money	3	1
shake	moon	2	3
shake	morning	4	4
shake	morrow	4	4
shake	mountain	1	1
shake	mouth	2	3
shake	name	4	4
shake	neck	1	1
shake	needle	2	2
shake	nest	1	1
shake	night	3	4
shake	noise	1	4
shake	number	4	4
shake	opinion	4	3
shake	order	4	4
shake	pain	2	4
shake	pair	2	2
shake	palace	0	1
shake	part	3	3
shake	peace	4	3
shake	people	0	1
shake	piece	2	2
shake	pig	0	0
shake	place	2	2
shake	pleasure	3	4
shake	plenty	4	4
shake	power	2	3
shake	rabbit	0	0
shake	rest	4	4
shake	right	4	4
shake	ring	2	1
shake	river	2	3
shake	road	2	3
shake	rock	1	1
shake	room	0	2
shake	sack	1	0
shake	sand	2	1
shake	sea	1	2
shake	search	4	4
shake	sense	4	3
shake	serpent	0	0
shake	sheep	0	0
shake	ship	0	1
shake	shoe	2	0
shake	shore	2	3
shake	side	1	3
shake	sight	3	4
shake	silver	3	2
shake	snow	2	0
shake	song	3	4
shake	sorrow	2	4
shake	spot	4	4
shake	spring	4	4
shake	star	2	3
shake	step	3	4
shake	stone	1	1
shake	story	3	4
shake	stream	2	3
shake	street	2	3
shake	strength	3	4
shake	subject	4	4
shake	sun	3	3
shake	sword	1	0
shake	tale	4	4
shake	tear	3	3
shake	thing	1	1
shake	thistle	1	1
shake	thought	3	4
shake	throne	1	1
shake	time	4	4
shake	tongue	2	3
shake	tooth	1	2
shake	top	3	3
shake	town	1	2
shake	trouble	3	4
shake	truth	3	4
shake	use	4	4
shake	village	1	2
shake	voice	0	4
shake	wall	0	1
shake	want	4	4
shake	war	2	4
shake	way	4	4
shake	week	4	4
shake	well	2	3
shake	while	4	4
shake	wind	0	3
shake	wine	3	2
shake	witch	0	0
shake	wolf	0	0
shake	wood	1	1
shake	word	2	4
shake	work	4	4
shake	world	1	2
shake	year	4	4
shine	air	2	3
shine	angel	0	3
shine	animal	2	3
shine	arm	2	2
shine	arrow	1	1
shine	baby	2	3
shine	back	2	2
shine	bag	3	2
shine	bank	2	3
shine	basket	3	2
shine	battle	3	4
shine	bear	2	3
shine	beard	1	2
shine	beast	2	3
shine	beauty	0	4
shine	bed	2	2
shine	bee	2	3
shine	being	1	3
shine	bird	1	3
shine	blood	1	4
shine	boat	2	1
shine	body	1	2
shine	book	2	2
shine	box	2	1
shine	boy	2	3
shine	branch	2	3
shine	bread	3	3
shine	bride	1	3
shine	bridegroom	2	3
shine	bridge	1	2
shine	brother	2	3
shine	business	4	4
shine	captain	2	3
shine	care	4	4
shine	case	2	1
shine	castle	0	2
shine	cat	2	3
shine	cave	1	3
shine	chance	4	4
shine	cheese	3	3
shine	child	2	3
shine	chin	2	3
shine	church	1	2
shine	city	1	3
shine	clothes	1	2
shine	cloud	1	3
shine	coat	1	1
shine	company	3	4
shine	corner	2	3
shine	cottage	1	3
shine	country	2	4
shine	course	4	4
shine	court	1	3
shine	creature	1	3
shine	crow	2	3
shine	cry	4	4
shine	danger	3	4
shine	daughter	1	3
shine	day	1	4
shine	death	3	4
shine	deed	2	4
shine	delight	1	4
shine	dinner	3	4
shine	dog	2	3
shine	door	1	1
shine	dragon	1	3
shine	dream	2	4
shine	dress	0	2
shine	duck	2	3
shine	dust	1	3
shine	eagle	2	3
shine	ear	2	3
shine	earth	2	4
shine	egg	1	2
shine	elephant	2	3
shine	emperor	2	3
shine	end	4	4
shine	evening	2	4
shine	eye	0	3
shine	face	0	3
shine	fairy	0	3
shine	family	3	4
shine	farmer	3	3
shine	father	2	3
shine	fear	3	4
shine	feast	2	4
shine	feather	0	2
shine	fellow	2	3
shine	field	1	4
shine	fire	0	2
shine	fish	1	3
shine	flame	0	2
shine	flower	1	3
shine	folk	3	3
shine	food	3	4
shine	foot	2	3
shine	forehead	1	3
shine	forest	2	4
shine	form	1	4
shine	fox	2	3
shine	friend	2	3
shine	front	3	4
shine	garden	1	4
shine	gate	1	1
shine	gentleman	2	3
shine	giant	2	3
shine	gift	1	2
shine	girl	1	3
shine	grandfather	2	3
shine	grass	1	4
shine	grave	2	3
shine	ground	2	3
shine	guest	2	3
shine	hair	0	2
shine	hall	1	2
shine	hand	2	2
shine	hare	2	3
shine	head	1	3
shine	heap	1	3
shine	heart	1	4
shine	help	4	4
shine	hero	1	3
shine	hill	1	4
shine	hole	3	4
shine	home	2	4
shine	honey	1	3
shine	horse	1	3
shine	hour	3	4
shine	house	1	3
shine	husband	2	3
shine	hut	2	3
shine	instant	4	4
shine	island	1	4
shine	journey	3	4
shine	joy	1	4
shine	kind	3	4
shine	king	2	3
shine	kingdom	1	4
shine	kitchen	1	3
shine	knight	1	3
shine	lad	2	3
shine	lady	1	3
shine	lake	0	4
shine	land	2	4
shine	leaf	1	3
shine	leg	2	3
shine	length	4	4
shine	letter	2	3
shine	life	2	4
shine	lion	2	3
shine	look	2	4
shine	love	1	4
shine	magic	0	3
shine	magician	2	3
shine	maid	2	3
shine	maiden	1	3
shine	man	2	3
shine	marriage	3	4
shine	master	2	3
shine	matter	4	4
shine	meat	3	3
shine	merchant	2	3
shine	mermaid	1	3
shine	midst	4	4
shine	mind	3	4
shine	minute	4	4
shine	moment	3	4
shine	money	1	2
shine	monkey	2	3
shine	moon	0	3
shine	morning	1	4
shine	morrow	2	4
shine	mother	2	3
shine	mountain	1	4
shine	mouse	2	3
shine	mouth	2	3
shine	name	2	4
shine	neck	2	3
shine	needle	1	1
shine	nest	2	3
shine	night	2	4
shine	noise	4	4
shine	number	4	4
shine	one	2	4
shine	opinion	4	4
shine	order	4	4
shine	other	2	4
shine	pain	4	4
shine	pair	3	3
shine	palace	0	2
shine	part	3	4
shine	paw	2	3
shine	peace	3	4
shine	peasant	2	3
shine	people	2	4
shine	piece	2	2
shine	pig	2	3
shine	place	2	4
shine	pleasure	2	4
shine	plenty	4	4
shine	poet	2	3
shine	power	2	4
shine	prince	1	3
shine	princess	1	3
shine	queen	1	3
shine	rabbit	2	3
shine	rest	4	4
shine	right	4	4
shine	river	0	4
shine	road	2	4
shine	rock	1	2
shine	room	1	3
shine	rose	1	3
shine	sack	3	2
shine	sand	1	3
shine	sea	0	4
shine	search	4	4
shine	sense	4	4
shine	serpent	1	3
shine	servant	2	3
shine	sheep	2	3
shine	ship	1	2
shine	shore	2	4
shine	shoulder	2	3
shine	side	3	4
shine	sight	2	4
shine	sister	2	3
shine	slave	2	3
shine	snow	0	4
shine	soldier	2	3
shine	son	2	3
shine	song	3	4
shine	sorrow	3	4
shine	spot	2	4
shine	spring	1	3
shine	star	0	3
shine	step	2	2
shine	stone	0	1
shine	story	3	4
shine	stranger	2	3
shine	stream	0	4
shine	street	2	3
shine	strength	3	4
shine	subject	3	4
shine	sun	0	3
shine	tale	3	4
shine	tear	0	4
shine	thing	1	2
shine	thistle	2	3
shine	thought	3	4
shine	throne	0	1
shine	time	3	4
shine	tongue	2	3
shine	tooth	1	2
shine	top	2	3
shine	town	1	4
shine	tree	1	3
shine	trouble	4	4
shine	truth	1	4
shine	use	4	4
shine	village	2	4
shine	vizir	2	3
shine	voice	3	4
shine	wall	1	2
shine	want	4	4
shine	war	4	4
shine	water	0	4
shine	way	2	4
shine	week	4	4
shine	well	2	3
shine	while	4	4
shine	wife	2	3
shine	wind	3	4
shine	wine	1	3
shine	witch	2	3
shine	wolf	2	3
shine	woman	2	3
shine	wood	2	3
shine	word	3	4
shine	work	3	4
shine	world	1	4
shine	year	3	4
shine	youth	1	4
show	air	3	2
show	angel	0	0
show	animal	0	0
show	apple	2	0
show	arm	1	0
show	arrow	1	0
show	baby	0	0
show	back	1	0
show	bag	2	0
show	bank	2	1
show	basket	2	0
show	battle	1	1
show	bear	0	0
show	beard	2	0
show	beast	0	0
show	beauty	0	0
show	bed	3	0
show	bee	0	0
show	being	0	0
show	bell	2	0
show	bird	0	0
show	blood	2	0
show	boat	3	0
show	body	2	0
show	boot	3	0
show	box	2	0
show	branch	2	0
show	bread	3	0
show	bridge	3	0
show	business	3	1
show	care	3	0
show	carriage	3	0
show	case	3	1
show	castle	3	0
show	cat	0	0
show	cave	3	0
show	chance	3	2
show	cheese	3	0
show	chin	2	0
show	church	3	0
show	city	3	0
show	clothes	2	0
show	cloud	2	1
show	coat	3	0
show	corner	3	1
show	cottage	3	0
show	country	3	0
show	course	3	1
show	creature	0	0
show	crow	0	0
show	cry	3	2
show	danger	3	1
show	day	2	2
show	death	1	1
show	deed	1	1
show	delight	3	0
show	dinner	3	1
show	dish	3	0
show	dog	0	0
show	door	3	0
show	dragon	0	0
show	dream	0	1
show	dress	2	0
show	duck	0	0
show	dust	1	1
show	eagle	0	0
show	ear	3	0
show	earth	2	1
show	egg	2	0
show	elephant	0	0
show	end	3	2
show	evening	3	3
show	fairy	0	0
show	fear	3	0
show	feast	3	1
show	feather	2	0
show	field	3	0
show	fire	1	0
show	fish	0	0
show	flame	2	0
show	floor	3	0
show	flower	2	0
show	food	3	0
show	foot	2	0
show	forehead	2	0
show	forest	3	0
show	form	3	0
show	fox	0	0
show	front	4	2
show	garden	3	0
show	gate	3	0
show	giant	0	0
show	gift	3	0
show	glass	0	0
show	gold	3	0
show	grass	3	0
show	grave	3	0
show	ground	2	1
show	gun	3	0
show	hair	2	0
show	hall	3	0
show	hare	0	0
show	head	2	0
show	heap	3	1
show	heart	2	0
show	help	3	2
show	hill	3	0
show	hole	3	0
show	home	3	0
show	honey	3	0
show	horn	3	0
show	horse	0	0
show	hour	3	3
show	house	3	0
show	hut	3	0
show	instant	4	3
show	iron	3	0
show	island	3	0
show	journey	3	1
show	joy	3	0
show	kind	4	2
show	kingdom	3	0
show	kitchen	3	0
show	knife	3	0
show	lake	1	0
show	land	3	0
show	leaf	3	0
show	leg	2	0
show	length	4	2
show	life	2	1
show	light	2	0
show	lion	0	0
show	look	1	2
show	love	3	0
show	magic	1	0
show	marriage	3	2
show	matter	3	2
show	meat	3	0
show	mermaid	0	0
show	midst	4	4
show	mind	2	1
show	minute	4	3
show	moment	4	3
show	money	3	0
show	monkey	0	0
show	moon	1	0
show	morning	3	3
show	morrow	3	3
show	mountain	3	0
show	mouse	0	0
show	mouth	2	0
show	name	3	1
show	neck	2	0
show	needle	2	0
show	nest	3	0
show	night	3	3
show	noise	3	2
show	number	3	1
show	opinion	3	1
show	order	3	2
show	pain	3	0
show	pair	3	1
show	palace	3	0
show	part	3	1
show	paw	2	0
show	peace	3	2
show	piece	3	0
show	pig	0	0
show	place	3	0
show	pleasure	3	0
show	plenty	4	2
show	power	3	0
show	rabbit	0	0
show	rest	4	2
show	right	4	2
show	ring	1	0
show	river	3	0
show	road	2	0
show	rock	3	0
show	room	3	0
show	rose	2	0
show	sack	3	0
show	sand	2	0
show	sea	3	0
show	search	4	3
show	sense	3	1
show	serpent	0	0
show	sheep	0	0
show	ship	3	0
show	shoe	3	0
show	shore	3	0
show	shoulder	2	0
show	side	3	1
show	sight	3	1
show	silver	3	0
show	snow	1	1
show	song	3	1
show	sorrow	3	0
show	spot	3	0
show	spring	3	0
show	star	1	0
show	step	3	1
show	stone	2	0
show	stream	3	0
show	street	3	0
show	strength	3	0
show	subject	3	2
show	sun	2	0
show	sword	3	0
show	table	3	0
show	tear	3	1
show	thing	2	0
show	thistle	3	0
show	thought	3	1
show	throne	3	0
show	tongue	2	0
show	tooth	2	0
show	top	4	1
show	town	3	0
show	tree	2	0
show	trouble	3	1
show	truth	2	0
show	use	4	2
show	village	3	0
show	voice	2	1
show	wall	3	0
show	want	4	2
show	war	3	1
show	water	1	0
show	way	4	0
show	week	4	3
show	well	1	0
show	while	4	4
show	wind	2	1
show	window	3	0
show	wine	3	0
show	witch	0	0
show	wolf	0	0
show	wood	3	0
show	word	3	1
show	world	3	0
show	year	4	3
sing	air	2	4
sing	angel	0	3
sing	animal	0	4
sing	apple	3	4
sing	arm	3	4
sing	arrow	2	4
sing	baby	0	2
sing	back	4	4
sing	bag	2	4
sing	bank	3	4
sing	basket	3	4
sing	battle	4	2
sing	bear	0	4
sing	beard	3	4
sing	beast	0	4
sing	beauty	0	2
sing	bed	3	4
sing	bee	1	4
sing	being	0	4
sing	bell	1	4
sing	bird	0	3
sing	blood	2	4
sing	boat	3	4
sing	body	3	4
sing	book	3	4
sing	boot	3	4
sing	box	3	4
sing	boy	0	4
sing	branch	2	4
sing	bread	3	4
sing	bride	0	3
sing	bridegroom	0	3
sing	bridge	3	4
sing	brother	0	4
sing	business	4	4
sing	captain	0	4
sing	care	4	3
sing	carriage	3	4
sing	case	4	4
sing	castle	3	4
sing	cat	0	4
sing	cave	3	4
sing	chance	4	4
sing	cheese	3	4
sing	child	0	2
sing	chin	4	4
sing	church	2	4
sing	city	2	4
sing	clothes	3	4
sing	cloud	2	4
sing	coat	3	4
sing	company	0	4
sing	corner	4	4
sing	cottage	3	4
sing	country	2	3
sing	course	4	4
sing	court	1	4
sing	creature	0	4
sing	crow	0	4
sing	cry	4	2
sing	danger	4	3
sing	daughter	0	4
sing	day	4	3
sing	death	1	2
sing	deed	4	1
sing	delight	4	3
sing	dinner	4	4
sing	dish	2	4
sing	dog	0	4
sing	door	3	4
sing	dragon	0	4
sing	dream	3	3
sing	dress	3	4
sing	duck	0	4
sing	dust	3	4
sing	eagle	0	4
sing	ear	3	4
sing	earth	2	3
sing	egg	3	4
sing	elephant	0	4
sing	emperor	0	3
sing	end	4	4
sing	evening	4	3
sing	eye	3	4
sing	face	3	4
sing	fairy	0	4
sing	family	0	4
sing	farmer	0	4
sing	father	0	4
sing	fear	4	3
sing	feast	4	4
sing	feather	3	4
sing	fellow	0	4
sing	field	3	4
sing	fire	2	4
sing	fish	1	4
sing	flame	2	4
sing	floor	3	4
sing	flower	2	4
sing	folk	0	4
sing	food	3	4
sing	foot	4	4
sing	forehead	4	4
sing	forest	2	4
sing	form	3	4
sing	fox	0	4
sing	friend	0	4
sing	front	4	4
sing	garden	3	4
sing	gate	3	4
sing	gentleman	0	4
sing	giant	0	4
sing	gift	3	4
sing	girl	0	4
sing	glass	2	4
sing	gold	3	4
sing	grandfather	0	4
sing	grass	2	4
sing	grave	3	4
sing	ground	3	4
sing	guest	0	4
sing	gun	3	4
sing	hair	3	4
sing	hall	2	4
sing	hand	3	4
sing	hare	0	4
sing	head	2	4
sing	heap	3	4
sing	heart	1	2
sing	help	4	4
sing	hero	0	2
sing	hill	3	4
sing	hole	3	4
sing	home	3	3
sing	honey	3	4
sing	horn	2	4
sing	horse	0	4
sing	hour	4	4
sing	house	2	4
sing	husband	0	4
sing	hut	3	4
sing	instant	4	4
sing	iron	3	4
sing	island	3	4
sing	journey	4	3
sing	joy	3	2
sing	kind	4	4
sing	king	0	3
sing	kingdom	2	3
sing	kitchen	3	4
sing	knife	3	4
sing	knight	0	3
sing	lad	0	4
sing	lady	0	3
sing	lake	3	4
sing	land	2	3
sing	leaf	2	4
sing	leg	4	4
sing	length	4	4
sing	letter	3	3
sing	life	3	2
sing	light	3	4
sing	lion	0	4
sing	look	4	4
sing	love	3	2
sing	magic	3	2
sing	magician	0	4
sing	maid	0	4
sing	maiden	0	3
sing	man	0	4
sing	marriage	4	3
sing	master	0	4
sing	matter	4	4
sing	meat	3	4
sing	merchant	0	4
sing	mermaid	0	4
sing	midst	4	4
sing	mind	4	4
sing	minute	4	4
sing	moment	4	4
sing	money	3	4
sing	monkey	0	4
sing	moon	2	3
sing	morning	3	3
sing	morrow	4	4
sing	mother	0	4
sing	mountain	3	4
sing	mouse	0	4
sing	mouth	1	4
sing	name	4	2
sing	neck	3	4
sing	needle	3	4
sing	nest	2	4
sing	night	3	3
sing	noise	4	4
sing	number	3	1
sing	one	1	1
sing	opinion	4	4
sing	order	4	4
sing	other	1	2
sing	pain	4	3
sing	pair	2	4
sing	palace	3	4
sing	part	4	1
sing	paw	4	4
sing	peace	4	3
sing	peasant	0	4
sing	people	0	4
sing	piece	4	1
sing	pig	0	4
sing	place	4	4
sing	pleasure	4	3
sing	plenty	4	4
sing	poet	0	4
sing	power	4	3
sing	prince	0	3
sing	princess	0	3
sing	queen	0	3
sing	rabbit	0	4
sing	rest	4	4
sing	right	4	4
sing	ring	2	4
sing	river	1	4
sing	road	3	4
sing	rock	3	4
sing	room	3	4
sing	rose	2	3
sing	sack	2	4
sing	sand	3	4
sing	sea	2	3
sing	search	4	4
sing	sense	4	4
sing	serpent	0	4
sing	servant	0	4
sing	sheep	0	4
sing	ship	3	4
sing	shoe	3	4
sing	shore	3	4
sing	shoulder	4	4
sing	side	4	4
sing	sight	4	4
sing	silver	3	4
sing	sister	0	4
sing	slave	0	4
sing	snow	3	4
sing	soldier	0	4
sing	son	0	4
sing	song	4	0
sing	sorrow	3	2
sing	spot	4	4
sing	spring	2	2
sing	star	1	3
sing	step	4	4
sing	stone	3	4
sing	story	4	1
sing	stranger	0	4
sing	stream	1	4
sing	street	3	4
sing	strength	4	3
sing	subject	1	4
sing	sun	2	3
sing	sword	2	4
sing	table	3	4
sing	tale	4	1
sing	tear	3	4
sing	thing	2	1
sing	thistle	2	4
sing	thought	4	3
sing	throne	3	4
sing	time	4	4
sing	tongue	2	4
sing	tooth	3	4
sing	top	4	4
sing	town	2	4
sing	tree	1	4
sing	trouble	4	3
sing	truth	4	2
sing	use	4	4
sing	village	2	4
sing	vizir	0	4
sing	voice	1	4
sing	wall	3	4
sing	want	4	4
sing	war	4	2
sing	water	2	4
sing	way	4	4
sing	week	4	4
sing	well	3	4
sing	while	4	4
sing	wife	0	4
sing	wind	1	4
sing	window	3	4
sing	wine	3	4
sing	witch	0	4
sing	wolf	0	4
sing	woman	0	4
sing	wood	2	4
sing	word	3	1
sing	work	4	3
sing	world	2	3
sing	year	4	4
sing	youth	0	3
sit	air	3	4
sit	angel	0	2
sit	animal	0	2
sit	apple	1	3
sit	arm	3	4
sit	arrow	2	4
sit	back	3	4
sit	bag	1	3
sit	bank	2	4
sit	basket	1	3
sit	battle	4	4
sit	bear	0	2
sit	beard	3	4
sit	beast	0	2
sit	beauty	0	3
sit	bed	1	4
sit	bee	0	3
sit	being	0	2
sit	bell	2	4
sit	bird	0	3
sit	blood	3	4
sit	boat	1	3
sit	body	2	3
sit	book	1	3
sit	boot	1	3
sit	box	1	3
sit	branch	3	4
sit	bread	1	3
sit	bride	0	2
sit	bridegroom	0	2
sit	bridge	2	4
sit	brother	0	2
sit	business	4	4
sit	captain	0	2
sit	care	3	4
sit	carriage	1	4
sit	case	2	4
sit	castle	1	4
sit	cat	0	2
sit	cave	2	4
sit	chance	4	4
sit	cheese	1	3
sit	chin	3	4
sit	church	1	4
sit	city	1	4
sit	clothes	2	4
sit	cloud	1	4
sit	coat	2	4
sit	company	1	3
sit	corner	4	4
sit	cottage	1	4
sit	country	3	4
sit	course	4	4
sit	court	1	4
sit	creature	0	2
sit	crow	0	3
sit	cry	4	4
sit	danger	3	4
sit	day	4	4
sit	death	2	4
sit	deed	4	4
sit	delight	4	4
sit	dinner	3	4
sit	dish	1	3
sit	dog	0	2
sit	door	3	4
sit	dragon	0	2
sit	dream	4	4
sit	dress	3	4
sit	duck	0	3
sit	dust	2	4
sit	eagle	0	3
sit	ear	3	4
sit	earth	3	4
sit	egg	1	3
sit	elephant	0	2
sit	emperor	0	2
sit	end	4	4
sit	evening	4	4
sit	eye	3	4
sit	face	3	4
sit	fairy	0	2
sit	family	0	3
sit	farmer	0	2
sit	father	0	2
sit	fear	3	4
sit	feast	4	4
sit	feather	2	4
sit	fellow	0	2
sit	field	3	4
sit	fire	3	4
sit	fish	2	3
sit	flame	3	4
sit	floor	4	4
sit	flower	2	4
sit	folk	0	3
sit	food	2	4
sit	foot	3	4
sit	forehead	4	4
sit	forest	3	4
sit	form	2	4
sit	fox	0	2
sit	friend	0	2
sit	front	4	4
sit	garden	3	4
sit	gate	3	4
sit	gentleman	0	2
sit	giant	0	2
sit	gift	1	3
sit	glass	1	3
sit	gold	1	3
sit	grandfather	0	2
sit	grass	4	4
sit	grave	3	4
sit	ground	4	4
sit	guest	0	2
sit	gun	2	4
sit	hair	3	4
sit	hall	3	4
sit	hand	3	4
sit	hare	0	2
sit	head	2	4
sit	heap	1	4
sit	heart	3	4
sit	help	4	4
sit	hero	0	2
sit	hill	2	4
sit	hole	4	4
sit	home	4	4
sit	honey	2	4
sit	horn	2	4
sit	horse	1	1
sit	hour	4	4
sit	house	1	4
sit	husband	0	2
sit	hut	1	4
sit	instant	4	4
sit	iron	2	4
sit	island	2	4
sit	journey	4	4
sit	joy	4	4
sit	kind	4	4
sit	king	0	2
sit	kingdom	2	4
sit	kitchen	3	4
sit	knife	2	4
sit	knight	0	2
sit	lad	0	2
sit	lady	0	2
sit	lake	2	4
sit	land	3	4
sit	leaf	2	4
sit	leg	3	4
sit	length	4	4
sit	letter	1	3
sit	life	4	4
sit	light	3	4
sit	lion	0	2
sit	look	4	4
sit	love	3	4
sit	magic	3	4
sit	magician	0	2
sit	maid	0	2
sit	maiden	0	2
sit	man	0	2
sit	marriage	4	4
sit	master	0	2
sit	matter	4	4
sit	meat	2	4
sit	merchant	0	2
sit	mermaid	0	2
sit	midst	4	4
sit	mind	4	4
sit	minute	4	4
sit	moment	4	4
sit	money	2	4
sit	monkey	0	2
sit	moon	2	4
sit	morning	4	4
sit	morrow	4	4
sit	mother	0	2
sit	mountain	2	4
sit	mouse	0	3
sit	mouth	4	4
sit	name	4	4
sit	neck	4	4
sit	needle	2	4
sit	nest	1	4
sit	night	4	4
sit	noise	4	4
sit	number	4	4
sit	one	0	2
sit	opinion	4	4
sit	order	4	4
sit	other	0	2
sit	pain	3	4
sit	pair	0	3
sit	palace	1	4
sit	part	4	4
sit	paw	3	4
sit	peace	4	4
sit	peasant	0	2
sit	people	0	2
sit	piece	2	4
sit	pig	0	2
sit	place	4	4
sit	pleasure	4	4
sit	plenty	4	4
sit	poet	0	2
sit	power	4	4
sit	prince	0	2
sit	princess	0	2
sit	queen	0	2
sit	rabbit	0	2
sit	rest	4	4
sit	right	4	4
sit	ring	1	4
sit	river	3	4
sit	road	4	4
sit	rock	1	4
sit	room	4	4
sit	rose	2	4
sit	sack	1	3
sit	sand	3	4
sit	sea	4	4
sit	search	4	4
sit	sense	4	4
sit	serpent	1	3
sit	servant	0	2
sit	sheep	0	2
sit	ship	1	4
sit	shoe	1	3
sit	shore	4	4
sit	shoulder	3	4
sit	side	4	4
sit	sight	4	4
sit	silver	2	4
sit	sister	0	2
sit	slave	0	2
sit	snow	2	4
sit	soldier	0	2
sit	song	4	4
sit	sorrow	3	4
sit	spot	4	4
sit	spring	3	4
sit	star	2	4
sit	step	4	4
sit	stone	1	4
sit	story	4	4
sit	stranger	0	2
sit	stream	4	4
sit	street	4	4
sit	strength	4	4
sit	subject	1	3
sit	sun	2	4
sit	sword	2	4
sit	table	3	4
sit	tale	4	4
sit	tear	3	4
sit	thing	1	3
sit	thistle	2	4
sit	thought	4	4
sit	throne	1	4
sit	time	4	4
sit	tongue	4	4
sit	tooth	3	4
sit	top	4	4
sit	town	1	4
sit	tree	2	4
sit	trouble	3	4
sit	truth	4	4
sit	use	4	4
sit	village	1	4
sit	vizir	0	2
sit	voice	4	4
sit	wall	3	4
sit	want	4	4
sit	war	4	4
sit	water	3	4
sit	way	4	4
sit	week	4	4
sit	well	2	4
sit	while	4	4
sit	wife	0	2
sit	wind	3	4
sit	window	4	4
sit	wine	2	4
sit	witch	0	2
sit	wolf	0	2
sit	woman	0	2
sit	wood	3	4
sit	word	4	4
sit	work	3	4
sit	world	4	4
sit	year	4	4
sit	youth	0	2
sleep	air	3	4
sleep	angel	0	4
sleep	animal	0	4
sleep	apple	3	4
sleep	arm	1	4
sleep	arrow	3	4
sleep	baby	0	4
sleep	back	3	4
sleep	bag	3	4
sleep	bank	3	4
sleep	basket	3	4
sleep	battle	3	4
sleep	bear	0	4
sleep	beard	3	4
sleep	beast	0	4
sleep	beauty	0	4
sleep	bed	3	4
sleep	bee	0	4
sleep	being	0	4
sleep	bell	2	4
sleep	bird	0	4
sleep	blood	2	4
sleep	boat	2	4
sleep	body	1	4
sleep	book	3	4
sleep	boot	3	4
sleep	box	3	4
sleep	boy	0	4
sleep	branch	2	4
sleep	bread	3	4
sleep	bride	0	4
sleep	bridegroom	0	4
sleep	bridge	3	4
sleep	brother	0	4
sleep	business	4	4
sleep	captain	0	4
sleep	care	3	4
sleep	carriage	3	4
sleep	case	4	4
sleep	castle	1	4
sleep	cat	0	4
sleep	cave	2	4
sleep	chance	4	4
sleep	cheese	3	4
sleep	child	0	4
sleep	chin	3	4
sleep	church	2	4
sleep	city	1	4
sleep	clothes	3	4
sleep	cloud	2	4
sleep	coat	3	4
sleep	company	1	4
sleep	corner	3	4
sleep	cottage	2	4
sleep	country	1	4
sleep	course	4	4
sleep	court	1	4
sleep	creature	0	4
sleep	crow	0	4
sleep	cry	4	4
sleep	danger	3	4
sleep	daughter	0	4
sleep	day	3	3
sleep	death	2	4
sleep	deed	4	4
sleep	delight	4	4
sleep	dinner	3	4
sleep	dish	3	4
sleep	dog	0	4
sleep	door	3	4
sleep	dragon	0	4
sleep	dream	3	4
sleep	dress	3	4
sleep	duck	0	4
sleep	dust	3	4
sleep	eagle	0	4
sleep	ear	3	4
sleep	earth	1	4
sleep	egg	2	4
sleep	elephant	0	4
sleep	emperor	0	4
sleep	end	4	4
sleep	evening	3	4
sleep	eye	2	4
sleep	face	3	4
sleep	fairy	0	4
sleep	family	0	4
sleep	farmer	0	4
sleep	father	0	4
sleep	fear	3	4
sleep	feast	3	4
sleep	feather	3	4
sleep	fellow	0	4
sleep	field	2	4
sleep	fire	2	4
sleep	fish	0	4
sleep	flame	2	4
sleep	floor	3	4
sleep	flower	1	4
sleep	folk	0	4
sleep	food	3	4
sleep	foot	1	4
sleep	forehead	3	4
sleep	forest	1	4
sleep	form	3	4
sleep	fox	0	4
sleep	friend	0	4
sleep	front	4	4
sleep	garden	1	4
sleep	gate	3	4
sleep	gentleman	0	4
sleep	giant	0	4
sleep	gift	3	4
sleep	girl	0	4
sleep	glass	3	4
sleep	gold	3	4
sleep	grandfather	0	4
sleep	grass	2	4
sleep	grave	3	4
sleep	ground	2	4
sleep	guest	0	4
sleep	gun	3	4
sleep	hair	3	4
sleep	hall	2	4
sleep	hand	1	4
sleep	hare	0	4
sleep	head	2	4
sleep	heap	3	4
sleep	heart	2	4
sleep	help	4	4
sleep	hero	0	4
sleep	hill	2	4
sleep	hole	3	4
sleep	home	2	4
sleep	honey	3	4
sleep	horn	3	4
sleep	horse	0	4
sleep	hour	3	4
sleep	house	2	4
sleep	husband	0	4
sleep	hut	2	4
sleep	instant	4	4
sleep	iron	3	4
sleep	island	2	4
sleep	journey	4	4
sleep	joy	3	4
sleep	kind	4	4
sleep	king	0	4
sleep	kingdom	1	4
sleep	kitchen	2	4
sleep	knife	3	4
sleep	knight	0	4
sleep	lad	0	4
sleep	lady	0	4
sleep	lake	2	4
sleep	land	1	4
sleep	leaf	2	4
sleep	leg	1	4
sleep	length	4	4
sleep	letter	3	4
sleep	life	3	4
sleep	light	3	4
sleep	lion	0	4
sleep	look	4	4
sleep	love	3	4
sleep	magic	2	4
sleep	magician	0	4
sleep	maid	0	4
sleep	maiden	0	4
sleep	man	0	4
sleep	marriage	4	4
sleep	master	0	4
sleep	matter	4	4
sleep	meat	3	4
sleep	merchant	0	4
sleep	mermaid	0	4
sleep	midst	4	4
sleep	mind	2	4
sleep	minute	4	4
sleep	moment	4	4
sleep	money	3	4
sleep	monkey	0	4
sleep	moon	1	4
sleep	morning	3	4
sleep	morrow	4	4
sleep	mother	0	4
sleep	mountain	1	4
sleep	mouse	0	4
sleep	mouth	3	4
sleep	name	4	4
sleep	neck	3	4
sleep	needle	3	4
sleep	nest	2	4
sleep	night	2	3
sleep	noise	3	4
sleep	number	4	4
sleep	one	0	4
sleep	opinion	4	4
sleep	order	4	4
sleep	other	0	4
sleep	pain	3	4
sleep	pair	1	4
sleep	palace	1	4
sleep	part	4	4
sleep	paw	2	4
sleep	peace	3	4
sleep	peasant	0	4
sleep	people	0	4
sleep	piece	3	4
sleep	pig	0	4
sleep	place	2	4
sleep	pleasure	4	4
sleep	plenty	4	4
sleep	poet	0	4
sleep	power	3	4
sleep	prince	0	4
sleep	princess	0	4
sleep	queen	0	4
sleep	rabbit	0	4
sleep	rest	3	4
sleep	right	4	4
sleep	ring	3	4
sleep	river	1	4
sleep	road	3	4
sleep	rock	2	4
sleep	room	2	4
sleep	rose	1	4
sleep	sack	3	4
sleep	sand	3	4
sleep	sea	1	4
sleep	search	4	4
sleep	sense	4	4
sleep	serpent	0	4
sleep	servant	0	4
sleep	sheep	0	4
sleep	ship	2	4
sleep	shoe	3	4
sleep	shore	3	4
sleep	shoulder	3	4
sleep	side	4	4
sleep	sight	4	4
sleep	silver	3	4
sleep	sister	0	4
sleep	slave	0	4
sleep	snow	2	4
sleep	soldier	0	4
sleep	son	0	4
sleep	song	3	4
sleep	sorrow	3	4
sleep	spot	4	4
sleep	spring	2	4
sleep	star	1	4
sleep	step	4	4
sleep	stone	2	4
sleep	story	3	4
sleep	stranger	0	4
sleep	stream	2	4
sleep	street	2	4
sleep	strength	4	4
sleep	subject	0	4
sleep	sun	1	4
sleep	sword	2	4
sleep	table	3	4
sleep	tale	3	4
sleep	tear	3	4
sleep	thing	2	4
sleep	thistle	2	4
sleep	thought	3	4
sleep	throne	3	4
sleep	time	3	4
sleep	tongue	3	4
sleep	tooth	3	4
sleep	top	3	4
sleep	town	1	4
sleep	tree	1	4
sleep	trouble	3	4
sleep	truth	3	4
sleep	use	4	4
sleep	village	1	4
sleep	vizir	0	4
sleep	voice	3	4
sleep	wall	3	4
sleep	want	4	4
sleep	war	3	4
sleep	water	2	4
sleep	way	4	4
sleep	week	4	4
sleep	well	2	4
sleep	while	4	4
sleep	wife	0	4
sleep	wind	1	4
sleep	window	3	4
sleep	wine	3	4
sleep	witch	0	4
sleep	wolf	0	4
sleep	woman	0	4
sleep	wood	1	4
sleep	word	3	4
sleep	work	4	4
sleep	world	1	4
sleep	year	4	4
sleep	youth	0	4
speak	air	2	4
speak	angel	0	4
speak	animal	0	4
speak	apple	1	4
speak	arm	3	4
speak	arrow	2	4
speak	baby	1	4
speak	back	4	4
speak	bag	2	4
speak	bank	2	4
speak	basket	2	4
speak	battle	4	4
speak	bear	0	4
speak	beard	2	4
speak	beast	0	4
speak	beauty	1	4
speak	bed	1	4
speak	bee	0	4
speak	being	0	4
speak	bell	1	4
speak	bird	0	4
speak	blood	1	4
speak	boat	1	4
speak	body	2	4
speak	book	1	4
speak	boot	1	4
speak	box	1	4
speak	boy	0	4
speak	branch	1	4
speak	bread	1	4
speak	bride	0	4
speak	bridegroom	0	4
speak	bridge	1	4
speak	brother	0	4
speak	business	3	3
speak	captain	0	4
speak	care	4	3
speak	carriage	1	4
speak	case	3	3
speak	castle	2	4
speak	cat	0	4
speak	cave	1	4
speak	chance	4	4
speak	cheese	1	4
speak	child	0	4
speak	chin	3	4
speak	church	2	4
speak	city	2	4
speak	clothes	2	4
speak	cloud	1	4
speak	coat	1	4
speak	company	1	4
speak	corner	3	4
speak	cottage	2	4
speak	country	2	4
speak	course	4	4
speak	court	1	4
speak	creature	0	4
speak	crow	0	4
speak	cry	3	3
speak	danger	3	3
speak	daughter	0	4
speak	day	3	4
speak	death	1	4
speak	deed	3	3
speak	delight	3	2
speak	dinner	2	4
speak	dish	1	4
speak	dog	0	4
speak	door	1	4
speak	dragon	0	4
speak	dream	1	3
speak	dress	1	4
speak	duck	0	4
speak	dust	2	4
speak	eagle	0	4
speak	ear	3	4
speak	earth	1	4
speak	egg	1	4
speak	elephant	0	4
speak	emperor	0	4
speak	end	4	4
speak	evening	3	4
speak	eye	3	4
speak	face	2	4
speak	fairy	0	4
speak	family	0	4
speak	farmer	0	4
speak	father	0	4
speak	fear	3	2
speak	feast	3	4
speak	feather	2	4
speak	fellow	0	4
speak	field	2	4
speak	fire	1	4
speak	fish	0	4
speak	flame	1	4
speak	floor	2	4
speak	flower	1	4
speak	folk	0	4
speak	food	2	4
speak	foot	3	4
speak	forehead	3	4
speak	forest	1	4
speak	form	2	4
speak	fox	0	4
speak	friend	0	4
speak	front	4	4
speak	garden	2	4
speak	gate	1	4
speak	gentleman	0	4
speak	giant	0	4
speak	gift	2	4
speak	girl	0	4
speak	glass	1	4
speak	gold	2	4
speak	grandfather	0	4
speak	grass	1	4
speak	grave	1	4
speak	ground	2	4
speak	guest	0	4
speak	gun	2	4
speak	hair	2	4
speak	hall	2	4
speak	hand	3	4
speak	hare	0	4
speak	head	1	4
speak	heap	3	4
speak	heart	1	2
speak	help	4	3
speak	hero	0	4
speak	hill	1	4
speak	hole	2	4
speak	home	3	4
speak	honey	2	4
speak	horn	1	4
speak	horse	0	4
speak	hour	3	4
speak	house	2	4
speak	husband	0	4
speak	hut	2	4
speak	instant	4	4
speak	iron	2	4
speak	island	2	4
speak	journey	4	4
speak	joy	3	2
speak	kind	4	2
speak	king	0	4
speak	kingdom	2	4
speak	kitchen	3	4
speak	knife	1	4
speak	knight	0	4
speak	lad	0	4
speak	lady	0	4
speak	lake	1	4
speak	land	2	4
speak	leaf	1	4
speak	leg	3	4
speak	length	4	4
speak	letter	1	2
speak	life	3	3
speak	light	2	4
speak	lion	0	4
speak	look	4	4
speak	love	3	2
speak	magic	2	1
speak	magician	0	4
speak	maid	0	4
speak	maiden	0	4
speak	man	0	4
speak	marriage	4	4
speak	master	0	4
speak	matter	4	2
speak	meat	2	4
speak	merchant	0	4
speak	mermaid	0	4
speak	midst	4	4
speak	mind	2	0
speak	minute	4	4
speak	moment	4	4
speak	money	2	4
speak	monkey	0	4
speak	moon	1	4
speak	morning	3	4
speak	morrow	4	4
speak	mother	0	4
speak	mountain	1	4
speak	mouse	0	4
speak	mouth	1	4
speak	name	3	0
speak	neck	3	4
speak	needle	1	4
speak	nest	2	4
speak	night	2	4
speak	noise	3	4
speak	number	3	3
speak	one	0	4
speak	opinion	4	1
speak	order	3	2
speak	other	0	4
speak	pain	3	3
speak	pair	1	4
speak	palace	2	4
speak	part	3	3
speak	paw	3	4
speak	peace	3	1
speak	peasant	0	4
speak	people	0	4
speak	piece	3	3
speak	pig	0	4
speak	place	3	4
speak	pleasure	4	3
speak	plenty	4	3
speak	poet	0	4
speak	power	2	4
speak	prince	0	4
speak	princess	0	4
speak	queen	0	4
speak	rabbit	0	4
speak	rest	4	4
speak	right	4	3
speak	ring	1	4
speak	river	1	4
speak	road	2	4
speak	rock	1	4
speak	room	3	4
speak	rose	1	4
speak	sack	2	4
speak	sand	2	4
speak	sea	1	4
speak	search	4	4
speak	sense	3	0
speak	serpent	0	4
speak	servant	0	4
speak	sheep	0	4
speak	ship	1	4
speak	shoe	1	4
speak	shore	2	4
speak	shoulder	3	4
speak	side	4	4
speak	sight	4	4
speak	silver	2	4
speak	sister	0	4
speak	slave	0	4
speak	snow	2	4
speak	soldier	0	4
speak	son	0	4
speak	song	3	2
speak	sorrow	3	2
speak	spot	3	4
speak	spring	1	4
speak	star	1	4
speak	step	3	4
speak	stone	1	4
speak	story	3	1
speak	stranger	0	4
speak	stream	1	4
speak	street	3	4
speak	strength	4	4
speak	subject	1	3
speak	sun	1	4
speak	sword	1	4
speak	table	1	4
speak	tale	3	1
speak	tear	3	4
speak	thing	2	2
speak	thistle	1	4
speak	thought	3	1
speak	throne	2	4
speak	time	3	4
speak	tongue	1	4
speak	tooth	2	4
speak	top	4	4
speak	town	2	4
speak	tree	1	4
speak	trouble	4	3
speak	truth	2	0
speak	use	4	4
speak	village	2	4
speak	vizir	0	4
speak	voice	1	3
speak	wall	1	4
speak	want	4	3
speak	war	4	4
speak	water	1	4
speak	way	4	4
speak	week	4	4
speak	well	1	4
speak	while	4	4
speak	wife	0	4
speak	wind	1	4
speak	window	2	4
speak	wine	2	4
speak	witch	0	4
speak	wolf	0	4
speak	woman	0	4
speak	wood	1	4
speak	word	3	0
speak	work	4	3
speak	world	3	4
speak	year	4	4
speak	youth	0	4
stand	air	2	2
stand	angel	0	2
stand	apple	2	1
stand	arm	2	2
stand	arrow	1	1
stand	back	2	3
stand	bag	1	0
stand	bank	1	3
stand	basket	0	0
stand	battle	3	2
stand	bear	0	1
stand	beard	2	2
stand	beauty	1	1
stand	bee	1	2
stand	being	1	2
stand	bell	0	1
stand	bird	0	2
stand	blood	2	1
stand	boat	1	1
stand	body	1	2
stand	book	1	0
stand	boot	0	0
stand	branch	2	1
stand	bread	2	1
stand	bridge	0	3
stand	business	2	2
stand	care	3	3
stand	carriage	0	2
stand	case	1	1
stand	castle	0	3
stand	cave	1	3
stand	chance	3	0
stand	cheese	2	1
stand	chin	3	3
stand	church	0	3
stand	clothes	2	2
stand	cloud	2	3
stand	coat	2	1
stand	company	1	1
stand	corner	2	3
stand	cottage	0	3
stand	country	1	3
stand	course	2	3
stand	court	1	3
stand	creature	0	2
stand	crow	0	2
stand	cry	3	1
stand	danger	2	1
stand	day	3	3
stand	death	1	2
stand	deed	2	3
stand	delight	3	3
stand	dinner	2	2
stand	dish	1	1
stand	dragon	0	2
stand	dream	3	3
stand	dress	2	1
stand	duck	0	2
stand	dust	3	1
stand	eagle	0	2
stand	ear	2	3
stand	earth	1	3
stand	egg	2	1
stand	end	2	3
stand	evening	3	3
stand	eye	3	3
stand	face	2	2
stand	fairy	0	2
stand	fear	2	2
stand	feast	2	3
stand	feather	2	1
stand	field	1	3
stand	fire	2	1
stand	fish	2	1
stand	flame	2	1
stand	floor	2	3
stand	food	2	1
stand	foot	2	3
stand	forehead	3	3
stand	forest	0	3
stand	form	1	3
stand	fox	0	1
stand	front	3	3
stand	garden	1	3
stand	gate	0	3
stand	giant	0	1
stand	gift	2	2
stand	glass	1	0
stand	gold	1	1
stand	grass	1	2
stand	grave	1	3
stand	ground	3	0
stand	gun	1	1
stand	hair	1	2
stand	hall	0	3
stand	hand	2	3
stand	hare	0	2
stand	head	2	2
stand	heap	1	3
stand	heart	2	2
stand	help	3	3
stand	hill	0	3
stand	hole	3	3
stand	home	1	3
stand	honey	3	2
stand	horn	1	1
stand	hour	3	3
stand	house	0	3
stand	hut	0	3
stand	instant	3	3
stand	iron	1	1
stand	island	1	3
stand	journey	3	2
stand	joy	3	2
stand	kind	3	3
stand	kingdom	0	3
stand	kitchen	1	3
stand	knife	2	1
stand	lake	2	3
stand	land	1	3
stand	leaf	2	2
stand	leg	2	3
stand	length	3	3
stand	letter	2	1
stand	life	2	1
stand	light	1	1
stand	lion	0	1
stand	look	3	1
stand	love	1	3
stand	magic	2	3
stand	marriage	2	3
stand	matter	2	2
stand	meat	3	2
stand	mermaid	2	2
stand	midst	3	3
stand	mind	3	3
stand	minute	3	3
stand	moment	3	3
stand	money	3	2
stand	moon	1	3
stand	morning	3	3
stand	morrow	3	3
stand	mountain	0	3
stand	mouse	0	2
stand	mouth	3	3
stand	name	2	3
stand	neck	3	3
stand	needle	1	1
stand	nest	1	2
stand	night	3	2
stand	noise	3	0
stand	number	3	3
stand	opinion	1	1
stand	order	1	3
stand	pain	3	0
stand	pair	1	2
stand	palace	0	3
stand	part	2	3
stand	paw	2	3
stand	peace	2	2
stand	pleasure	3	3
stand	plenty	3	3
stand	power	2	3
stand	rabbit	0	2
stand	rest	2	3
stand	right	2	3
stand	ring	2	2
stand	river	2	3
stand	road	2	3
stand	rock	0	2
stand	room	1	3
stand	rose	1	1
stand	sack	1	0
stand	sand	3	2
stand	sea	2	3
stand	search	3	3
stand	sense	3	3
stand	serpent	1	2
stand	sheep	0	2
stand	ship	1	2
stand	shoe	1	0
stand	shore	2	3
stand	shoulder	3	3
stand	side	2	3
stand	sight	3	0
stand	silver	2	2
stand	snow	2	1
stand	song	3	2
stand	sorrow	3	1
stand	spot	2	3
stand	spring	2	2
stand	star	1	3
stand	step	3	3
stand	story	2	2
stand	stream	2	3
stand	street	2	3
stand	strength	3	3
stand	sun	2	2
stand	sword	1	1
stand	tale	2	2
stand	tear	3	2
stand	thistle	1	2
stand	thought	3	1
stand	throne	0	2
stand	time	3	3
stand	tongue	3	3
stand	tooth	2	3
stand	top	2	1
stand	trouble	3	1
stand	truth	1	1
stand	use	3	3
stand	village	0	3
stand	voice	3	1
stand	wall	0	3
stand	want	3	2
stand	war	2	2
stand	water	1	2
stand	way	3	3
stand	week	3	3
stand	well	0	3
stand	while	3	3
stand	wind	2	1
stand	window	1	3
stand	wine	2	2
stand	witch	0	1
stand	wolf	0	1
stand	wood	0	3
stand	word	1	3
stand	work	2	2
stand	world	1	3
stand	year	3	3
start	air	3	3
start	angel	0	3
start	animal	0	2
start	apple	2	3
start	arm	2	3
start	arrow	2	3
start	baby	0	2
start	back	2	3
start	bag	3	3
start	bank	2	1
start	basket	3	3
start	bear	0	1
start	beard	2	3
start	beast	0	1
start	beauty	1	3
start	bed	3	3
start	bee	0	2
start	being	1	3
start	bell	1	2
start	bird	0	1
start	blood	1	3
start	body	2	3
start	boot	3	3
start	box	3	3
start	boy	0	3
start	branch	2	3
start	bread	3	2
start	bride	0	3
start	bridegroom	0	3
start	bridge	3	2
start	brother	0	3
start	captain	0	3
start	care	2	3
start	carriage	1	2
start	castle	3	3
start	cat	0	2
start	cave	3	3
start	chance	3	3
start	cheese	3	3
start	child	0	3
start	chin	2	3
start	church	2	1
start	city	3	2
start	clothes	3	3
start	cloud	1	3
start	coat	3	3
start	corner	4	3
start	cottage	3	3
start	country	2	3
start	court	2	3
start	creature	0	2
start	crow	0	1
start	cry	1	1
start	danger	2	3
start	daughter	0	3
start	death	2	3
start	deed	3	2
start	delight	3	3
start	dish	3	2
start	dog	0	2
start	door	2	3
start	dragon	0	2
start	dream	1	3
start	dress	3	1
start	duck	0	1
start	dust	2	3
start	eagle	0	1
start	ear	2	3
start	earth	1	3
start	egg	2	3
start	elephant	0	2
start	emperor	0	3
start	end	3	3
start	eye	2	3
start	face	2	3
start	fairy	0	3
start	farmer	0	3
start	father	0	3
start	fear	2	3
start	feather	3	3
start	fellow	0	3
start	field	3	3
start	fish	0	2
start	flame	1	1
start	floor	2	3
start	flower	2	3
start	folk	0	3
start	food	3	2
start	foot	2	3
start	forehead	3	3
start	forest	3	2
start	form	3	3
start	fox	0	1
start	friend	0	3
start	front	4	4
start	gate	2	3
start	gentleman	0	3
start	giant	0	2
start	gift	3	3
start	girl	0	3
start	glass	3	3
start	gold	3	3
start	grandfather	0	3
start	grass	2	3
start	grave	3	3
start	ground	2	3
start	guest	0	3
start	gun	3	3
start	hair	2	3
start	hall	3	3
start	hand	2	3
start	hare	0	0
start	head	2	3
start	heap	3	3
start	help	3	3
start	hero	0	3
start	hill	3	3
start	hole	3	2
start	home	3	1
start	honey	3	3
start	horn	1	3
start	horse	0	1
start	hour	3	3
start	house	3	2
start	husband	0	3
start	hut	3	3
start	instant	4	4
start	iron	3	3
start	island	3	3
start	joy	3	3
start	kind	4	4
start	king	0	3
start	kingdom	3	2
start	kitchen	3	3
start	knife	3	3
start	knight	0	3
start	lad	0	3
start	lady	0	3
start	lake	3	3
start	land	3	3
start	leaf	2	3
start	leg	2	3
start	length	4	4
start	light	1	2
start	lion	0	2
start	look	3	3
start	love	2	3
start	magic	1	2
start	magician	0	3
start	maid	0	3
start	maiden	0	3
start	man	0	3
start	master	0	3
start	matter	3	3
start	meat	3	3
start	merchant	0	3
start	mermaid	0	3
start	midst	4	4
start	mind	2	3
start	minute	3	3
start	moment	3	3
start	money	3	3
start	monkey	0	2
start	moon	1	3
start	morrow	3	3
start	mother	0	3
start	mountain	2	3
start	mouse	0	2
start	mouth	2	3
start	name	3	3
start	neck	3	3
start	needle	2	3
start	nest	3	2
start	noise	1	1
start	number	3	3
start	opinion	3	3
start	order	3	3
start	other	1	3
start	pain	1	3
start	pair	1	3
start	palace	3	3
start	paw	3	3
start	peace	3	3
start	peasant	0	3
start	people	0	3
start	pig	0	2
start	place	3	3
start	pleasure	3	3
start	plenty	4	4
start	poet	0	3
start	power	3	3
start	prince	0	3
start	princess	0	3
start	queen	0	3
start	rabbit	0	1
start	rest	3	3
start	right	4	4
start	ring	3	3
start	river	2	3
start	road	1	3
start	rock	3	3
start	room	3	3
start	rose	3	3
start	sack	3	3
start	sand	3	3
start	sea	2	3
start	sense	4	4
start	serpent	0	2
start	servant	0	3
start	sheep	0	2
start	ship	1	2
start	shoe	3	3
start	shore	3	3
start	shoulder	3	3
start	side	3	3
start	sight	3	3
start	silver	3	3
start	sister	0	3
start	slave	0	3
start	snow	1	3
start	soldier	0	3
start	son	0	3
start	sorrow	2	3
start	spot	3	3
start	spring	1	3
start	star	2	3
start	step	3	3
start	stone	3	3
start	stranger	0	3
start	stream	1	3
start	street	2	3
start	strength	3	3
start	subject	1	3
start	sun	1	3
start	sword	3	3
start	table	3	3
start	tear	2	3
start	thistle	3	3
start	thought	2	3
start	throne	3	3
start	time	2	3
start	tongue	2	3
start	tooth	3	3
start	top	3	2
start	tree	2	3
start	truth	3	3
start	use	4	4
start	village	3	2
start	vizir	0	3
start	voice	2	3
start	wall	3	3
start	want	4	4
start	way	3	3
start	well	3	3
start	while	4	4
start	wife	0	3
start	wind	1	3
start	window	3	3
start	wine	3	3
start	witch	0	3
start	wolf	0	1
start	woman	0	3
start	wood	3	3
start	word	3	3
start	world	2	3
start	youth	0	3
stop	air	1	2
stop	angel	0	1
stop	apple	1	1
stop	arm	1	0
stop	back	3	3
stop	bag	2	2
stop	bank	3	3
stop	basket	2	2
stop	beard	2	3
stop	beauty	1	1
stop	bed	2	2
stop	bee	0	1
stop	body	2	2
stop	book	2	2
stop	boot	1	2
stop	box	2	2
stop	branch	1	2
stop	bread	2	2
stop	bridge	2	3
stop	business	2	1
stop	care	3	3
stop	case	3	3
stop	castle	3	3
stop	cave	3	3
stop	chance	3	3
stop	cheese	2	2
stop	chin	3	3
stop	church	3	3
stop	city	2	2
stop	clothes	3	3
stop	cloud	1	1
stop	coat	3	3
stop	corner	3	3
stop	cottage	3	3
stop	country	3	3
stop	course	3	2
stop	danger	2	1
stop	day	2	2
stop	death	1	1
stop	deed	3	1
stop	delight	3	3
stop	dinner	3	2
stop	dish	2	2
stop	dream	1	1
stop	dress	3	3
stop	dust	2	2
stop	eagle	0	1
stop	ear	3	3
stop	earth	2	2
stop	egg	2	2
stop	end	3	3
stop	evening	3	3
stop	eye	2	2
stop	face	3	3
stop	fairy	0	1
stop	fear	1	1
stop	feast	2	1
stop	feather	2	2
stop	field	3	3
stop	fire	1	1
stop	flame	2	1
stop	floor	3	3
stop	flower	3	3
stop	food	3	3
stop	foot	1	1
stop	forehead	3	3
stop	forest	2	3
stop	form	3	3
stop	front	4	4
stop	garden	3	3
stop	gate	1	2
stop	gift	3	3
stop	glass	3	3
stop	gold	2	3
stop	grass	3	3
stop	grave	3	3
stop	ground	2	3
stop	gun	2	2
stop	hair	3	3
stop	hall	3	3
stop	head	2	2
stop	heap	3	3
stop	help	3	2
stop	hill	2	3
stop	hole	3	3
stop	home	4	4
stop	honey	2	2
stop	hour	3	3
stop	house	2	3
stop	hut	2	3
stop	instant	4	4
stop	iron	2	3
stop	island	3	3
stop	journey	2	1
stop	joy	3	3
stop	kind	4	4
stop	kingdom	3	3
stop	kitchen	3	3
stop	knife	2	1
stop	lake	3	3
stop	land	3	3
stop	leaf	2	2
stop	leg	1	1
stop	length	4	4
stop	letter	2	1
stop	life	2	2
stop	light	2	2
stop	lion	0	1
stop	look	1	3
stop	love	2	1
stop	magic	1	1
stop	marriage	3	1
stop	matter	4	4
stop	meat	3	3
stop	mermaid	0	1
stop	midst	4	4
stop	mind	3	3
stop	minute	3	3
stop	moment	3	3
stop	money	3	2
stop	moon	1	1
stop	morning	3	3
stop	morrow	4	4
stop	mountain	2	3
stop	mouth	2	2
stop	name	2	3
stop	neck	3	3
stop	needle	2	2
stop	nest	3	3
stop	night	2	2
stop	number	4	4
stop	opinion	3	3
stop	order	2	2
stop	pair	3	3
stop	palace	3	3
stop	part	4	4
stop	paw	2	1
stop	peace	3	3
stop	piece	3	3
stop	place	4	4
stop	pleasure	3	3
stop	plenty	4	4
stop	power	2	1
stop	rest	4	4
stop	right	4	4
stop	ring	1	2
stop	river	1	1
stop	road	2	3
stop	rock	1	2
stop	room	3	3
stop	rose	3	3
stop	sack	2	2
stop	sand	2	3
stop	sea	1	1
stop	search	3	1
stop	sense	3	3
stop	shoe	2	2
stop	shore	3	3
stop	shoulder	3	3
stop	side	4	4
stop	sight	2	3
stop	silver	3	3
stop	snow	1	1
stop	sorrow	3	3
stop	spot	4	4
stop	spring	2	2
stop	star	2	2
stop	step	3	3
stop	street	3	3
stop	strength	3	3
stop	subject	3	3
stop	sun	1	1
stop	sword	1	1
stop	table	2	2
stop	tale	2	1
stop	tear	2	1
stop	thistle	2	3
stop	thought	2	2
stop	throne	3	3
stop	time	1	1
stop	tongue	3	3
stop	tooth	3	3
stop	town	3	3
stop	tree	1	2
stop	trouble	3	1
stop	truth	3	3
stop	use	4	4
stop	village	3	3
stop	voice	1	1
stop	wall	1	3
stop	want	4	4
stop	way	4	4
stop	week	3	3
stop	well	3	3
stop	while	4	4
stop	wind	0	1
stop	window	3	3
stop	wine	3	3
stop	wood	3	3
stop	word	1	2
stop	world	3	2
stop	year	3	3
strike	air	1	1
strike	angel	0	1
strike	apple	1	1
strike	arrow	0	1
strike	back	3	0
strike	bag	2	1
strike	bank	2	0
strike	basket	2	1
strike	battle	3	3
strike	beard	3	1
strike	beauty	1	3
strike	bed	2	1
strike	blood	3	2
strike	book	1	1
strike	box	2	1
strike	bread	2	2
strike	bridge	2	1
strike	business	3	3
strike	care	3	3
strike	case	3	3
strike	castle	3	0
strike	cave	3	1
strike	chance	3	3
strike	cheese	2	2
strike	chin	3	0
strike	church	2	0
strike	city	3	1
strike	clothes	3	2
strike	cloud	2	1
strike	coat	3	2
strike	company	3	2
strike	corner	2	2
strike	cottage	3	0
strike	country	3	2
strike	course	3	3
strike	court	3	2
strike	cry	2	3
strike	danger	2	3
strike	day	2	3
strike	death	1	2
strike	deed	3	3
strike	delight	2	3
strike	dinner	3	3
strike	dish	2	1
strike	dream	2	3
strike	dress	3	2
strike	duck	1	1
strike	dust	2	2
strike	ear	3	1
strike	earth	2	0
strike	egg	2	2
strike	end	3	3
strike	evening	3	3
strike	eye	3	1
strike	face	3	0
strike	fairy	0	1
strike	family	2	2
strike	fear	0	3
strike	feast	3	3
strike	feather	3	2
strike	field	3	2
strike	flame	2	2
strike	floor	2	0
strike	flower	3	2
strike	food	3	3
strike	forehead	3	0
strike	forest	3	1
strike	form	3	3
strike	front	3	3
strike	garden	3	2
strike	gate	2	1
strike	gift	3	3
strike	glass	2	1
strike	gold	3	0
strike	grass	3	2
strike	grave	3	2
strike	ground	2	0
strike	gun	2	2
strike	hair	3	2
strike	hall	3	2
strike	hare	1	1
strike	heap	3	2
strike	heart	3	1
strike	help	3	3
strike	hill	3	2
strike	hole	3	3
strike	home	3	3
strike	honey	3	3
strike	horn	2	1
strike	house	3	1
strike	hut	3	1
strike	instant	4	4
strike	island	3	2
strike	journey	3	3
strike	joy	2	3
strike	kind	4	4
strike	kingdom	3	2
strike	kitchen	3	2
strike	knife	1	1
strike	lake	3	2
strike	land	3	2
strike	leaf	2	2
strike	length	4	4
strike	letter	3	2
strike	life	3	3
strike	light	1	2
strike	look	2	3
strike	love	1	3
strike	magic	1	3
strike	marriage	4	3
strike	matter	4	4
strike	meat	3	2
strike	mermaid	0	1
strike	midst	4	4
strike	mind	3	2
strike	minute	3	3
strike	moment	3	4
strike	money	3	3
strike	moon	2	2
strike	morning	3	3
strike	morrow	4	4
strike	mountain	3	2
strike	mouse	1	1
strike	mouth	3	1
strike	name	3	3
strike	neck	3	1
strike	needle	2	2
strike	nest	3	2
strike	night	3	3
strike	noise	2	3
strike	number	4	4
strike	opinion	3	4
strike	order	3	3
strike	pain	1	3
strike	pair	3	3
strike	palace	3	1
strike	part	4	4
strike	peace	3	2
strike	piece	3	2
strike	pig	1	1
strike	place	3	2
strike	pleasure	3	3
strike	plenty	4	4
strike	power	2	3
strike	rabbit	1	1
strike	rest	4	4
strike	right	4	3
strike	ring	2	2
strike	river	3	2
strike	road	3	2
strike	room	3	2
strike	rose	3	2
strike	sack	3	1
strike	sand	3	2
strike	sea	2	2
strike	search	4	4
strike	sense	3	3
strike	sheep	1	1
strike	shoe	2	2
strike	shore	3	1
strike	side	3	1
strike	sight	1	3
strike	silver	3	1
strike	snow	2	2
strike	song	2	3
strike	sorrow	1	3
strike	spot	3	1
strike	spring	3	2
strike	star	2	2
strike	step	3	3
strike	story	3	3
strike	stream	3	2
strike	street	3	2
strike	strength	3	3
strike	sun	1	2
strike	table	2	0
strike	tale	3	3
strike	tear	2	3
strike	thing	2	2
strike	thistle	2	2
strike	thought	0	3
strike	throne	3	2
strike	time	3	3
strike	tongue	3	2
strike	tooth	3	2
strike	top	3	2
strike	town	3	2
strike	trouble	2	3
strike	truth	1	3
strike	use	4	4
strike	village	3	2
strike	voice	2	3
strike	wall	2	0
strike	want	3	4
strike	war	3	3
strike	way	4	4
strike	week	4	4
strike	well	3	2
strike	while	4	4
strike	wind	0	1
strike	window	2	1
strike	wine	3	3
strike	wood	2	1
strike	word	2	3
strike	work	3	3
strike	world	3	2
strike	year	4	4
take	air	0	0
take	angel	0	1
take	apple	3	0
take	arm	2	0
take	arrow	1	0
take	back	3	2
take	bag	3	0
take	bank	2	2
take	basket	3	0
take	battle	1	2
take	beard	3	1
take	beauty	1	1
take	bed	3	1
take	bee	0	1
take	bell	3	0
take	blood	3	1
take	boat	1	0
take	body	2	1
take	book	3	0
take	boot	3	0
take	box	3	0
take	branch	2	0
take	bread	3	0
take	bridge	2	1
take	care	3	0
take	carriage	1	0
take	case	3	2
take	castle	3	0
take	cave	2	2
take	chance	3	0
take	cheese	3	0
take	chin	3	1
take	church	3	1
take	city	2	0
take	clothes	3	0
take	cloud	2	2
take	coat	3	0
take	corner	3	1
take	cottage	3	1
take	country	2	1
take	course	3	0
take	court	1	2
take	cry	3	2
take	danger	3	2
take	day	2	0
take	death	0	2
take	deed	3	1
take	delight	3	0
take	dish	3	0
take	door	3	0
take	dragon	0	1
take	dream	2	2
take	dress	3	0
take	dust	3	1
take	ear	3	1
take	earth	1	2
take	egg	3	0
take	elephant	0	1
take	end	3	2
take	evening	3	2
take	eye	1	2
take	face	3	1
take	fairy	0	1
take	fear	1	2
take	feast	3	2
take	feather	3	0
take	field	3	0
take	flame	1	1
take	floor	3	0
take	flower	3	0
take	food	3	0
take	foot	3	1
take	forehead	3	2
take	forest	2	1
take	form	3	0
take	front	3	2
take	garden	3	2
take	gate	3	1
take	giant	0	1
take	gift	3	0
take	glass	3	0
take	gold	3	0
take	grass	3	1
take	grave	1	2
take	ground	2	1
take	gun	3	0
take	hair	3	1
take	hall	3	2
take	head	3	1
take	heap	3	1
take	heart	2	0
take	help	3	2
take	hill	3	1
take	hole	3	2
take	home	3	1
take	honey	3	0
take	horn	3	0
take	hour	3	0
take	house	3	1
take	hut	3	1
take	instant	3	2
take	iron	3	0
take	island	3	1
take	joy	2	0
take	kind	3	2
take	kingdom	3	0
take	kitchen	3	2
take	knife	3	0
take	lake	2	2
take	land	3	0
take	leaf	3	0
take	leg	3	1
take	length	3	2
take	letter	3	0
take	light	3	1
take	look	3	0
take	love	2	2
take	magic	1	1
take	marriage	3	2
take	matter	3	2
take	meat	3	0
take	mermaid	0	1
take	midst	4	4
take	mind	2	2
take	minute	3	0
take	moment	3	0
take	money	3	0
take	moon	1	2
take	morning	3	2
take	morrow	3	3
take	mountain	2	1
take	mouth	2	2
take	name	3	0
take	neck	3	1
take	needle	3	0
take	nest	3	0
take	night	2	1
take	noise	3	3
take	number	3	1
take	opinion	3	2
take	order	3	0
take	pain	2	2
take	pair	3	1
take	palace	3	1
take	part	3	0
take	paw	2	1
take	peace	3	2
take	piece	3	0
take	place	3	0
take	pleasure	3	0
take	plenty	3	2
take	power	2	0
take	rest	3	0
take	right	3	2
take	ring	3	0
take	river	1	1
take	road	1	0
take	rock	3	1
take	room	3	0
take	rose	3	0
take	sack	3	0
take	sand	3	0
take	sea	1	2
take	search	3	3
take	sense	3	2
take	shoe	3	0
take	shore	3	2
take	shoulder	3	1
take	side	3	0
take	sight	3	2
take	silver	3	0
take	snow	2	1
take	song	3	2
take	sorrow	2	2
take	spot	3	1
take	spring	3	2
take	star	1	1
take	step	3	0
take	stone	3	0
take	story	2	2
take	stream	1	1
take	street	3	1
take	strength	2	1
take	sun	1	2
take	sword	3	0
take	table	3	1
take	tale	3	2
take	tear	3	2
take	thing	2	0
take	thistle	3	1
take	thought	2	2
take	throne	3	0
take	tongue	3	2
take	tooth	3	0
take	top	3	1
take	town	3	0
take	tree	1	1
take	trouble	3	0
take	truth	3	2
take	use	3	2
take	village	3	0
take	voice	3	2
take	wall	3	1
take	want	3	3
take	war	1	2
take	water	1	0
take	way	3	0
take	week	3	0
take	well	3	2
take	while	3	0
take	wind	0	2
take	window	3	1
take	wine	3	0
take	witch	0	1
take	wood	2	0
take	word	3	1
take	world	2	2
take	year	3	0
talk	air	2	4
talk	angel	0	4
talk	animal	0	4
talk	apple	1	4
talk	arm	3	4
talk	arrow	2	4
talk	baby	1	4
talk	back	4	4
talk	bag	2	4
talk	bank	3	4
talk	basket	2	4
talk	battle	4	4
talk	bear	0	4
talk	beard	3	4
talk	beast	0	4
talk	beauty	1	4
talk	bed	2	4
talk	bee	0	4
talk	being	0	4
talk	bell	1	4
talk	bird	0	4
talk	blood	1	4
talk	boat	2	4
talk	body	2	4
talk	book	1	4
talk	boot	2	4
talk	box	2	4
talk	boy	0	4
talk	branch	2	4
talk	bread	1	4
talk	bride	0	4
talk	bridegroom	0	4
talk	bridge	2	4
talk	brother	0	4
talk	business	4	0
talk	captain	0	4
talk	care	4	4
talk	carriage	2	4
talk	case	4	4
talk	castle	2	4
talk	cat	0	4
talk	cave	2	4
talk	chance	4	4
talk	cheese	2	4
talk	child	0	4
talk	chin	3	4
talk	church	3	4
talk	city	3	4
talk	clothes	2	4
talk	cloud	1	4
talk	coat	2	4
talk	company	1	4
talk	corner	4	4
talk	cottage	2	4
talk	country	3	4
talk	course	4	4
talk	court	1	4
talk	creature	0	4
talk	crow	0	4
talk	cry	4	4
talk	danger	4	4
talk	daughter	0	4
talk	day	4	4
talk	death	1	4
talk	deed	4	4
talk	delight	4	4
talk	dinner	3	4
talk	dish	1	4
talk	dog	0	4
talk	door	2	4
talk	dragon	0	4
talk	dream	2	4
talk	dress	2	4
talk	duck	0	4
talk	dust	3	4
talk	eagle	0	4
talk	ear	3	4
talk	earth	2	4
talk	egg	2	4
talk	elephant	0	4
talk	emperor	0	4
talk	end	4	4
talk	evening	4	4
talk	eye	3	4
talk	face	2	4
talk	fairy	0	4
talk	family	0	4
talk	farmer	0	4
talk	father	0	4
talk	fear	4	4
talk	feast	4	4
talk	feather	2	4
talk	fellow	0	4
talk	field	3	4
talk	fire	1	4
talk	fish	0	4
talk	flame	2	4
talk	floor	3	4
talk	flower	1	4
talk	folk	0	4
talk	food	2	4
talk	foot	3	4
talk	forehead	3	4
talk	forest	2	4
talk	form	3	4
talk	fox	0	4
talk	friend	0	4
talk	front	4	4
talk	garden	3	4
talk	gate	2	4
talk	gentleman	0	4
talk	giant	0	4
talk	gift	3	4
talk	girl	0	4
talk	glass	2	4
talk	gold	3	4
talk	grandfather	0	4
talk	grass	2	4
talk	grave	2	4
talk	ground	3	4
talk	guest	0	4
talk	gun	3	4
talk	hair	3	4
talk	hall	3	4
talk	hand	3	4
talk	hare	0	4
talk	head	1	4
talk	heap	3	4
talk	heart	2	4
talk	help	4	4
talk	hero	0	4
talk	hill	2	4
talk	hole	3	4
talk	home	3	4
talk	honey	3	4
talk	horn	2	4
talk	horse	0	4
talk	hour	4	4
talk	house	2	4
talk	husband	0	4
talk	hut	2	4
talk	instant	4	4
talk	iron	3	4
talk	island	3	4
talk	journey	4	4
talk	joy	4	4
talk	kind	4	4
talk	king	0	4
talk	kingdom	3	4
talk	kitchen	3	4
talk	knife	2	4
talk	knight	0	4
talk	lad	0	4
talk	lady	0	4
talk	lake	2	4
talk	land	3	4
talk	leaf	2	4
talk	leg	3	4
talk	length	4	4
talk	letter	2	4
talk	life	4	4
talk	light	3	4
talk	lion	0	4
talk	look	4	4
talk	love	3	2
talk	magic	3	2
talk	magician	0	4
talk	maid	0	4
talk	maiden	0	4
talk	man	0	4
talk	marriage	4	2
talk	master	0	4
talk	matter	4	4
talk	meat	3	4
talk	merchant	0	4
talk	mermaid	0	4
talk	midst	4	4
talk	mind	3	4
talk	minute	4	4
talk	moment	4	4
talk	monkey	0	4
talk	moon	1	4
talk	morning	4	4
talk	morrow	4	4
talk	mother	0	4
talk	mountain	2	4
talk	mouse	0	4
talk	mouth	1	4
talk	name	4	4
talk	neck	3	4
talk	needle	2	4
talk	nest	3	4
talk	night	3	4
talk	noise	4	4
talk	number	4	4
talk	one	0	4
talk	opinion	4	4
talk	order	4	4
talk	other	0	4
talk	pain	4	4
talk	pair	1	4
talk	palace	3	4
talk	part	4	4
talk	paw	3	4
talk	peace	4	1
talk	peasant	0	4
talk	people	0	4
talk	piece	4	4
talk	pig	0	4
talk	place	4	4
talk	pleasure	4	4
talk	plenty	4	4
talk	poet	0	4
talk	power	4	4
talk	prince	0	4
talk	princess	0	4
talk	queen	0	4
talk	rabbit	0	4
talk	rest	4	4
talk	right	4	4
talk	ring	2	4
talk	river	1	4
talk	road	2	4
talk	rock	2	4
talk	room	3	4
talk	rose	1	4
talk	sack	2	4
talk	sand	3	4
talk	sea	1	4
talk	search	4	4
talk	sense	4	0
talk	serpent	0	4
talk	servant	0	4
talk	sheep	0	4
talk	ship	2	4
talk	shoe	2	4
talk	shore	3	4
talk	shoulder	3	4
talk	side	4	4
talk	sight	4	4
talk	silver	3	4
talk	sister	0	4
talk	slave	0	4
talk	snow	2	4
talk	soldier	0	4
talk	son	0	4
talk	song	3	4
talk	sorrow	4	4
talk	spot	4	4
talk	spring	2	4
talk	star	1	4
talk	step	4	4
talk	stone	2	4
talk	story	3	4
talk	stranger	0	4
talk	stream	1	4
talk	street	3	4
talk	strength	4	4
talk	subject	1	4
talk	sun	1	4
talk	sword	2	4
talk	table	2	4
talk	tale	3	4
talk	tear	3	4
talk	thing	2	4
talk	thistle	2	4
talk	thought	4	4
talk	throne	3	4
talk	time	4	4
talk	tongue	1	4
talk	tooth	3	4
talk	top	3	4
talk	town	3	4
talk	tree	1	4
talk	trouble	4	3
talk	truth	4	1
talk	use	4	4
talk	village	3	4
talk	vizir	0	4
talk	voice	2	4
talk	wall	2	4
talk	want	4	4
talk	war	4	1
talk	water	2	4
talk	way	4	4
talk	week	4	4
talk	well	2	4
talk	while	4	4
talk	wife	0	4
talk	wind	1	4
talk	window	2	4
talk	wine	3	4
talk	witch	0	4
talk	wolf	0	4
talk	woman	0	4
talk	wood	2	4
talk	word	4	4
talk	work	4	4
talk	world	3	4
talk	year	4	4
talk	youth	0	4
tell	air	3	3
tell	angel	0	0
tell	animal	0	0
tell	apple	2	2
tell	arm	3	3
tell	arrow	3	3
tell	baby	1	1
tell	back	4	4
tell	bag	3	3
tell	basket	3	3
tell	battle	2	1
tell	bear	0	0
tell	beard	3	3
tell	beast	0	0
tell	beauty	1	1
tell	bed	2	3
tell	bee	0	0
tell	being	1	1
tell	bell	1	3
tell	bird	0	0
tell	blood	2	3
tell	boat	2	3
tell	body	3	3
tell	book	1	3
tell	boot	2	3
tell	box	2	3
tell	branch	2	3
tell	bread	2	3
tell	bridge	2	2
tell	business	3	1
tell	care	3	2
tell	carriage	3	3
tell	case	3	1
tell	castle	3	3
tell	cat	0	0
tell	cave	2	3
tell	chance	3	3
tell	cheese	3	3
tell	chin	3	4
tell	city	3	3
tell	clothes	3	3
tell	cloud	2	2
tell	coat	3	3
tell	corner	4	4
tell	cottage	3	3
tell	country	3	3
tell	course	4	3
tell	creature	0	0
tell	crow	0	0
tell	cry	3	3
tell	danger	3	1
tell	day	2	2
tell	death	1	1
tell	deed	2	1
tell	delight	3	2
tell	dinner	3	3
tell	dish	2	3
tell	dog	0	0
tell	door	2	2
tell	dragon	0	0
tell	dream	1	0
tell	dress	2	3
tell	duck	0	0
tell	dust	3	3
tell	eagle	0	0
tell	ear	3	3
tell	earth	2	2
tell	egg	2	3
tell	elephant	0	0
tell	end	3	1
tell	evening	3	3
tell	eye	2	3
tell	face	2	3
tell	fairy	0	0
tell	fear	2	1
tell	feast	3	3
tell	feather	2	3
tell	field	3	3
tell	fire	1	2
tell	fish	0	0
tell	flame	2	3
tell	floor	3	3
tell	flower	1	1
tell	food	3	3
tell	foot	3	4
tell	forehead	3	4
tell	forest	2	2
tell	form	3	3
tell	fox	0	0
tell	front	4	4
tell	garden	3	3
tell	gate	2	2
tell	gift	2	3
tell	glass	1	3
tell	gold	3	3
tell	grass	2	2
tell	grave	2	3
tell	ground	3	3
tell	gun	3	3
tell	hair	3	3
tell	hall	3	3
tell	hand	3	3
tell	hare	0	0
tell	head	1	2
tell	heap	4	3
tell	heart	1	2
tell	help	3	3
tell	hill	3	3
tell	hole	3	3
tell	home	3	3
tell	honey	3	3
tell	horn	2	3
tell	horse	0	0
tell	hour	2	1
tell	house	3	3
tell	hut	3	3
tell	instant	4	4
tell	iron	3	3
tell	island	3	3
tell	journey	3	1
tell	joy	3	1
tell	kind	4	4
tell	kingdom	3	3
tell	kitchen	3	3
tell	knife	2	3
tell	lake	2	2
tell	land	3	3
tell	leaf	2	3
tell	leg	3	4
tell	length	4	3
tell	letter	1	3
tell	life	3	1
tell	light	2	3
tell	lion	0	0
tell	look	2	3
tell	love	2	1
tell	magic	2	3
tell	marriage	3	3
tell	matter	3	0
tell	meat	3	3
tell	mermaid	0	0
tell	midst	4	4
tell	mind	2	2
tell	minute	4	3
tell	moment	4	3
tell	money	3	3
tell	monkey	0	0
tell	moon	1	1
tell	morning	3	3
tell	morrow	3	3
tell	mountain	2	2
tell	mouse	0	0
tell	mouth	3	3
tell	name	3	0
tell	neck	3	4
tell	needle	2	3
tell	nest	3	3
tell	night	2	3
tell	noise	3	3
tell	opinion	3	0
tell	order	3	2
tell	pain	3	1
tell	pair	3	3
tell	palace	3	3
tell	part	3	1
tell	paw	3	4
tell	peace	3	3
tell	piece	3	3
tell	pig	0	0
tell	place	3	1
tell	pleasure	3	3
tell	plenty	4	3
tell	power	3	2
tell	rabbit	0	0
tell	rest	4	1
tell	right	3	3
tell	ring	1	2
tell	river	1	1
tell	road	2	2
tell	rock	2	2
tell	room	3	3
tell	rose	1	1
tell	sack	2	3
tell	sand	3	3
tell	sea	1	2
tell	search	4	3
tell	sense	3	3
tell	serpent	0	0
tell	sheep	0	0
tell	ship	2	3
tell	shoe	2	3
tell	shore	3	3
tell	shoulder	3	4
tell	side	3	1
tell	sight	3	2
tell	silver	3	3
tell	snow	2	3
tell	song	2	3
tell	sorrow	2	1
tell	spot	3	2
tell	spring	1	2
tell	star	1	1
tell	step	4	3
tell	stone	2	2
tell	stream	1	1
tell	street	3	3
tell	strength	3	3
tell	sun	1	1
tell	sword	2	3
tell	table	2	3
tell	tear	3	3
tell	thing	2	0
tell	thistle	2	2
tell	thought	3	0
tell	throne	3	3
tell	tongue	2	3
tell	tooth	3	3
tell	top	4	4
tell	town	3	3
tell	tree	1	1
tell	trouble	3	1
tell	truth	3	0
tell	use	4	2
tell	village	3	3
tell	voice	1	3
tell	wall	2	2
tell	want	3	2
tell	war	3	2
tell	water	2	2
tell	way	3	0
tell	week	4	3
tell	well	1	1
tell	while	4	4
tell	wind	1	1
tell	window	2	3
tell	wine	3	3
tell	wolf	0	0
tell	wood	2	2
tell	word	3	0
tell	work	3	2
tell	world	3	2
tell	year	3	3
think	air	3	4
think	angel	0	4
think	animal	0	4
think	apple	2	4
think	arm	3	4
think	arrow	3	4
think	baby	1	4
think	back	4	4
think	bag	3	4
think	bank	3	4
think	basket	3	4
think	battle	4	4
think	bear	0	4
think	beard	3	4
think	beast	0	4
think	beauty	1	4
think	bed	3	4
think	bee	0	4
think	being	0	4
think	bell	2	4
think	bird	0	4
think	blood	3	4
think	boat	2	4
think	body	3	4
think	book	3	4
think	boot	3	4
think	box	3	4
think	boy	0	4
think	branch	3	4
think	bread	3	4
think	bride	0	4
think	bridegroom	0	4
think	bridge	2	4
think	brother	0	4
think	business	4	4
think	captain	0	4
think	care	4	4
think	carriage	3	4
think	case	4	4
think	castle	3	4
think	cat	0	4
think	cave	3	4
think	chance	4	4
think	cheese	3	4
think	child	0	4
think	chin	4	4
think	church	3	4
think	city	2	4
think	clothes	3	4
think	cloud	2	4
think	coat	3	4
think	company	1	4
think	corner	4	4
think	cottage	3	4
think	country	2	4
think	course	4	4
think	court	1	4
think	creature	0	4
think	crow	0	4
think	cry	4	4
think	danger	4	4
think	daughter	0	4
think	day	4	4
think	death	2	4
think	deed	4	4
think	delight	4	4
think	dinner	4	4
think	dish	3	4
think	dog	0	4
think	door	2	4
think	dragon	0	4
think	dream	3	4
think	dress	3	4
think	duck	0	4
think	dust	4	4
think	eagle	0	4
think	ear	3	4
think	earth	2	4
think	egg	3	4
think	elephant	0	4
think	emperor	0	4
think	end	4	4
think	evening	4	4
think	eye	3	4
think	face	3	4
think	fairy	0	4
think	family	0	4
think	farmer	0	4
think	father	0	4
think	fear	4	4
think	feast	4	4
think	feather	3	4
think	fellow	0	4
think	field	3	4
think	fire	2	4
think	fish	0	4
think	flame	3	4
think	floor	4	4
think	flower	1	4
think	folk	0	4
think	food	3	4
think	foot	3	4
think	forehead	4	4
think	forest	2	4
think	form	3	4
think	fox	0	4
think	friend	0	4
think	front	4	4
think	garden	3	4
think	gate	3	4
think	gentleman	0	4
think	giant	0	4
think	gift	4	4
think	girl	0	4
think	glass	3	4
think	gold	3	4
think	grandfather	0	4
think	grass	2	4
think	grave	3	4
think	ground	3	4
think	guest	0	4
think	gun	3	4
think	hair	4	4
think	hall	3	4
think	hand	3	4
think	hare	0	4
think	head	2	4
think	heap	4	4
think	heart	2	4
think	help	4	4
think	hero	0	4
think	hill	2	4
think	hole	4	4
think	home	3	4
think	honey	3	4
think	horn	3	4
think	horse	0	4
think	hour	4	4
think	house	3	4
think	husband	0	4
think	hut	3	4
think	instant	4	4
think	iron	3	4
think	island	3	4
think	journey	4	4
think	joy	4	4
think	kind	4	4
think	king	0	4
think	kingdom	2	4
think	kitchen	3	4
think	knife	3	4
think	knight	0	4
think	lad	0	4
think	lady	0	4
think	lake	2	4
think	land	3	4
think	leaf	2	4
think	leg	3	4
think	length	4	4
think	letter	3	4
think	life	4	4
think	light	3	4
think	lion	0	4
think	look	4	4
think	love	4	4
think	magic	3	4
think	magician	0	4
think	maid	0	4
think	maiden	0	4
think	man	0	4
think	marriage	4	4
think	master	0	4
think	matter	4	3
think	meat	3	4
think	merchant	0	4
think	mermaid	0	4
think	midst	4	4
think	mind	1	4
think	minute	4	4
think	moment	4	4
think	money	3	4
think	monkey	0	4
think	moon	1	4
think	morning	4	4
think	morrow	4	4
think	mother	0	4
think	mountain	2	4
think	mouse	0	4
think	mouth	3	4
think	name	4	4
think	neck	4	4
think	needle	2	4
think	nest	3	4
think	night	3	4
think	noise	4	4
think	number	4	4
think	one	0	4
think	opinion	4	4
think	order	4	4
think	other	0	4
think	pain	4	4
think	pair	1	4
think	palace	3	4
think	part	4	4
think	paw	3	4
think	peace	4	4
think	peasant	0	4
think	people	0	4
think	piece	4	4
think	pig	0	4
think	place	4	4
think	pleasure	4	4
think	plenty	4	4
think	poet	0	4
think	power	3	4
think	prince	0	4
think	princess	0	4
think	queen	0	4
think	rabbit	0	4
think	rest	4	4
think	right	4	4
think	ring	2	4
think	river	2	4
think	road	3	4
think	rock	3	4
think	room	3	4
think	rose	1	4
think	sack	3	4
think	sand	4	4
think	sea	2	4
think	search	4	4
think	sense	4	4
think	serpent	0	4
think	servant	0	4
think	sheep	0	4
think	ship	2	4
think	shoe	3	4
think	shore	3	4
think	shoulder	4	4
think	side	4	4
think	sight	4	4
think	silver	3	4
think	sister	0	4
think	slave	0	4
think	snow	3	4
think	soldier	0	4
think	son	0	4
think	song	3	4
think	sorrow	4	4
think	spot	4	4
think	spring	3	4
think	star	1	4
think	step	4	4
think	stone	3	4
think	story	3	4
think	stranger	0	4
think	stream	2	4
think	street	3	4
think	strength	4	4
think	subject	1	4
think	sun	1	4
think	sword	2	4
think	table	3	4
think	tale	3	4
think	tear	4	4
think	thing	3	4
think	thistle	2	4
think	thought	4	1
think	throne	3	4
think	time	4	4
think	tongue	3	4
think	tooth	3	4
think	top	4	4
think	town	2	4
think	tree	1	4
think	trouble	4	4
think	truth	4	4
think	use	4	4
think	village	2	4
think	vizir	0	4
think	voice	3	4
think	wall	3	4
think	want	4	4
think	war	4	4
think	water	3	4
think	way	4	4
think	week	4	4
think	well	2	4
think	while	4	4
think	wife	0	4
think	wind	1	4
think	window	3	4
think	wine	3	4
think	witch	0	4
think	wolf	0	4
think	woman	0	4
think	wood	2	4
think	word	4	4
think	work	4	4
think	world	2	4
think	year	4	4
think	youth	0	4
throw	air	3	2
throw	angel	0	1
throw	animal	0	1
throw	apple	3	0
throw	arm	1	0
throw	arrow	3	1
throw	baby	3	1
throw	back	3	2
throw	bag	3	0
throw	bank	3	3
throw	basket	3	0
throw	battle	4	1
throw	bear	0	1
throw	beard	3	1
throw	beast	0	1
throw	beauty	1	2
throw	bed	3	2
throw	bee	2	2
throw	being	0	1
throw	bell	3	1
throw	bird	1	1
throw	blood	3	1
throw	boat	3	1
throw	body	2	1
throw	book	3	0
throw	boot	3	0
throw	box	3	0
throw	branch	3	0
throw	bread	3	0
throw	bride	0	1
throw	bridegroom	0	1
throw	bridge	3	3
throw	business	3	3
throw	captain	0	1
throw	care	3	2
throw	carriage	3	2
throw	case	3	2
throw	castle	3	3
throw	cat	1	1
throw	cave	3	4
throw	chance	3	2
throw	cheese	3	0
throw	chin	3	2
throw	church	3	3
throw	city	3	3
throw	clothes	3	0
throw	cloud	2	2
throw	coat	3	0
throw	company	1	2
throw	corner	3	3
throw	cottage	3	3
throw	country	3	3
throw	course	3	3
throw	court	2	3
throw	creature	0	1
throw	crow	1	1
throw	cry	3	2
throw	danger	3	3
throw	day	3	3
throw	death	2	3
throw	deed	3	3
throw	delight	3	3
throw	dinner	3	1
throw	dish	3	0
throw	dog	1	1
throw	door	3	0
throw	dragon	0	1
throw	dream	3	3
throw	dress	3	0
throw	duck	2	1
throw	dust	3	0
throw	eagle	1	1
throw	ear	3	3
throw	earth	2	1
throw	egg	3	0
throw	elephant	0	1
throw	emperor	0	1
throw	end	4	3
throw	evening	3	4
throw	eye	3	1
throw	face	3	3
throw	fairy	0	1
throw	family	1	2
throw	farmer	0	1
throw	father	0	1
throw	fear	3	3
throw	feast	3	1
throw	feather	3	0
throw	field	3	4
throw	fire	2	1
throw	fish	2	1
throw	flame	2	2
throw	floor	3	4
throw	flower	3	0
throw	folk	0	2
throw	food	3	0
throw	foot	3	2
throw	forehead	3	3
throw	forest	3	4
throw	form	3	3
throw	fox	1	1
throw	front	4	4
throw	garden	3	4
throw	gate	3	1
throw	gentleman	0	1
throw	giant	0	1
throw	gift	3	1
throw	glass	3	0
throw	gold	3	0
throw	grandfather	0	1
throw	grass	3	1
throw	grave	3	4
throw	ground	3	4
throw	gun	3	1
throw	hair	3	1
throw	hall	3	4
throw	hand	2	1
throw	hare	1	1
throw	head	3	1
throw	heap	3	2
throw	heart	3	2
throw	help	3	3
throw	hero	0	1
throw	hill	3	3
throw	hole	3	4
throw	home	3	4
throw	honey	3	2
throw	horn	3	1
throw	horse	0	1
throw	hour	3	4
throw	house	3	3
throw	husband	0	1
throw	hut	3	3
throw	instant	4	4
throw	iron	3	1
throw	island	3	3
throw	journey	3	3
throw	joy	3	3
throw	kind	4	4
throw	king	0	1
throw	kingdom	3	3
throw	kitchen	3	4
throw	knife	3	0
throw	lady	0	1
throw	lake	3	3
throw	land	3	3
throw	leaf	3	1
throw	leg	3	2
throw	length	4	4
throw	letter	3	0
throw	life	3	1
throw	light	2	1
throw	lion	0	1
throw	look	3	0
throw	love	3	3
throw	magic	2	1
throw	magician	0	1
throw	maid	0	1
throw	marriage	3	3
throw	master	0	1
throw	matter	4	4
throw	meat	3	0
throw	merchant	0	1
throw	mermaid	0	1
throw	midst	4	4
throw	mind	3	3
throw	minute	4	4
throw	moment	4	4
throw	money	3	0
throw	monkey	0	1
throw	moon	2	3
throw	morning	3	4
throw	morrow	4	4
throw	mother	0	1
throw	mountain	3	3
throw	mouse	1	1
throw	mouth	3	3
throw	name	3	3
throw	neck	3	2
throw	needle	3	0
throw	nest	3	1
throw	night	3	4
throw	noise	3	3
throw	number	4	4
throw	opinion	3	3
throw	order	3	3
throw	pain	3	3
throw	pair	2	2
throw	palace	3	3
throw	part	3	3
throw	paw	2	2
throw	peace	3	3
throw	peasant	0	1
throw	people	0	2
throw	piece	3	0
throw	pig	1	1
throw	place	4	4
throw	pleasure	3	3
throw	plenty	4	4
throw	poet	0	1
throw	power	3	3
throw	prince	0	1
throw	princess	0	1
throw	queen	0	1
throw	rabbit	1	1
throw	rest	4	4
throw	right	4	4
throw	ring	3	0
throw	river	2	3
throw	road	3	4
throw	rock	3	0
throw	room	3	4
throw	rose	3	0
throw	sack	3	0
throw	sand	3	0
throw	sea	1	3
throw	search	4	4
throw	sense	4	4
throw	serpent	1	1
throw	servant	0	1
throw	sheep	1	1
throw	ship	3	2
throw	shoe	3	0
throw	shore	3	4
throw	shoulder	3	2
throw	side	4	4
throw	sight	4	3
throw	silver	3	0
throw	slave	0	1
throw	snow	2	0
throw	soldier	0	1
throw	song	3	3
throw	sorrow	3	3
throw	spot	4	4
throw	spring	3	3
throw	star	2	2
throw	step	4	4
throw	stone	3	0
throw	story	3	3
throw	stranger	0	1
throw	stream	2	3
throw	street	3	4
throw	strength	3	3
throw	subject	1	2
throw	sun	2	3
throw	sword	3	0
throw	table	3	1
throw	tale	3	3
throw	tear	3	3
throw	thing	3	0
throw	thistle	3	0
throw	thought	3	3
throw	throne	3	2
throw	time	3	4
throw	tongue	3	3
throw	tooth	3	1
throw	top	3	1
throw	town	3	3
throw	tree	3	2
throw	trouble	3	3
throw	truth	3	3
throw	use	4	4
throw	village	3	3
throw	vizir	0	1
throw	voice	3	1
throw	wall	3	3
throw	want	4	4
throw	war	3	3
throw	water	3	0
throw	way	4	4
throw	week	4	4
throw	well	3	3
throw	while	4	4
throw	wife	0	1
throw	wind	1	2
throw	window	3	0
throw	wine	3	0
throw	witch	0	1
throw	wolf	1	1
throw	wood	3	0
throw	word	3	2
throw	work	3	3
throw	world	3	3
throw	year	4	4
tie	air	4	4
tie	angel	0	1
tie	animal	1	0
tie	apple	4	1
tie	arm	2	0
tie	arrow	3	1
tie	baby	3	1
tie	back	4	2
tie	bag	3	0
tie	bank	4	3
tie	basket	4	0
tie	battle	4	3
tie	bear	1	0
tie	beard	3	0
tie	beast	1	0
tie	beauty	1	2
tie	bed	4	2
tie	bee	2	1
tie	being	1	1
tie	bell	4	0
tie	bird	1	0
tie	blood	4	4
tie	boat	3	0
tie	body	3	1
tie	book	4	1
tie	boot	4	0
tie	box	4	1
tie	branch	3	0
tie	bread	4	2
tie	bridge	4	3
tie	business	4	4
tie	care	4	4
tie	carriage	4	2
tie	case	4	3
tie	castle	4	3
tie	cat	1	0
tie	cave	4	4
tie	chance	4	4
tie	cheese	4	2
tie	chin	3	2
tie	church	4	4
tie	city	4	4
tie	clothes	4	1
tie	cloud	3	2
tie	coat	4	1
tie	company	1	3
tie	corner	4	1
tie	cottage	4	3
tie	country	4	4
tie	course	4	4
tie	court	3	3
tie	creature	1	0
tie	crow	1	1
tie	cry	4	4
tie	danger	4	4
tie	day	4	4
tie	death	3	3
tie	deed	4	4
tie	delight	4	4
tie	dinner	4	3
tie	dish	4	2
tie	dog	1	0
tie	door	4	2
tie	dragon	1	0
tie	dream	3	4
tie	dress	4	1
tie	duck	1	1
tie	dust	4	4
tie	eagle	1	1
tie	ear	3	1
tie	earth	3	3
tie	egg	4	3
tie	elephant	1	0
tie	end	4	0
tie	evening	4	4
tie	eye	4	3
tie	face	4	3
tie	fairy	0	1
tie	family	1	2
tie	fear	3	4
tie	feast	4	4
tie	feather	4	1
tie	field	4	4
tie	fire	3	4
tie	fish	2	1
tie	flame	3	4
tie	floor	4	4
tie	flower	3	0
tie	food	4	2
tie	foot	3	0
tie	forehead	4	2
tie	forest	3	4
tie	form	4	4
tie	fox	1	0
tie	front	4	4
tie	garden	4	4
tie	gate	4	1
tie	giant	0	0
tie	gift	4	1
tie	glass	4	3
tie	gold	4	2
tie	grass	3	0
tie	grave	4	4
tie	ground	4	4
tie	gun	4	2
tie	hair	3	0
tie	hall	4	4
tie	hand	1	0
tie	hare	1	1
tie	head	4	1
tie	heap	4	2
tie	heart	3	3
tie	help	4	4
tie	hill	4	4
tie	hole	4	4
tie	home	4	4
tie	honey	4	4
tie	horn	4	1
tie	horse	2	0
tie	hour	4	4
tie	house	4	4
tie	hut	4	4
tie	instant	4	4
tie	iron	4	2
tie	island	4	4
tie	journey	4	4
tie	joy	4	4
tie	kind	4	4
tie	kingdom	4	4
tie	kitchen	4	4
tie	knife	4	1
tie	lake	4	4
tie	land	4	4
tie	leaf	4	1
tie	leg	3	0
tie	length	4	4
tie	letter	4	1
tie	life	4	4
tie	light	4	4
tie	lion	1	0
tie	look	4	4
tie	love	3	3
tie	magic	2	3
tie	marriage	3	3
tie	matter	4	4
tie	meat	4	2
tie	mermaid	0	1
tie	midst	4	4
tie	mind	4	4
tie	minute	4	4
tie	moment	4	4
tie	money	4	1
tie	monkey	1	0
tie	moon	3	3
tie	morning	4	4
tie	morrow	4	4
tie	mountain	4	4
tie	mouse	1	0
tie	mouth	4	1
tie	name	4	4
tie	neck	4	1
tie	needle	4	2
tie	nest	3	2
tie	night	4	4
tie	noise	4	4
tie	number	4	4
tie	opinion	4	4
tie	order	4	4
tie	pain	4	4
tie	pair	2	2
tie	palace	4	4
tie	part	4	3
tie	paw	2	0
tie	peace	4	4
tie	piece	4	1
tie	pig	1	0
tie	place	4	4
tie	pleasure	4	4
tie	plenty	4	4
tie	power	3	4
tie	rabbit	1	1
tie	rest	4	4
tie	right	4	4
tie	ring	4	1
tie	river	4	4
tie	road	4	4
tie	rock	4	3
tie	room	4	4
tie	rose	4	1
tie	sack	4	0
tie	sand	4	4
tie	sea	4	4
tie	search	4	4
tie	sense	4	4
tie	serpent	1	1
tie	sheep	1	0
tie	ship	4	0
tie	shoe	4	0
tie	shore	4	4
tie	shoulder	4	2
tie	side	4	3
tie	sight	4	4
tie	silver	4	2
tie	snow	4	4
tie	song	4	4
tie	sorrow	4	4
tie	spot	4	4
tie	spring	4	4
tie	star	3	3
tie	step	4	4
tie	stone	4	1
tie	story	4	4
tie	stream	4	4
tie	street	4	4
tie	strength	4	4
tie	subject	1	1
tie	sun	3	3
tie	sword	4	1
tie	table	4	2
tie	tale	4	4
tie	tear	4	4
tie	thing	3	1
tie	thistle	4	1
tie	thought	4	4
tie	throne	4	3
tie	time	4	4
tie	tongue	3	2
tie	tooth	4	1
tie	top	4	2
tie	town	4	4
tie	tree	3	1
tie	trouble	4	4
tie	truth	4	4
tie	use	4	4
tie	village	4	4
tie	voice	4	4
tie	wall	4	4
tie	want	4	4
tie	war	4	4
tie	water	4	4
tie	way	4	4
tie	week	4	4
tie	well	4	4
tie	while	4	4
tie	wind	3	4
tie	window	4	3
tie	wine	4	4
tie	wolf	1	0
tie	wood	4	0
tie	word	4	4
tie	work	4	4
tie	world	4	4
tie	year	4	4
try	air	4	2
try	angel	0	2
try	animal	0	2
try	apple	3	0
try	arm	3	1
try	arrow	3	1
try	baby	0	2
try	back	4	2
try	bag	3	1
try	bank	3	2
try	basket	3	1
try	battle	4	1
try	bear	0	2
try	beard	4	2
try	beast	0	2
try	beauty	1	2
try	bed	3	0
try	bee	0	2
try	being	1	2
try	bell	3	1
try	bird	0	2
try	blood	4	2
try	boat	3	1
try	body	3	2
try	book	3	1
try	boot	3	0
try	box	3	1
try	boy	0	2
try	branch	3	1
try	bread	3	0
try	bride	0	2
try	bridegroom	0	2
try	bridge	3	1
try	brother	0	2
try	business	3	1
try	care	4	3
try	carriage	3	1
try	case	3	0
try	castle	3	2
try	cat	0	2
try	cave	4	2
try	chance	4	1
try	cheese	3	0
try	child	0	2
try	chin	4	3
try	church	3	2
try	city	3	2
try	clothes	3	0
try	cloud	3	3
try	coat	3	0
try	company	2	2
try	corner	4	2
try	cottage	3	2
try	country	3	2
try	course	3	1
try	court	2	1
try	creature	0	2
try	crow	0	2
try	cry	4	3
try	danger	4	2
try	daughter	0	2
try	day	4	2
try	death	3	2
try	deed	4	2
try	delight	4	3
try	dinner	4	0
try	dish	3	0
try	dog	0	2
try	door	3	0
try	dragon	0	2
try	dream	3	2
try	dress	3	0
try	duck	0	2
try	dust	4	3
try	eagle	0	2
try	ear	4	2
try	earth	3	2
try	egg	3	0
try	elephant	0	2
try	end	4	3
try	evening	4	3
try	eye	3	2
try	face	4	3
try	fairy	0	2
try	family	1	2
try	farmer	0	2
try	father	0	2
try	fear	3	3
try	feast	4	1
try	feather	4	1
try	field	4	2
try	fire	3	1
try	fish	0	0
try	flame	3	2
try	floor	4	2
try	flower	3	1
try	folk	0	2
try	food	4	0
try	foot	3	2
try	forehead	4	3
try	forest	4	2
try	form	4	2
try	fox	0	2
try	friend	0	1
try	front	4	3
try	garden	4	2
try	gate	3	0
try	gentleman	0	2
try	giant	0	2
try	gift	3	1
try	girl	0	2
try	glass	3	1
try	gold	3	1
try	grandfather	0	2
try	grass	4	2
try	grave	4	3
try	ground	4	2
try	guest	0	2
try	gun	3	0
try	hair	4	2
try	hall	4	2
try	hand	3	1
try	hare	0	2
try	head	3	2
try	heap	4	3
try	heart	2	1
try	help	4	2
try	hero	0	2
try	hill	4	2
try	hole	4	2
try	home	4	3
try	honey	3	0
try	horn	3	1
try	hour	4	3
try	house	3	2
try	husband	0	2
try	hut	3	2
try	instant	4	3
try	iron	3	1
try	island	4	2
try	journey	4	1
try	joy	4	3
try	kind	3	2
try	kingdom	3	2
try	kitchen	4	2
try	knife	3	1
try	lad	0	2
try	lady	0	2
try	lake	4	2
try	land	4	2
try	leaf	3	2
try	leg	3	1
try	length	4	3
try	letter	3	2
try	life	3	2
try	light	3	2
try	lion	0	2
try	look	4	3
try	love	3	2
try	magic	3	0
try	magician	0	2
try	maid	0	2
try	maiden	0	2
try	marriage	4	2
try	master	0	2
try	matter	4	1
try	meat	3	0
try	mermaid	0	2
try	midst	4	4
try	mind	3	2
try	minute	4	3
try	moment	4	3
try	money	3	2
try	monkey	0	2
try	moon	3	3
try	morning	4	3
try	morrow	4	3
try	mother	0	2
try	mountain	3	2
try	mouse	0	2
try	mouth	4	2
try	name	4	2
try	neck	4	2
try	needle	3	1
try	nest	4	2
try	night	4	3
try	noise	4	3
try	number	4	2
try	one	0	2
try	opinion	4	2
try	order	4	3
try	pain	4	3
try	pair	2	1
try	palace	3	2
try	part	3	2
try	paw	3	1
try	peace	4	2
try	peasant	0	2
try	people	0	2
try	piece	3	1
try	pig	0	2
try	place	4	2
try	pleasure	4	3
try	plenty	4	3
try	poet	0	2
try	power	3	0
try	princess	0	2
try	rabbit	0	2
try	rest	4	2
try	right	4	2
try	ring	3	0
try	river	3	2
try	road	4	1
try	rock	3	2
try	room	4	2
try	rose	3	1
try	sack	3	1
try	sand	4	2
try	sea	3	2
try	search	4	2
try	sense	4	2
try	serpent	0	2
try	sheep	0	2
try	ship	3	2
try	shoe	3	0
try	shore	4	3
try	shoulder	4	2
try	side	4	2
try	sight	4	2
try	silver	3	1
try	sister	0	2
try	snow	4	3
try	son	0	2
try	song	3	1
try	sorrow	4	3
try	spot	4	2
try	spring	4	1
try	star	3	3
try	step	4	1
try	stone	3	1
try	story	4	2
try	stream	3	2
try	street	4	2
try	strength	3	0
try	subject	2	2
try	sun	3	3
try	sword	3	0
try	table	3	2
try	tale	4	2
try	tear	4	3
try	thing	3	1
try	thistle	3	2
try	thought	4	2
try	throne	3	2
try	time	3	3
try	tongue	3	2
try	tooth	3	2
try	top	4	2
try	town	3	2
try	tree	3	2
try	trouble	4	2
try	truth	4	2
try	use	4	2
try	village	3	2
try	voice	3	1
try	wall	4	2
try	want	4	3
try	war	4	2
try	water	3	0
try	way	4	0
try	week	4	3
try	well	4	2
try	while	4	3
try	wife	0	2
try	wind	3	2
try	window	3	1
try	wine	3	0
try	witch	0	2
try	wolf	0	2
try	wood	4	2
try	word	4	1
try	work	4	1
try	world	3	2
try	year	4	3
try	youth	0	2
turn	air	1	2
turn	angel	0	1
turn	apple	0	0
turn	arm	1	1
turn	arrow	1	1
turn	back	2	0
turn	bag	1	1
turn	bank	2	2
turn	basket	1	1
turn	bear	0	1
turn	beard	0	2
turn	beast	0	1
turn	beauty	1	2
turn	bed	2	1
turn	bee	1	1
turn	being	1	2
turn	bell	1	2
turn	bird	0	1
turn	blood	0	2
turn	book	2	1
turn	boot	2	1
turn	box	2	1
turn	boy	0	0
turn	branch	1	1
turn	bread	0	1
turn	bride	0	1
turn	bridegroom	0	1
turn	bridge	2	2
turn	brother	0	0
turn	business	3	2
turn	captain	0	1
turn	care	3	3
turn	case	2	2
turn	castle	1	1
turn	cat	0	0
turn	cave	2	2
turn	chance	2	3
turn	cheese	1	1
turn	chin	2	2
turn	church	2	2
turn	city	1	1
turn	clothes	1	1
turn	cloud	1	2
turn	coat	2	0
turn	company	1	2
turn	corner	3	0
turn	cottage	1	1
turn	country	2	2
turn	course	2	2
turn	court	2	2
turn	creature	0	1
turn	crow	0	1
turn	cry	3	3
turn	danger	3	3
turn	daughter	0	0
turn	day	1	3
turn	death	3	3
turn	deed	3	3
turn	delight	1	3
turn	dinner	2	2
turn	dish	1	1
turn	dragon	0	1
turn	dream	1	3
turn	dress	1	1
turn	duck	0	1
turn	dust	1	2
turn	eagle	0	1
turn	egg	1	1
turn	elephant	0	1
turn	emperor	0	1
turn	end	3	3
turn	evening	1	3
turn	fairy	0	1
turn	family	0	1
turn	farmer	0	1
turn	father	0	1
turn	fear	1	3
turn	feast	2	2
turn	feather	1	1
turn	fellow	0	1
turn	field	1	2
turn	fire	1	2
turn	flame	1	2
turn	floor	2	2
turn	flower	1	1
turn	food	1	2
turn	forehead	2	2
turn	forest	1	2
turn	form	2	2
turn	fox	0	1
turn	friend	0	1
turn	front	3	3
turn	garden	1	2
turn	gate	1	2
turn	gentleman	0	1
turn	giant	0	1
turn	gift	1	2
turn	girl	0	0
turn	glass	2	1
turn	gold	0	1
turn	grandfather	0	1
turn	grass	1	2
turn	grave	3	3
turn	ground	2	2
turn	gun	2	1
turn	hair	0	2
turn	hall	2	2
turn	hare	0	1
turn	heap	2	2
turn	heart	0	1
turn	help	3	3
turn	hero	0	1
turn	hill	2	2
turn	hole	3	3
turn	home	3	3
turn	honey	2	2
turn	horn	2	2
turn	hour	2	3
turn	house	2	2
turn	husband	0	0
turn	hut	2	2
turn	instant	4	4
turn	iron	2	2
turn	island	2	2
turn	journey	2	3
turn	joy	1	3
turn	kind	3	4
turn	king	0	0
turn	kingdom	1	1
turn	kitchen	2	2
turn	knife	1	1
turn	knight	0	1
turn	lad	0	1
turn	lady	0	1
turn	lake	1	2
turn	land	1	2
turn	leg	2	2
turn	length	4	4
turn	letter	2	2
turn	lion	0	1
turn	look	3	3
turn	love	1	3
turn	magic	2	2
turn	magician	0	1
turn	maid	0	1
turn	maiden	0	1
turn	man	0	0
turn	marriage	2	3
turn	master	0	1
turn	matter	3	3
turn	merchant	0	1
turn	mermaid	0	1
turn	midst	4	4
turn	minute	4	4
turn	moment	4	4
turn	money	0	1
turn	monkey	0	1
turn	moon	1	3
turn	morning	2	3
turn	morrow	4	4
turn	mother	0	1
turn	mountain	2	3
turn	mouse	0	0
turn	mouth	2	2
turn	name	3	3
turn	neck	2	1
turn	nest	2	2
turn	night	2	3
turn	noise	3	3
turn	number	3	3
turn	one	0	1
turn	opinion	2	3
turn	order	3	3
turn	other	0	1
turn	pain	2	3
turn	pair	1	2
turn	palace	1	1
turn	part	3	3
turn	paw	2	1
turn	peace	3	3
turn	peasant	0	1
turn	piece	1	2
turn	place	3	3
turn	pleasure	2	3
turn	plenty	4	4
turn	poet	0	1
turn	power	2	3
turn	prince	0	0
turn	princess	0	0
turn	queen	0	1
turn	rabbit	0	1
turn	rest	3	3
turn	right	4	4
turn	ring	1	0
turn	river	1	2
turn	road	0	3
turn	rock	2	2
turn	rose	1	1
turn	sack	2	1
turn	sand	1	2
turn	sea	1	3
turn	search	3	3
turn	sense	4	4
turn	serpent	0	1
turn	shoe	2	1
turn	shore	3	3
turn	shoulder	2	1
turn	side	3	3
turn	sight	3	3
turn	silver	1	2
turn	sister	0	0
turn	slave	0	1
turn	snow	1	2
turn	son	0	0
turn	song	2	3
turn	sorrow	1	3
turn	spot	3	3
turn	spring	2	3
turn	star	1	2
turn	step	3	3
turn	stone	1	1
turn	story	2	3
turn	stream	1	2
turn	street	1	3
turn	strength	3	3
turn	subject	3	3
turn	sun	2	3
turn	sword	2	1
turn	table	2	1
turn	tale	2	3
turn	tear	0	2
turn	thing	1	1
turn	thistle	1	2
turn	throne	2	2
turn	time	3	4
turn	tongue	2	2
turn	tooth	2	2
turn	town	1	1
turn	tree	1	1
turn	trouble	3	3
turn	truth	3	3
turn	use	4	4
turn	village	1	1
turn	vizir	0	1
turn	voice	2	3
turn	wall	2	2
turn	want	4	4
turn	way	3	3
turn	week	3	4
turn	well	2	2
turn	while	4	4
turn	wife	0	1
turn	wind	0	3
turn	window	3	3
turn	wine	0	1
turn	witch	0	1
turn	wolf	0	1
turn	woman	0	1
turn	wood	2	2
turn	word	2	3
turn	work	3	3
turn	year	2	3
turn	youth	0	1
wait	air	3	4
wait	angel	0	4
wait	animal	0	4
wait	apple	2	4
wait	arm	3	4
wait	arrow	2	4
wait	baby	0	4
wait	back	4	4
wait	bag	2	4
wait	bank	2	4
wait	basket	2	4
wait	battle	2	4
wait	bear	0	4
wait	beard	4	4
wait	beast	0	4
wait	beauty	1	4
wait	bed	1	4
wait	bee	0	4
wait	being	0	4
wait	bell	2	4
wait	bird	0	4
wait	blood	3	4
wait	boat	1	4
wait	body	3	4
wait	book	2	4
wait	boot	2	4
wait	box	2	4
wait	boy	0	4
wait	branch	3	4
wait	bread	2	4
wait	bride	0	4
wait	bridegroom	0	4
wait	bridge	2	4
wait	brother	0	4
wait	business	2	4
wait	captain	0	4
wait	care	3	4
wait	case	3	4
wait	castle	2	4
wait	cat	0	4
wait	cave	2	4
wait	chance	2	2
wait	cheese	3	4
wait	child	0	4
wait	chin	4	4
wait	church	2	4
wait	city	2	4
wait	clothes	2	4
wait	cloud	2	4
wait	coat	2	4
wait	company	0	4
wait	corner	3	4
wait	cottage	2	4
wait	country	2	4
wait	course	3	4
wait	court	1	4
wait	creature	0	4
wait	crow	0	4
wait	cry	3	4
wait	danger	1	4
wait	daughter	0	4
wait	day	3	4
wait	death	1	4
wait	deed	3	4
wait	delight	2	4
wait	dinner	1	2
wait	dish	2	4
wait	dog	0	4
wait	door	2	4
wait	dragon	0	4
wait	dream	2	4
wait	dress	2	4
wait	duck	0	4
wait	dust	3	4
wait	eagle	0	4
wait	ear	3	4
wait	earth	2	4
wait	egg	2	4
wait	elephant	0	4
wait	emperor	0	4
wait	end	2	4
wait	evening	3	4
wait	eye	3	4
wait	face	3	4
wait	fairy	0	4
wait	family	0	4
wait	farmer	0	4
wait	father	0	4
wait	fear	2	4
wait	feast	1	4
wait	feather	3	4
wait	fellow	0	4
wait	field	2	4
wait	fire	2	4
wait	fish	0	4
wait	flame	3	4
wait	floor	3	4
wait	flower	2	4
wait	folk	0	4
wait	food	1	4
wait	foot	3	4
wait	forehead	4	4
wait	forest	2	4
wait	form	2	4
wait	fox	0	4
wait	friend	0	4
wait	front	4	4
wait	garden	2	4
wait	gate	2	4
wait	gentleman	0	4
wait	giant	0	4
wait	gift	2	4
wait	girl	0	4
wait	glass	3	4
wait	gold	2	4
wait	grandfather	0	4
wait	grass	3	4
wait	grave	1	4
wait	ground	3	4
wait	guest	0	4
wait	gun	2	4
wait	hair	3	4
wait	hall	2	4
wait	hand	3	4
wait	hare	0	4
wait	head	3	4
wait	heap	3	4
wait	heart	2	4
wait	help	2	4
wait	hero	0	4
wait	hill	2	4
wait	hole	3	4
wait	home	2	4
wait	honey	3	4
wait	horn	3	4
wait	horse	0	4
wait	hour	3	2
wait	house	2	4
wait	husband	0	4
wait	hut	2	4
wait	instant	4	2
wait	iron	3	4
wait	island	2	4
wait	journey	2	4
wait	joy	2	4
wait	kind	3	4
wait	king	0	4
wait	kingdom	2	4
wait	kitchen	3	4
wait	knife	3	4
wait	knight	0	4
wait	lad	0	4
wait	lady	0	4
wait	lake	2	4
wait	land	2	4
wait	leaf	3	4
wait	leg	3	4
wait	length	4	4
wait	letter	2	4
wait	life	2	4
wait	light	3	4
wait	lion	0	4
wait	look	4	4
wait	love	2	4
wait	magic	2	4
wait	magician	0	4
wait	maid	0	4
wait	maiden	0	4
wait	man	0	4
wait	marriage	2	4
wait	master	0	4
wait	matter	2	4
wait	meat	3	4
wait	merchant	0	4
wait	mermaid	0	4
wait	midst	4	4
wait	mind	3	4
wait	minute	4	2
wait	moment	4	2
wait	money	2	4
wait	monkey	0	4
wait	moon	2	4
wait	morning	3	4
wait	morrow	3	4
wait	mother	0	4
wait	mountain	2	4
wait	mouse	0	4
wait	mouth	3	4
wait	name	3	4
wait	neck	4	4
wait	needle	3	4
wait	nest	3	4
wait	night	2	4
wait	noise	3	4
wait	number	4	4
wait	one	0	4
wait	opinion	4	4
wait	order	3	4
wait	other	0	4
wait	pain	3	4
wait	pair	1	4
wait	palace	2	4
wait	part	3	4
wait	paw	3	4
wait	peace	3	4
wait	peasant	0	4
wait	people	0	4
wait	piece	3	4
wait	pig	0	4
wait	place	3	4
wait	pleasure	2	4
wait	plenty	3	4
wait	poet	0	4
wait	power	2	4
wait	prince	0	4
wait	princess	0	4
wait	queen	0	4
wait	rabbit	0	4
wait	rest	2	4
wait	right	4	4
wait	ring	2	4
wait	river	2	4
wait	road	2	4
wait	rock	2	4
wait	room	2	4
wait	rose	2	4
wait	sack	2	4
wait	sand	3	4
wait	sea	2	4
wait	search	3	4
wait	sense	4	4
wait	serpent	0	4
wait	servant	0	4
wait	sheep	0	4
wait	ship	1	4
wait	shoe	2	4
wait	shore	2	4
wait	shoulder	3	4
wait	side	4	4
wait	sight	3	4
wait	silver	3	4
wait	sister	0	4
wait	slave	0	4
wait	snow	3	4
wait	soldier	0	4
wait	son	0	4
wait	song	3	4
wait	sorrow	2	4
wait	spot	3	4
wait	spring	2	4
wait	star	2	4
wait	step	4	4
wait	stone	2	4
wait	story	2	4
wait	stranger	0	4
wait	stream	2	4
wait	street	3	4
wait	strength	3	4
wait	subject	1	4
wait	sun	2	4
wait	sword	2	4
wait	table	2	2
wait	tale	3	4
wait	tear	3	4
wait	thing	2	4
wait	thistle	3	4
wait	thought	3	4
wait	throne	2	4
wait	time	2	4
wait	tongue	3	4
wait	tooth	3	4
wait	top	4	4
wait	town	2	4
wait	tree	2	4
wait	trouble	2	4
wait	truth	2	4
wait	use	4	4
wait	village	2	4
wait	vizir	0	4
wait	voice	3	4
wait	wall	3	4
wait	want	3	4
wait	war	2	4
wait	water	3	4
wait	way	3	4
wait	week	3	4
wait	well	2	4
wait	while	4	2
wait	wife	0	4
wait	wind	2	4
wait	window	3	4
wait	wine	2	4
wait	witch	0	4
wait	wolf	0	4
wait	woman	0	4
wait	wood	2	4
wait	word	3	4
wait	work	2	4
wait	world	2	4
wait	year	3	4
wait	youth	0	4
walk	air	4	3
walk	angel	0	2
walk	apple	3	4
walk	arm	3	3
walk	arrow	3	4
walk	back	3	3
walk	bag	3	3
walk	bank	3	1
walk	basket	3	3
walk	battle	4	3
walk	bear	0	2
walk	beard	3	4
walk	beast	0	2
walk	beauty	1	2
walk	bed	3	3
walk	bee	2	3
walk	being	0	2
walk	bell	3	4
walk	bird	0	2
walk	blood	3	4
walk	boat	3	3
walk	body	2	3
walk	book	3	4
walk	boot	2	3
walk	box	3	3
walk	branch	3	3
walk	bread	3	4
walk	bridegroom	0	2
walk	bridge	3	1
walk	brother	0	1
walk	business	4	4
walk	captain	0	2
walk	care	4	4
walk	carriage	3	3
walk	case	4	4
walk	castle	3	2
walk	cat	0	2
walk	cave	4	2
walk	chance	4	4
walk	cheese	3	4
walk	chin	4	4
walk	church	3	3
walk	city	3	1
walk	clothes	3	3
walk	cloud	3	3
walk	coat	3	3
walk	company	1	3
walk	corner	4	2
walk	cottage	3	3
walk	country	3	1
walk	course	4	1
walk	court	3	2
walk	creature	0	2
walk	crow	1	3
walk	cry	4	4
walk	danger	3	4
walk	day	3	3
walk	death	1	3
walk	deed	4	4
walk	delight	4	4
walk	dinner	4	4
walk	dish	3	4
walk	door	3	3
walk	dragon	0	2
walk	dream	3	4
walk	dress	3	4
walk	duck	0	2
walk	dust	3	2
walk	eagle	1	3
walk	ear	4	4
walk	earth	3	0
walk	egg	3	4
walk	elephant	0	2
walk	emperor	0	2
walk	end	4	3
walk	evening	3	3
walk	eye	4	4
walk	face	4	4
walk	fairy	0	2
walk	family	0	2
walk	farmer	0	2
walk	father	0	1
walk	fear	3	4
walk	feast	4	4
walk	feather	4	4
walk	fellow	0	2
walk	field	3	1
walk	fire	3	2
walk	fish	2	3
walk	flame	3	3
walk	floor	3	0
walk	flower	3	4
walk	folk	0	2
walk	food	4	4
walk	foot	3	4
walk	forehead	4	4
walk	forest	3	1
walk	form	3	4
walk	fox	0	2
walk	front	4	3
walk	garden	3	1
walk	gate	3	3
walk	gentleman	0	2
walk	giant	0	2
walk	gift	4	4
walk	glass	3	2
walk	gold	4	3
walk	grandfather	0	1
walk	grass	3	2
walk	grave	3	3
walk	ground	3	1
walk	gun	4	4
walk	hair	4	4
walk	hall	3	1
walk	hand	3	4
walk	hare	0	2
walk	head	3	4
walk	heap	3	3
walk	heart	3	4
walk	help	4	4
walk	hero	0	2
walk	hill	3	1
walk	hole	4	3
walk	home	3	2
walk	honey	4	4
walk	horn	4	4
walk	hour	3	3
walk	house	3	2
walk	husband	0	1
walk	hut	3	3
walk	instant	4	4
walk	iron	4	3
walk	island	3	1
walk	journey	4	2
walk	joy	4	4
walk	kind	4	4
walk	king	0	2
walk	kingdom	3	1
walk	kitchen	3	2
walk	knife	3	4
walk	knight	0	2
walk	lad	0	2
walk	lake	3	2
walk	land	3	0
walk	leaf	3	4
walk	leg	2	3
walk	length	4	1
walk	letter	3	4
walk	life	3	3
walk	light	3	3
walk	lion	0	2
walk	look	4	4
walk	love	4	4
walk	magic	4	4
walk	magician	0	2
walk	maid	0	1
walk	maiden	0	1
walk	man	0	2
walk	marriage	4	4
walk	master	0	2
walk	matter	4	4
walk	meat	4	4
walk	merchant	0	2
walk	mermaid	2	2
walk	midst	4	3
walk	mind	4	4
walk	minute	4	3
walk	moment	4	4
walk	money	4	4
walk	monkey	0	2
walk	moon	3	3
walk	morning	3	3
walk	morrow	4	4
walk	mother	0	1
walk	mountain	3	1
walk	mouse	0	2
walk	mouth	4	4
walk	name	4	4
walk	neck	4	4
walk	needle	3	4
walk	nest	4	4
walk	night	3	2
walk	noise	4	4
walk	number	4	4
walk	one	0	2
walk	opinion	4	4
walk	order	4	4
walk	other	0	2
walk	pain	4	4
walk	pair	1	3
walk	palace	3	2
walk	part	3	3
walk	paw	3	4
walk	peace	4	4
walk	peasant	0	2
walk	people	0	2
walk	piece	4	3
walk	pig	0	2
walk	place	4	2
walk	pleasure	4	4
walk	plenty	4	4
walk	poet	0	2
walk	power	4	4
walk	prince	0	2
walk	princess	0	1
walk	queen	0	2
walk	rabbit	0	2
walk	rest	3	3
walk	right	4	4
walk	ring	4	4
walk	river	3	2
walk	road	3	0
walk	rock	3	2
walk	room	3	1
walk	rose	3	4
walk	sack	3	3
walk	sand	3	1
walk	sea	3	2
walk	search	4	4
walk	sense	4	4
walk	serpent	2	2
walk	servant	0	2
walk	sheep	0	1
walk	ship	3	3
walk	shoe	2	4
walk	shore	3	1
walk	shoulder	4	4
walk	side	4	3
walk	sight	4	4
walk	silver	4	4
walk	sister	0	1
walk	slave	0	2
walk	snow	3	1
walk	soldier	0	2
walk	song	4	4
walk	sorrow	3	4
walk	spot	4	3
walk	spring	3	3
walk	star	3	3
walk	step	3	2
walk	stone	3	3
walk	story	4	4
walk	stranger	0	2
walk	stream	3	2
walk	street	3	0
walk	strength	4	4
walk	subject	1	3
walk	sun	3	3
walk	sword	3	4
walk	table	3	4
walk	tale	4	4
walk	tear	4	4
walk	thing	2	3
walk	thistle	3	4
walk	thought	4	4
walk	throne	3	4
walk	time	3	4
walk	tongue	4	4
walk	tooth	4	4
walk	top	4	2
walk	town	3	1
walk	tree	2	4
walk	trouble	4	4
walk	truth	3	4
walk	use	4	4
walk	village	3	1
walk	vizir	0	2
walk	voice	4	4
walk	wall	3	2
walk	want	4	4
walk	war	4	4
walk	water	3	2
walk	way	4	0
walk	week	4	3
walk	well	4	4
walk	while	4	3
walk	wife	0	1
walk	wind	3	3
walk	window	4	3
walk	wine	4	4
walk	witch	0	2
walk	wolf	0	2
walk	woman	0	2
walk	wood	3	1
walk	word	4	4
walk	work	4	4
walk	world	3	0
walk	year	4	3
walk	youth	0	2
want	air	3	0
want	angel	0	1
want	apple	3	0
want	arm	3	1
want	arrow	3	0
want	back	4	2
want	bag	3	0
want	bank	3	1
want	basket	3	0
want	battle	4	0
want	beard	3	1
want	beauty	1	0
want	bed	3	0
want	bee	0	1
want	being	0	2
want	bell	3	0
want	blood	3	0
want	boat	3	0
want	body	2	1
want	book	3	0
want	boot	3	0
want	box	3	0
want	branch	3	1
want	bread	3	0
want	bridge	3	1
want	business	4	1
want	care	4	1
want	carriage	3	0
want	case	4	2
want	castle	3	0
want	cave	3	1
want	chance	4	0
want	cheese	3	0
want	chin	4	3
want	church	3	1
want	city	2	1
want	clothes	4	0
want	cloud	2	2
want	coat	3	0
want	corner	4	1
want	cottage	3	0
want	country	2	1
want	course	4	3
want	court	1	1
want	cry	4	3
want	danger	4	2
want	day	3	2
want	death	1	1
want	deed	4	2
want	delight	4	2
want	dinner	3	0
want	dish	3	0
want	door	3	1
want	dragon	0	1
want	dream	3	1
want	dress	3	0
want	dust	4	2
want	ear	3	2
want	earth	2	1
want	egg	3	0
want	end	4	1
want	evening	4	2
want	eye	3	1
want	face	3	2
want	fairy	0	1
want	fear	4	3
want	feast	3	0
want	feather	3	0
want	field	3	1
want	fire	2	0
want	flame	3	1
want	floor	4	2
want	flower	2	0
want	food	4	0
want	foot	3	2
want	forehead	4	3
want	forest	2	1
want	form	4	2
want	front	4	3
want	garden	3	0
want	gate	3	1
want	giant	0	1
want	gift	3	0
want	glass	3	0
want	gold	3	0
want	grass	3	1
want	grave	3	2
want	ground	4	2
want	gun	3	0
want	hair	3	1
want	hall	3	1
want	hand	3	0
want	head	3	0
want	heap	4	2
want	heart	1	0
want	help	4	0
want	hill	3	1
want	hole	4	1
want	home	3	0
want	honey	3	0
want	horn	3	0
want	hour	4	2
want	house	3	0
want	hut	3	0
want	instant	4	3
want	iron	3	1
want	island	3	1
want	journey	4	1
want	joy	4	1
want	kind	4	3
want	kingdom	2	0
want	kitchen	4	1
want	knife	3	0
want	lake	3	1
want	land	2	0
want	leaf	3	1
want	leg	3	1
want	length	4	3
want	letter	3	0
want	life	4	1
want	light	3	0
want	look	4	2
want	love	3	0
want	magic	3	0
want	marriage	4	1
want	matter	4	3
want	meat	3	0
want	mermaid	0	1
want	midst	4	4
want	mind	2	2
want	minute	4	2
want	moment	4	2
want	money	3	0
want	moon	1	1
want	morning	4	2
want	morrow	4	3
want	mountain	2	1
want	mouth	3	2
want	name	4	1
want	neck	4	2
want	needle	3	0
want	nest	3	0
want	night	3	2
want	noise	4	2
want	number	4	2
want	opinion	4	1
want	order	4	2
want	pain	4	2
want	pair	3	1
want	palace	3	0
want	part	4	1
want	paw	3	2
want	peace	4	0
want	piece	4	0
want	place	4	1
want	pleasure	4	1
want	plenty	4	1
want	power	3	0
want	rest	4	0
want	right	4	1
want	ring	2	0
want	river	1	1
want	road	3	1
want	rock	3	1
want	room	4	0
want	rose	2	0
want	sack	3	0
want	sand	3	1
want	sea	1	1
want	search	4	3
want	sense	4	2
want	serpent	0	1
want	ship	3	0
want	shoe	3	0
want	shore	3	1
want	shoulder	3	2
want	side	4	2
want	sight	4	1
want	silver	3	0
want	snow	3	1
want	song	3	0
want	sorrow	4	2
want	spot	4	1
want	spring	3	1
want	star	1	1
want	step	4	2
want	stone	3	1
want	story	3	0
want	stream	2	1
want	street	4	2
want	strength	4	0
want	subject	2	1
want	sun	1	1
want	sword	2	0
want	table	3	0
want	tale	3	0
want	tear	4	2
want	thing	3	0
want	thistle	3	1
want	thought	4	2
want	throne	3	0
want	time	4	0
want	tongue	3	1
want	tooth	3	1
want	top	4	2
want	town	2	1
want	tree	1	1
want	trouble	4	1
want	truth	4	0
want	use	4	2
want	village	2	1
want	voice	3	0
want	wall	3	1
want	want	4	3
want	war	4	0
want	water	3	0
want	way	4	1
want	week	4	2
want	well	3	1
want	while	4	3
want	wind	1	1
want	window	3	1
want	wine	3	0
want	wood	3	0
want	word	4	1
want	work	4	0
want	world	2	1
want	year	4	2
weep	air	3	4
weep	angel	0	4
weep	animal	0	4
weep	apple	3	4
weep	arm	4	4
weep	arrow	3	4
weep	baby	0	4
weep	back	4	4
weep	bag	3	4
weep	bank	4	4
weep	basket	3	4
weep	battle	4	4
weep	bear	0	4
weep	beard	3	4
weep	beast	0	4
weep	beauty	1	4
weep	bed	3	4
weep	bee	1	4
weep	being	0	4
weep	bell	2	4
weep	bird	0	4
weep	blood	4	1
weep	boat	3	4
weep	body	2	4
weep	book	3	4
weep	boot	3	4
weep	box	3	4
weep	boy	0	4
weep	branch	2	4
weep	bread	3	4
weep	bride	0	4
weep	bridegroom	0	4
weep	bridge	3	4
weep	brother	0	4
weep	business	4	4
weep	captain	0	4
weep	care	4	4
weep	carriage	3	4
weep	case	4	4
weep	castle	3	4
weep	cat	0	4
weep	cave	3	4
weep	chance	4	4
weep	cheese	3	4
weep	child	0	4
weep	chin	4	4
weep	church	3	4
weep	city	2	4
weep	clothes	3	4
weep	cloud	1	4
weep	coat	3	4
weep	company	1	4
weep	corner	4	4
weep	cottage	3	4
weep	country	2	4
weep	course	4	4
weep	court	1	4
weep	creature	0	4
weep	crow	0	4
weep	cry	4	4
weep	danger	4	4
weep	daughter	0	4
weep	day	3	4
weep	death	2	4
weep	deed	4	4
weep	delight	4	4
weep	dinner	4	4
weep	dish	3	4
weep	dog	0	4
weep	door	3	4
weep	dragon	0	4
weep	dream	3	4
weep	dress	3	4
weep	duck	0	4
weep	dust	4	4
weep	eagle	0	4
weep	ear	3	4
weep	earth	2	4
weep	egg	3	4
weep	elephant	0	4
weep	emperor	0	4
weep	end	4	4
weep	evening	3	4
weep	eye	0	4
weep	face	2	4
weep	fairy	0	4
weep	family	0	4
weep	farmer	0	4
weep	father	0	4
weep	fear	4	4
weep	feast	4	4
weep	feather	3	4
weep	fellow	0	4
weep	field	3	4
weep	fire	3	4
weep	fish	0	4
weep	flame	3	4
weep	floor	4	4
weep	flower	1	4
weep	folk	0	4
weep	food	3	4
weep	foot	4	4
weep	forehead	4	4
weep	forest	2	4
weep	form	3	4
weep	fox	0	4
weep	friend	0	4
weep	front	4	4
weep	garden	2	4
weep	gate	3	4
weep	gentleman	0	4
weep	giant	0	4
weep	gift	3	4
weep	girl	0	4
weep	glass	3	4
weep	gold	3	3
weep	grandfather	0	4
weep	grass	2	4
weep	grave	2	4
weep	ground	3	4
weep	guest	0	4
weep	gun	3	4
weep	hair	4	4
weep	hall	3	4
weep	hand	4	4
weep	hare	0	4
weep	head	3	4
weep	heap	4	4
weep	heart	1	4
weep	help	4	4
weep	hero	0	4
weep	hill	3	4
weep	hole	4	4
weep	home	3	4
weep	honey	3	3
weep	horn	3	4
weep	horse	0	4
weep	hour	4	4
weep	house	3	4
weep	husband	0	4
weep	hut	3	4
weep	instant	4	4
weep	iron	3	4
weep	island	3	4
weep	journey	4	4
weep	joy	3	4
weep	kind	4	4
weep	king	0	4
weep	kingdom	2	4
weep	kitchen	3	4
weep	knife	3	4
weep	knight	0	4
weep	lad	0	4
weep	lady	0	4
weep	lake	2	3
weep	land	2	4
weep	leaf	2	4
weep	leg	4	4
weep	length	4	4
weep	letter	3	4
weep	life	3	4
weep	light	3	4
weep	lion	0	4
weep	look	4	4
weep	love	3	4
weep	magic	3	4
weep	magician	0	4
weep	maid	0	4
weep	maiden	0	4
weep	man	0	4
weep	marriage	4	4
weep	master	0	4
weep	matter	4	4
weep	meat	3	4
weep	merchant	0	4
weep	mermaid	0	4
weep	midst	4	4
weep	mind	3	4
weep	minute	4	4
weep	moment	4	4
weep	money	3	4
weep	monkey	0	4
weep	moon	1	4
weep	morning	3	4
weep	morrow	4	4
weep	mother	0	4
weep	mountain	2	4
weep	mouse	0	4
weep	mouth	3	4
weep	name	4	4
weep	neck	4	4
weep	needle	3	4
weep	nest	3	4
weep	night	2	4
weep	noise	4	4
weep	number	4	4
weep	one	0	4
weep	opinion	4	4
weep	order	4	4
weep	other	0	4
weep	pain	4	4
weep	pair	1	4
weep	palace	3	4
weep	part	4	4
weep	paw	4	4
weep	peace	4	4
weep	peasant	0	4
weep	people	0	4
weep	piece	4	4
weep	pig	0	4
weep	place	4	4
weep	pleasure	4	4
weep	plenty	4	4
weep	poet	0	4
weep	power	4	4
weep	prince	0	4
weep	princess	0	4
weep	queen	0	4
weep	rabbit	0	4
weep	rest	4	4
weep	right	4	4
weep	ring	3	4
weep	river	2	2
weep	road	3	4
weep	rock	2	4
weep	room	3	4
weep	rose	1	4
weep	sack	3	4
weep	sand	3	4
weep	sea	2	2
weep	search	4	4
weep	sense	4	4
weep	serpent	0	4
weep	servant	0	4
weep	sheep	0	4
weep	ship	3	4
weep	shoe	3	4
weep	shore	3	4
weep	shoulder	4	4
weep	side	4	4
weep	sight	4	4
weep	silver	3	3
weep	sister	0	4
weep	slave	0	4
weep	snow	3	4
weep	soldier	0	4
weep	son	0	4
weep	song	3	4
weep	sorrow	3	3
weep	spot	4	4
weep	spring	2	4
weep	star	1	4
weep	step	4	4
weep	stone	2	4
weep	story	3	4
weep	stranger	0	4
weep	stream	2	3
weep	street	3	4
weep	strength	4	4
weep	subject	0	4
weep	sun	2	4
weep	sword	3	4
weep	table	3	4
weep	tale	3	4
weep	tear	3	0
weep	thing	2	4
weep	thistle	2	4
weep	thought	4	4
weep	throne	3	4
weep	time	4	4
weep	tongue	4	4
weep	tooth	4	4
weep	top	4	4
weep	town	2	4
weep	tree	1	4
weep	trouble	4	4
weep	truth	4	4
weep	use	4	4
weep	village	2	4
weep	vizir	0	4
weep	voice	3	4
weep	wall	3	4
weep	want	4	4
weep	war	4	4
weep	water	3	2
weep	way	4	4
weep	week	4	4
weep	well	2	4
weep	while	4	4
weep	wife	0	4
weep	wind	1	4
weep	window	3	4
weep	wine	3	3
weep	witch	0	4
weep	wolf	0	4
weep	woman	0	4
weep	wood	2	4
weep	word	4	4
weep	work	4	4
weep	world	2	4
weep	year	4	4
weep	youth	0	4
wish	air	3	2
wish	angel	0	1
wish	animal	0	1
wish	apple	2	1
wish	arm	3	2
wish	arrow	3	1
wish	baby	1	1
wish	back	4	3
wish	bag	2	1
wish	bank	3	2
wish	basket	2	1
wish	battle	4	2
wish	bear	0	1
wish	beard	3	1
wish	beast	0	1
wish	beauty	1	1
wish	bed	2	1
wish	bee	0	2
wish	being	0	2
wish	bell	2	1
wish	bird	0	1
wish	blood	3	2
wish	boat	2	1
wish	body	3	2
wish	book	2	1
wish	boot	2	1
wish	box	2	1
wish	boy	0	1
wish	branch	2	2
wish	bread	2	1
wish	bride	0	1
wish	bridegroom	0	1
wish	bridge	2	1
wish	brother	0	1
wish	business	3	2
wish	captain	0	1
wish	care	3	2
wish	carriage	2	1
wish	case	4	4
wish	castle	2	1
wish	cat	0	1
wish	cave	2	2
wish	chance	3	1
wish	cheese	3	1
wish	child	0	1
wish	chin	3	3
wish	church	3	2
wish	city	2	1
wish	clothes	3	1
wish	cloud	1	1
wish	coat	2	1
wish	company	1	1
wish	corner	4	3
wish	cottage	2	1
wish	country	2	1
wish	course	4	3
wish	court	1	2
wish	creature	0	1
wish	crow	0	1
wish	cry	4	3
wish	danger	3	2
wish	daughter	0	1
wish	day	3	1
wish	death	3	1
wish	deed	3	2
wish	delight	3	1
wish	dinner	3	1
wish	dish	2	1
wish	dog	0	1
wish	door	2	1
wish	dragon	0	1
wish	dream	3	1
wish	dress	2	1
wish	duck	0	1
wish	dust	3	2
wish	eagle	0	1
wish	ear	3	3
wish	earth	2	1
wish	egg	2	1
wish	elephant	0	1
wish	emperor	0	1
wish	end	4	1
wish	evening	3	1
wish	eye	3	2
wish	face	3	2
wish	fairy	0	1
wish	family	0	1
wish	farmer	0	1
wish	father	0	1
wish	fear	3	3
wish	feast	3	1
wish	feather	2	1
wish	fellow	0	1
wish	field	2	1
wish	fire	2	1
wish	fish	0	1
wish	flame	2	2
wish	floor	3	3
wish	flower	1	1
wish	folk	0	1
wish	food	3	1
wish	foot	3	2
wish	forehead	3	3
wish	forest	2	1
wish	form	3	1
wish	fox	0	1
wish	friend	0	1
wish	front	4	4
wish	garden	2	1
wish	gate	2	1
wish	gentleman	0	1
wish	giant	0	1
wish	gift	3	1
wish	girl	0	1
wish	glass	2	1
wish	gold	2	0
wish	grandfather	0	1
wish	grass	2	2
wish	grave	2	2
wish	ground	3	2
wish	guest	0	1
wish	gun	3	1
wish	hair	3	1
wish	hall	2	1
wish	hand	3	2
wish	hare	0	1
wish	head	3	2
wish	heap	3	2
wish	heart	1	2
wish	help	3	1
wish	hero	0	1
wish	hill	2	1
wish	hole	3	2
wish	home	2	1
wish	honey	3	1
wish	horn	2	1
wish	horse	0	1
wish	hour	3	2
wish	house	2	1
wish	husband	0	0
wish	hut	2	1
wish	instant	4	4
wish	iron	3	2
wish	island	2	1
wish	journey	3	1
wish	joy	3	0
wish	kind	4	3
wish	king	0	1
wish	kingdom	2	1
wish	kitchen	3	2
wish	knife	2	1
wish	knight	0	1
wish	lad	0	1
wish	lady	0	1
wish	lake	2	1
wish	land	2	1
wish	leaf	2	2
wish	leg	3	2
wish	length	4	4
wish	letter	3	1
wish	life	3	0
wish	light	3	1
wish	lion	0	1
wish	look	4	3
wish	love	3	1
wish	magic	3	1
wish	magician	0	1
wish	maid	0	1
wish	maiden	0	1
wish	man	0	1
wish	marriage	3	1
wish	master	0	1
wish	matter	4	3
wish	meat	3	1
wish	merchant	0	1
wish	mermaid	0	1
wish	midst	4	4
wish	mind	2	3
wish	minute	4	2
wish	moment	4	2
wish	money	3	0
wish	monkey	0	1
wish	moon	1	1
wish	morning	3	1
wish	morrow	4	2
wish	mother	0	1
wish	mountain	2	1
wish	mouse	0	1
wish	mouth	3	3
wish	name	4	2
wish	neck	3	3
wish	needle	2	1
wish	nest	3	1
wish	night	3	1
wish	noise	4	3
wish	number	4	3
wish	one	0	1
wish	opinion	4	3
wish	order	4	3
wish	other	0	1
wish	pain	3	1
wish	pair	2	2
wish	palace	2	0
wish	part	4	3
wish	paw	3	2
wish	peace	3	1
wish	peasant	0	1
wish	people	0	1
wish	piece	3	2
wish	pig	0	1
wish	place	3	2
wish	pleasure	3	1
wish	plenty	4	1
wish	poet	0	1
wish	power	3	1
wish	prince	0	1
wish	princess	0	1
wish	queen	0	1
wish	rabbit	0	1
wish	rest	4	1
wish	right	4	2
wish	ring	2	1
wish	river	1	1
wish	road	2	1
wish	rock	2	2
wish	room	3	1
wish	rose	1	1
wish	sack	2	1
wish	sand	3	2
wish	sea	1	1
wish	search	4	3
wish	sense	3	2
wish	serpent	0	1
wish	servant	0	1
wish	sheep	0	1
wish	ship	2	1
wish	shoe	2	1
wish	shore	3	2
wish	shoulder	3	3
wish	side	4	3
wish	sight	3	2
wish	silver	3	0
wish	sister	0	1
wish	slave	0	1
wish	snow	2	1
wish	soldier	0	1
wish	son	0	0
wish	song	2	1
wish	sorrow	3	1
wish	spot	4	3
wish	spring	2	1
wish	star	1	1
wish	step	4	3
wish	stone	2	2
wish	story	3	1
wish	stranger	0	1
wish	stream	1	2
wish	street	3	2
wish	strength	3	1
wish	subject	0	2
wish	sun	1	1
wish	sword	2	1
wish	table	2	1
wish	tale	3	1
wish	tear	3	2
wish	thing	2	1
wish	thistle	1	2
wish	thought	3	2
wish	throne	2	1
wish	time	3	2
wish	tongue	3	2
wish	tooth	3	2
wish	top	4	3
wish	town	2	1
wish	tree	1	1
wish	trouble	3	1
wish	truth	3	2
wish	use	4	3
wish	village	1	1
wish	vizir	0	1
wish	voice	3	1
wish	wall	2	2
wish	want	4	3
wish	war	3	1
wish	water	2	1
wish	way	4	2
wish	week	4	2
wish	well	2	1
wish	while	4	3
wish	wife	0	0
wish	wind	1	1
wish	window	2	2
wish	wine	3	1
wish	witch	0	1
wish	wolf	0	1
wish	woman	0	1
wish	wood	2	1
wish	word	3	2
wish	work	3	2
wish	world	2	1
wish	year	3	2
wish	youth	0	1
