# Verbal multiword expressions (docs/absurdity.md, world idioms): verb, object or particle, kind (idiom | light-verb | collocation | phrasal-verb | candidate — a corpus-only pair, not confirmed by a dictionary, never suppresses an alarm), corpus count, source.
# From 5.78 M sentences of public-domain books (syntax-aware PMI over dependency arcs) + the absurdity matrix + English Wiktionary entries + open/copyleft MWE resources (MAGPIE, PARSEME 1.3 EN, STREUSLE, SemEval-2022 Task 2, WordNet, ConceptNet).
# License: CC BY-SA 4.0 (derived from Wiktionary, STREUSLE, ConceptNet; MAGPIE and PARSEME annotations CC BY 4.0; WordNet licence); free, part of the open release.
abandon	design	candidate	32	corpus
abandon	enterprise	candidate	32	corpus
abandon	post	candidate	29	corpus
abandon	project	candidate	23	corpus
abandon	pursuit	candidate	28	corpus
abandon	ship	collocation	20	wiktionary
abandon	siege	candidate	49	corpus
abate	maidenhead	candidate	20	corpus
abdicate	throne	candidate	39	corpus
abide	day	candidate	137	corpus
abide	while	candidate	62	corpus
abjure	realm	collocation	3	wiktionary
abolish	custom	candidate	45	corpus
abolish	slavery	candidate	62	corpus
absorb	interest	candidate	41	corpus
abuse	privilege	candidate	21	corpus
accept	apology	candidate	36	corpus
accept	bribe	candidate	25	corpus
accept	challenge	candidate	275	corpus
accept	christianity	candidate	39	corpus
accept	hospitality	candidate	67	corpus
accept	invitation	candidate	608	corpus
accept	offer	candidate	690	corpus
accept	proposal	candidate	149	corpus
accept	proposition	candidate	35	corpus
accept	resignation	candidate	33	corpus
accept	service	collocation	78	wiktionary
accept	term	candidate	137	corpus
accept	wager	candidate	20	corpus
accommodate	person	candidate	20	corpus
accompany	action	candidate	22	corpus
accompany	expedition	candidate	56	corpus
accomplish	design	candidate	47	corpus
accomplish	destiny	candidate	23	corpus
accomplish	destruction	candidate	38	corpus
accomplish	feat	candidate	104	corpus
accomplish	mission	candidate	51	corpus
accomplish	object	candidate	177	corpus
accomplish	purpose	candidate	205	corpus
accomplish	task	candidate	206	corpus
accumulate	wealth	candidate	23	corpus
achieve	adventure	candidate	64	corpus
achieve	conquest	candidate	38	corpus
achieve	deed	candidate	28	corpus
achieve	feat	candidate	20	corpus
achieve	independence	candidate	22	corpus
achieve	purpose	candidate	39	corpus
achieve	quest	candidate	25	corpus
achieve	result	candidate	33	corpus
achieve	success	candidate	68	corpus
achieve	task	candidate	21	corpus
achieve	triumph	candidate	29	corpus
achieve	victory	candidate	60	corpus
acknowledge	authority	candidate	39	corpus
acknowledge	fault	candidate	30	corpus
acknowledge	indebtedness	candidate	31	corpus
acknowledge	independence	candidate	23	corpus
acknowledge	obligation	candidate	39	corpus
acknowledge	supremacy	candidate	34	corpus
acquire	fame	candidate	32	corpus
acquire	habit	candidate	85	corpus
acquire	knowledge	candidate	244	corpus
acquire	merit	candidate	44	corpus
acquire	renown	candidate	20	corpus
acquire	reputation	candidate	92	corpus
acquire	rich	candidate	28	corpus
acquire	significance	candidate	21	corpus
acquire	skill	candidate	38	corpus
acquire	wealth	candidate	61	corpus
act	fool	collocation	3	wiktionary
act	part	candidate	406	corpus
act	play	candidate	39	corpus
add	fuel	candidate	38	corpus
add	oil	idiom	5	wiktionary
add	up	phrasal-verb	27	corpus
add	value	collocation	17	wiktionary
address	assembly	candidate	36	corpus
address	ball	collocation	4	wiktionary
address	multitude	candidate	21	corpus
adduce	evidence	candidate	48	corpus
adduce	example	candidate	20	corpus
adduce	instance	candidate	22	corpus
adjourn	court	candidate	23	corpus
adjudge	prize	candidate	21	corpus
adjure	thee	candidate	23	corpus
adjust	spectacle	candidate	21	corpus
administer	affair	candidate	25	corpus
administer	consolation	candidate	24	corpus
administer	justice	candidate	100	corpus
administer	law	candidate	30	corpus
administer	medicine	candidate	23	corpus
administer	oath	candidate	39	corpus
administer	rite	candidate	20	corpus
administer	sacrament	candidate	36	corpus
admire	beauty	candidate	138	corpus
admit	defeat	collocation	9	wiktionary
admit	existence	candidate	48	corpus
admit	possibility	candidate	29	corpus
adopt	christianity	candidate	28	corpus
adopt	constitution	candidate	45	corpus
adopt	device	candidate	26	corpus
adopt	expedient	candidate	25	corpus
adopt	measure	candidate	80	corpus
adopt	method	candidate	103	corpus
adopt	mode	candidate	41	corpus
adopt	plan	candidate	137	corpus
adopt	policy	candidate	55	corpus
adopt	precaution	candidate	25	corpus
adopt	resolution	candidate	35	corpus
adopt	style	candidate	22	corpus
adopt	suggestion	candidate	38	corpus
adopt	system	candidate	65	corpus
adorn	wall	candidate	69	corpus
advance	ball	collocation	7	wiktionary
advance	distance	candidate	20	corpus
advance	pace	candidate	21	corpus
advance	step	candidate	143	corpus
advance	sum	candidate	21	corpus
advance	theory	candidate	39	corpus
advance	up	phrasal-verb	41	corpus
affect	compromise	candidate	32	corpus
affect	cure	candidate	59	corpus
affect	escape	candidate	94	corpus
affect	junction	candidate	25	corpus
affect	landing	candidate	42	corpus
affect	reconciliation	candidate	27	corpus
affix	signature	candidate	21	corpus
afford	amusement	candidate	32	corpus
afford	clue	candidate	22	corpus
afford	contrast	candidate	20	corpus
afford	evidence	candidate	60	corpus
afford	example	candidate	63	corpus
afford	glimpse	candidate	33	corpus
afford	illustration	candidate	45	corpus
afford	instance	candidate	40	corpus
afford	luxury	candidate	23	corpus
afford	material	candidate	31	corpus
afford	opportunity	candidate	120	corpus
afford	parallel	candidate	21	corpus
afford	proof	candidate	74	corpus
afford	protection	candidate	72	corpus
afford	relief	candidate	33	corpus
afford	shade	candidate	21	corpus
afford	shelter	candidate	54	corpus
afford	sport	candidate	26	corpus
agitate	mind	candidate	37	corpus
aid	greek	candidate	23	corpus
aid	trojan	candidate	21	corpus
aim	arrow	candidate	78	corpus
aim	blow	candidate	180	corpus
aim	gun	candidate	28	corpus
aim	shaft	candidate	31	corpus
aim	spear	candidate	33	corpus
alienate	affection	candidate	24	corpus
allay	fear	candidate	37	corpus
allay	suspicion	candidate	24	corpus
allay	thirst	candidate	22	corpus
alleviate	suffering	candidate	33	corpus
alter	case	candidate	49	corpus
alter	course	candidate	69	corpus
amass	fortune	candidate	29	corpus
amass	wealth	candidate	40	corpus
anchor	ship	candidate	30	corpus
anger	god	candidate	21	corpus
annihilate	army	candidate	21	corpus
announce	approach	candidate	120	corpus
announce	arrival	candidate	180	corpus
announce	decision	candidate	23	corpus
announce	departure	candidate	21	corpus
announce	determination	candidate	26	corpus
announce	discovery	candidate	27	corpus
announce	intention	candidate	176	corpus
announce	return	candidate	50	corpus
announce	visitor	candidate	24	corpus
anoint	body	candidate	53	corpus
answer	call	collocation	136	wiktionary
answer	helm	collocation	5	wiktionary
answer	query	candidate	30	corpus
answer	question	candidate	1291	corpus
answer	summon	candidate	111	corpus
anticipate	result	candidate	21	corpus
anticipate	wish	candidate	32	corpus
appease	anger	candidate	84	corpus
appease	deity	candidate	20	corpus
appease	hunger	candidate	86	corpus
appease	wrath	candidate	119	corpus
apply	ear	candidate	36	corpus
apply	epithet	candidate	46	corpus
apply	key	candidate	20	corpus
apply	method	candidate	40	corpus
apply	pressure	collocation	14	conceptnet-5.7+parseme-1.3-en
apply	principle	candidate	49	corpus
apply	remedy	candidate	73	corpus
apply	term	candidate	173	corpus
apply	test	candidate	51	corpus
apply	torch	candidate	76	corpus
appoint	commission	candidate	44	corpus
appoint	commissioner	candidate	33	corpus
appoint	committee	candidate	74	corpus
appoint	governor	candidate	57	corpus
appoint	judge	candidate	23	corpus
appoint	meeting	candidate	47	corpus
appoint	officer	candidate	45	corpus
appoint	successor	candidate	28	corpus
appreciate	beauty	candidate	28	corpus
appreciate	importance	candidate	25	corpus
appreciate	kindness	candidate	20	corpus
appreciate	value	candidate	40	corpus
apprehend	danger	candidate	45	corpus
approach	shore	candidate	128	corpus
approve	plan	candidate	25	corpus
arch	back	candidate	34	corpus
arch	neck	candidate	42	corpus
argue	case	candidate	22	corpus
argue	matter	candidate	46	corpus
argue	point	candidate	42	corpus
arise	shout	candidate	32	corpus
arise	strife	candidate	23	corpus
arise	tumult	candidate	24	corpus
arouse	anger	candidate	68	corpus
arouse	curiosity	candidate	102	corpus
arouse	emotion	candidate	24	corpus
arouse	enthusiasm	candidate	27	corpus
arouse	indignation	candidate	30	corpus
arouse	interest	candidate	97	corpus
arouse	jealousy	candidate	46	corpus
arouse	passion	candidate	35	corpus
arouse	suspicion	candidate	182	corpus
arouse	sympathy	candidate	26	corpus
arouse	wrath	candidate	32	corpus
arrange	affair	candidate	83	corpus
arrange	detail	candidate	39	corpus
arrange	marriage	candidate	77	corpus
arrange	matter	candidate	190	corpus
arrange	meeting	candidate	35	corpus
arrange	preliminary	candidate	21	corpus
arrest	attention	candidate	182	corpus
arrest	progress	candidate	88	corpus
arrow	shot	candidate	26	corpus
articulate	speech	candidate	27	corpus
ascend	bank	candidate	31	corpus
ascend	chariot	candidate	39	corpus
ascend	flight	candidate	32	corpus
ascend	hill	candidate	151	corpus
ascend	ladder	candidate	39	corpus
ascend	mountain	candidate	171	corpus
ascend	slope	candidate	29	corpus
ascend	stair	candidate	155	corpus
ascend	staircase	candidate	48	corpus
ascend	step	candidate	161	corpus
ascend	throne	candidate	411	corpus
ascend	tower	candidate	26	corpus
ascertain	cause	candidate	88	corpus
ascertain	fact	candidate	47	corpus
ascertain	nature	candidate	25	corpus
ascertain	truth	candidate	54	corpus
ascribe	origin	candidate	57	corpus
ascribe	virtue	candidate	20	corpus
ask	alms	candidate	89	corpus
ask	cause	candidate	205	corpus
ask	forgiveness	candidate	74	corpus
ask	monkey	candidate	24	corpus
ask	permission	candidate	418	corpus
ask	question	collocation	2994	wiktionary
assail	ear	candidate	47	corpus
assemble	army	candidate	103	corpus
assemble	chief	candidate	28	corpus
assemble	council	candidate	51	corpus
assemble	crowd	candidate	22	corpus
assemble	guest	candidate	29	corpus
assemble	host	candidate	31	corpus
assemble	multitude	candidate	20	corpus
assemble	number	candidate	46	corpus
assemble	troops	candidate	43	corpus
assert	authority	candidate	25	corpus
assert	claim	candidate	38	corpus
assert	right	candidate	83	corpus
assign	date	candidate	47	corpus
assign	origin	candidate	40	corpus
assign	reason	candidate	67	corpus
assuage	grief	candidate	22	corpus
assuage	pain	candidate	21	corpus
assume	aspect	candidate	108	corpus
assume	attitude	candidate	93	corpus
assume	character	candidate	193	corpus
assume	dimension	candidate	24	corpus
assume	disguise	candidate	57	corpus
assume	dress	candidate	37	corpus
assume	form	candidate	1072	corpus
assume	garb	candidate	29	corpus
assume	guise	candidate	35	corpus
assume	hue	candidate	43	corpus
assume	offensive	candidate	22	corpus
assume	position	idiom	84	wiktionary
assume	proportion	candidate	69	corpus
assume	responsibility	candidate	58	corpus
assume	role	candidate	24	corpus
assume	shape	candidate	429	corpus
assume	title	candidate	125	corpus
assure	reader	candidate	28	corpus
attach	cord	candidate	20	corpus
attach	importance	candidate	169	corpus
attach	rope	candidate	41	corpus
attach	string	candidate	31	corpus
attach	value	candidate	30	corpus
attach	weight	candidate	33	corpus
attack	caravan	candidate	28	corpus
attain	age	candidate	181	corpus
attain	aim	candidate	22	corpus
attain	degree	candidate	45	corpus
attain	development	candidate	21	corpus
attain	end	candidate	134	corpus
attain	goal	candidate	25	corpus
attain	growth	candidate	21	corpus
attain	height	candidate	76	corpus
attain	majority	candidate	30	corpus
attain	maturity	candidate	24	corpus
attain	object	candidate	128	corpus
attain	perfection	candidate	35	corpus
attain	puberty	candidate	21	corpus
attain	rank	candidate	27	corpus
attain	size	candidate	44	corpus
attain	summit	candidate	26	corpus
attempt	escape	candidate	38	corpus
attempt	rescue	candidate	36	corpus
attempt	resistance	candidate	27	corpus
attempt	task	candidate	36	corpus
attend	council	candidate	50	corpus
attend	effort	candidate	29	corpus
attend	funeral	candidate	107	corpus
attend	lecture	candidate	59	corpus
attend	meeting	candidate	126	corpus
attend	school	candidate	143	corpus
attend	tournament	candidate	20	corpus
attend	wedding	candidate	27	corpus
attest	fact	candidate	23	corpus
attest	truth	candidate	25	corpus
attract	admiration	candidate	23	corpus
attract	attention	collocation	1760	wiktionary
attract	notice	candidate	272	corpus
attribute	disease	candidate	21	corpus
attribute	invention	candidate	35	corpus
attribute	origin	candidate	37	corpus
attribute	success	candidate	27	corpus
attribute	virtue	candidate	49	corpus
avenge	crime	candidate	20	corpus
avenge	death	candidate	464	corpus
avenge	injury	candidate	43	corpus
avenge	insult	candidate	93	corpus
avenge	murder	candidate	73	corpus
avenge	wrong	candidate	160	corpus
avert	calamity	candidate	54	corpus
avert	catastrophe	candidate	28	corpus
avert	danger	candidate	104	corpus
avert	doom	candidate	32	corpus
avert	evil	candidate	73	corpus
avert	fate	candidate	36	corpus
avert	misfortune	candidate	27	corpus
avert	wrath	candidate	29	corpus
avoid	confusion	candidate	20	corpus
avoid	contact	candidate	25	corpus
avoid	danger	candidate	81	corpus
avoid	encounter	candidate	23	corpus
avoid	intercourse	candidate	25	corpus
avoid	observation	candidate	28	corpus
await	approach	candidate	91	corpus
await	arrival	candidate	267	corpus
await	attack	candidate	75	corpus
await	development	candidate	23	corpus
await	event	candidate	45	corpus
await	issue	candidate	41	corpus
await	onset	candidate	26	corpus
await	pleasure	candidate	41	corpus
await	result	candidate	98	corpus
await	return	candidate	342	corpus
await	signal	candidate	45	corpus
awake	echo	candidate	37	corpus
awaken	curiosity	candidate	20	corpus
awaken	echo	candidate	25	corpus
awaken	interest	candidate	50	corpus
awaken	sleeper	candidate	27	corpus
awaken	suspicion	candidate	44	corpus
awaken	sympathy	candidate	23	corpus
award	prize	candidate	72	corpus
back	up	idiom	3	wiktionary
bait	hook	candidate	59	corpus
bait	horse	candidate	26	corpus
bake	bread	collocation	140	wiktionary
bake	cake	candidate	165	corpus
bake	loaf	candidate	34	corpus
bake	pie	candidate	32	corpus
balance	account	candidate	22	corpus
bandage	eye	candidate	53	corpus
bandage	wound	candidate	28	corpus
bang	door	candidate	64	corpus
banish	fear	candidate	44	corpus
banish	sleep	candidate	20	corpus
banquet	hall	candidate	25	corpus
baptize	child	candidate	53	corpus
bar	door	candidate	171	corpus
bar	entrance	candidate	33	corpus
bar	gate	candidate	57	corpus
bar	passage	candidate	50	corpus
bar	path	candidate	25	corpus
bar	progress	candidate	33	corpus
bar	way	candidate	260	corpus
bar	window	candidate	30	corpus
bare	arm	candidate	53	corpus
bare	blade	candidate	22	corpus
bare	breast	collocation	22	wiktionary
bare	heart	collocation	4	wiktionary
bare	myths	candidate	26	corpus
bare	shield	candidate	34	corpus
bare	soul	idiom	10	wiktionary
bare	tooth	candidate	20	corpus
bark	dog	candidate	37	corpus
barricade	door	candidate	24	corpus
base	argument	candidate	23	corpus
base	conclusion	candidate	22	corpus
base	theory	candidate	26	corpus
bat	eye	collocation	4	wiktionary
bath	face	candidate	100	corpus
bath	limb	candidate	20	corpus
bath	wound	candidate	37	corpus
bathe	foot	candidate	25	corpus
batter	down	phrasal-verb	39	corpus
batter	ram	candidate	50	corpus
batter	wall	candidate	25	corpus
be	fond	candidate	21	corpus
be	fool	candidate	72	corpus
be	glad	candidate	42	corpus
be	goin	candidate	63	corpus
be	man	idiom	395	wiktionary
be	mother	idiom	32	wiktionary
be	one	collocation	51	wiktionary
be	sick	collocation	9	wiktionary
beach	canoe	candidate	21	corpus
beach	ship	candidate	26	corpus
bear	away	phrasal-verb	28	corpus
bear	bell	collocation	16	wiktionary
bear	brunt	idiom	104	wiktionary
bear	burden	candidate	246	corpus
bear	date	collocation	52	wiktionary
bear	down	phrasal-verb	49	corpus
bear	fruit	idiom	359	conceptnet-5.7+epie+magpie+pie-english
bear	grudge	collocation	44	wiktionary
bear	hand	idiom	67	wiktionary
bear	impress	candidate	52	corpus
bear	imprint	candidate	24	corpus
bear	in	collocation	17	wiktionary
bear	inscription	candidate	147	corpus
bear	malice	candidate	53	corpus
bear	off	phrasal-verb	32	corpus
bear	out	phrasal-verb	85	corpus
bear	resemblance	candidate	431	corpus
bear	stamp	candidate	62	corpus
bear	testimony	candidate	135	corpus
bear	up	phrasal-verb	65	corpus
bear	witness	collocation	267	wiktionary
beard	lion	collocation	19	wiktionary
beat	air	collocation	78	wiktionary
beat	all	collocation	6	wiktionary
beat	ass	idiom	3	wiktionary
beat	back	collocation	3	wiktionary
beat	bosom	candidate	27	corpus
beat	brain	idiom	23	wiktionary
beat	breast	collocation	265	wiktionary
beat	chest	collocation	4	wiktionary
beat	cock	idiom	3	wiktionary
beat	down	phrasal-verb	85	corpus
beat	drum	collocation	444	wiktionary
beat	face	collocation	41	wiktionary
beat	hollow	collocation	6	wiktionary
beat	hoof	collocation	9	wiktionary
beat	off	phrasal-verb	38	corpus
beat	out	phrasal-verb	42	corpus
beat	retreat	idiom	135	wiktionary
beat	tattoo	candidate	24	corpus
beat	time	collocation	113	wiktionary
beat	up	phrasal-verb	45	corpus
beat	wing	collocation	66	wiktionary
become	citizen	candidate	27	corpus
become	duty	candidate	30	corpus
become	queen	candidate	39	corpus
become	slave	candidate	36	corpus
become	subject	candidate	65	corpus
become	wife	candidate	85	corpus
befit	occasion	candidate	21	corpus
befit	rank	candidate	45	corpus
beg	alms	candidate	54	corpus
beg	boon	candidate	43	corpus
beg	bread	candidate	125	corpus
beg	forgiveness	candidate	67	corpus
beg	leave	collocation	13	wiktionary
beg	pardon	collocation	953	wiktionary
beg	permission	candidate	92	corpus
beg	question	idiom	15	magpie
begat	son	candidate	63	corpus
beget	child	candidate	79	corpus
beget	son	candidate	87	corpus
beggar	description	collocation	6	wiktionary
begin	ascent	candidate	59	corpus
begin	career	candidate	143	corpus
begin	march	candidate	108	corpus
begin	reign	candidate	48	corpus
begin	search	candidate	116	corpus
beguile	hour	candidate	48	corpus
behove	thee	candidate	31	corpus
believe	ear	candidate	88	corpus
believe	guilty	candidate	22	corpus
believe	spirit	candidate	64	corpus
bell	cat	idiom	24	wiktionary
bemoan	fate	candidate	56	corpus
bend	bow	candidate	269	corpus
bend	brow	candidate	25	corpus
bend	course	candidate	36	corpus
bend	down	phrasal-verb	53	corpus
bend	ear	idiom	21	wiktionary
bend	energy	candidate	20	corpus
bend	knee	idiom	169	wiktionary
bend	neck	candidate	57	corpus
bent	bow	candidate	26	corpus
bent	down	phrasal-verb	37	corpus
bent	ear	collocation	4	wiktionary
bent	knee	collocation	22	wiktionary
bent	step	candidate	37	corpus
beseech	aid	candidate	34	corpus
beseech	lord	candidate	41	corpus
beseech	mercy	candidate	41	corpus
beseech	thee	candidate	249	corpus
beset	path	candidate	29	corpus
beset	sin	candidate	23	corpus
besiege	castle	candidate	39	corpus
besiege	city	candidate	96	corpus
besiege	town	candidate	54	corpus
bestow	blessing	candidate	50	corpus
bestow	dress	candidate	50	corpus
bestow	favour	candidate	42	corpus
bestow	gift	candidate	180	corpus
bestow	praise	candidate	30	corpus
bestow	robe	candidate	36	corpus
bestride	horse	candidate	32	corpus
bet	life	collocation	23	wiktionary
bethink	thee	candidate	125	corpus
betide	thee	candidate	78	corpus
betray	presence	candidate	48	corpus
betray	secret	candidate	117	corpus
betray	trust	candidate	59	corpus
betroth	daughter	candidate	48	corpus
better	condition	candidate	30	corpus
bewail	death	candidate	59	corpus
bewail	fate	candidate	114	corpus
bewail	loss	candidate	69	corpus
bewail	lot	candidate	35	corpus
bewail	misfortune	candidate	26	corpus
bid	adieu	collocation	141	wiktionary
bid	defiance	candidate	38	corpus
bid	farewell	candidate	118	corpus
bid	guest	candidate	24	corpus
bid	welcome	candidate	23	corpus
bide	time	idiom	154	wiktionary
bind	brow	candidate	20	corpus
bind	sandal	candidate	21	corpus
bind	sheaf	candidate	45	corpus
bind	up	phrasal-verb	391	corpus
bite	dust	idiom	37	wiktionary
bite	lip	idiom	96	wiktionary
bite	nail	candidate	38	corpus
bite	off	phrasal-verb	51	corpus
bite	tail	candidate	23	corpus
bite	thumb	collocation	19	wiktionary
bite	tongue	idiom	29	wiktionary
black	boot	candidate	53	corpus
black	box	idiom	3	conceptnet-5.7+oewn-2025+pwn-3.1+semeval2022-task2
blacken	face	candidate	90	corpus
blaze	fire	candidate	64	corpus
blaze	torch	candidate	31	corpus
blaze	trail	idiom	15	wiktionary
blaze	up	phrasal-verb	21	corpus
bless	heart	collocation	196	wiktionary
bless	soul	candidate	181	corpus
bless	star	candidate	43	corpus
bless	union	candidate	27	corpus
blind	eye	candidate	204	corpus
blink	eye	candidate	100	corpus
blister	hand	candidate	22	corpus
block	entrance	candidate	28	corpus
block	path	candidate	20	corpus
block	road	candidate	41	corpus
block	up	phrasal-verb	119	corpus
block	way	candidate	88	corpus
blockade	port	candidate	22	corpus
bloom	flower	candidate	31	corpus
blot	out	phrasal-verb	112	corpus
blot	paper	candidate	31	corpus
blow	away	idiom	3	wiktionary
blow	bellow	candidate	66	corpus
blow	blast	candidate	249	corpus
blow	bubble	candidate	29	corpus
blow	cloud	collocation	37	wiktionary
blow	conch	candidate	32	corpus
blow	cork	collocation	3	wiktionary
blow	down	phrasal-verb	68	corpus
blow	dust	candidate	31	corpus
blow	gale	candidate	86	corpus
blow	horn	candidate	375	corpus
blow	hurricane	candidate	30	corpus
blow	kiss	idiom	16	wiktionary
blow	nose	collocation	78	wiktionary
blow	off	phrasal-verb	49	corpus
blow	out	phrasal-verb	246	corpus
blow	shell	candidate	49	corpus
blow	smoke	idiom	63	conceptnet-5.7+vnc-tokens-cook2008
blow	top	idiom	3	conceptnet-5.7+vnc-tokens-cook2008
blow	trumpet	idiom	141	conceptnet-5.7+vnc-tokens-cook2008
blow	up	phrasal-verb	240	corpus
blow	water	collocation	17	wiktionary
blow	whistle	idiom	101	wiktionary
blow	wind	candidate	89	corpus
blunt	edge	candidate	28	corpus
blur	line	idiom	3	wiktionary
blush	face	candidate	26	corpus
board	car	candidate	23	corpus
board	ship	candidate	64	corpus
board	train	candidate	29	corpus
board	vessel	candidate	25	corpus
bob	head	candidate	68	corpus
boil	egg	candidate	27	corpus
boil	flesh	candidate	32	corpus
boil	kettle	candidate	35	corpus
boil	meat	candidate	34	corpus
boil	oil	candidate	36	corpus
boil	pot	candidate	21	corpus
boil	water	candidate	216	corpus
bolt	door	candidate	145	corpus
book	ch	candidate	26	corpus
book	ix	candidate	44	corpus
book	vii	candidate	31	corpus
book	xii	candidate	26	corpus
border	river	candidate	28	corpus
border	road	candidate	30	corpus
bore	fruit	collocation	13	wiktionary
bore	hole	candidate	168	corpus
bore	in	collocation	3	wiktionary
bore	witness	collocation	4	wiktionary
borrow	london	candidate	32	corpus
borrow	money	candidate	178	corpus
borrow	trouble	collocation	20	wiktionary
bound	up	phrasal-verb	83	corpus
bow	down	phrasal-verb	65	corpus
bow	head	candidate	828	corpus
bow	knee	candidate	62	corpus
bow	thanks	candidate	20	corpus
box	ear	candidate	96	corpus
brace	foot	candidate	26	corpus
braid	hair	candidate	106	corpus
brake	spear	candidate	69	corpus
brandish	club	candidate	30	corpus
brandish	knife	candidate	25	corpus
brandish	lance	candidate	23	corpus
brandish	spear	candidate	117	corpus
brandish	sword	candidate	84	corpus
brandish	torch	candidate	21	corpus
brandish	weapon	candidate	41	corpus
brave	danger	candidate	52	corpus
break	back	idiom	129	wiktionary
break	bank	idiom	18	wiktionary
break	bond	candidate	92	corpus
break	bone	candidate	298	corpus
break	bread	collocation	44	wiktionary
break	bulk	collocation	8	wiktionary
break	camp	collocation	49	wiktionary
break	commandment	candidate	34	corpus
break	compact	candidate	22	corpus
break	cover	idiom	8	wiktionary
break	deadlock	idiom	4	wiktionary
break	down	phrasal-verb	398	corpus
break	edge	collocation	9	wiktionary
break	enchantment	candidate	95	corpus
break	face	idiom	9	wiktionary
break	fall	collocation	34	wiktionary
break	fast	collocation	10	wiktionary
break	fetter	candidate	35	corpus
break	ground	collocation	33	wiktionary
break	heart	idiom	731	wiktionary
break	ice	idiom	84	wiktionary
break	lance	idiom	63	wiktionary
break	leg	candidate	307	corpus
break	luck	collocation	3	wiktionary
break	monotony	candidate	47	corpus
break	mould	collocation	3	wiktionary
break	neck	collocation	429	wiktionary
break	news	collocation	93	wiktionary
break	off	phrasal-verb	468	corpus
break	open	idiom	4	wiktionary
break	out	phrasal-verb	968	corpus
break	pane	candidate	31	corpus
break	promise	idiom	201	wiktionary
break	rib	candidate	36	corpus
break	seal	idiom	108	wiktionary
break	silence	collocation	486	wiktionary
break	spell	candidate	401	corpus
break	stillness	candidate	192	corpus
break	taboo	candidate	42	corpus
break	truce	candidate	37	corpus
break	up	phrasal-verb	888	corpus
break	water	collocation	12	wiktionary
break	web	collocation	7	wiktionary
break	wheel	collocation	8	wiktionary
break	wind	idiom	13	wiktionary
break	word	collocation	183	wiktionary
breathe	air	candidate	294	corpus
breathe	atmosphere	candidate	32	corpus
breathe	breath	candidate	79	corpus
breathe	fire	idiom	70	conceptnet-5.7+pie-english
breathe	flame	candidate	32	corpus
breathe	fragrance	candidate	27	corpus
breathe	out	phrasal-verb	83	corpus
breathe	perfume	candidate	28	corpus
breathe	prayer	candidate	58	corpus
breathe	sigh	candidate	91	corpus
breathe	word	idiom	63	wiktionary
brew	ale	candidate	34	corpus
brew	beer	candidate	43	corpus
bribe	servant	candidate	24	corpus
bridge	gap	idiom	12	wiktionary
bridle	horse	candidate	32	corpus
bring	back	collocation	179	wiktionary
bring	conflict	collocation	9	parseme-1.3-en
bring	discredit	candidate	23	corpus
bring	down	phrasal-verb	304	corpus
bring	forward	idiom	3	wiktionary
bring	home	idiom	240	wiktionary
bring	in	collocation	4	wiktionary
bring	low	collocation	3	wiktionary
bring	out	phrasal-verb	734	corpus
bring	peace	collocation	107	conceptnet-5.7+parseme-1.3-en
bring	result	collocation	54	parseme-1.3-en
bring	round	idiom	29	wiktionary
bring	shame	collocation	74	parseme-1.3-en
bring	suit	collocation	81	wiktionary
bring	up	phrasal-verb	1345	corpus
bring	wood	collocation	106	wiktionary
bristle	hair	candidate	25	corpus
broach	subject	candidate	67	corpus
brush	cheek	candidate	21	corpus
brush	clothes	candidate	27	corpus
brush	dust	candidate	25	corpus
brush	hair	candidate	159	corpus
brush	tear	candidate	43	corpus
buffet	face	candidate	76	corpus
build	altar	candidate	98	corpus
build	ark	candidate	26	corpus
build	bower	candidate	33	corpus
build	bridge	idiom	192	parseme-1.3-en
build	cabin	candidate	80	corpus
build	cathedral	candidate	24	corpus
build	cell	candidate	45	corpus
build	chapel	candidate	94	corpus
build	church	candidate	351	corpus
build	convent	candidate	26	corpus
build	dam	candidate	53	corpus
build	edifice	candidate	34	corpus
build	fort	candidate	226	corpus
build	fortification	candidate	25	corpus
build	fortress	candidate	56	corpus
build	hut	candidate	194	corpus
build	mansion	candidate	41	corpus
build	monastery	candidate	65	corpus
build	mosque	candidate	29	corpus
build	nest	candidate	468	corpus
build	pyramid	candidate	86	corpus
build	pyre	candidate	26	corpus
build	railroad	candidate	31	corpus
build	structure	candidate	35	corpus
build	temple	candidate	646	corpus
build	tower	candidate	149	corpus
build	up	phrasal-verb	384	corpus
build	wall	candidate	354	corpus
build	wigwam	candidate	45	corpus
bulge	eye	candidate	20	corpus
bump	head	candidate	43	corpus
burn	brand	candidate	30	corpus
burn	charcoal	candidate	23	corpus
burn	cheek	candidate	23	corpus
burn	coal	collocation	72	wiktionary
burn	daylight	idiom	4	wiktionary
burn	down	phrasal-verb	112	corpus
burn	effigy	candidate	25	corpus
burn	fire	candidate	145	corpus
burn	flame	candidate	24	corpus
burn	incense	candidate	150	corpus
burn	lamp	candidate	31	corpus
burn	oil	candidate	36	corpus
burn	out	phrasal-verb	72	corpus
burn	tobacco	candidate	23	corpus
burn	up	phrasal-verb	99	corpus
burn	water	collocation	10	wiktionary
burn	witch	candidate	66	corpus
burst	asunder	candidate	45	corpus
burst	bond	candidate	52	corpus
burst	bubble	idiom	6	wiktionary
burst	chain	candidate	32	corpus
burst	out	phrasal-verb	226	corpus
bury	corpse	candidate	75	corpus
bury	ground	candidate	55	corpus
bury	hatchet	idiom	27	wiktionary
bury	nose	candidate	21	corpus
bury	remains	candidate	47	corpus
butt	head	candidate	21	corpus
button	coat	candidate	32	corpus
button	up	phrasal-verb	30	corpus
buy	candy	candidate	27	corpus
buy	cigar	candidate	22	corpus
buy	farm	idiom	57	wiktionary
buy	loaf	candidate	40	corpus
buy	merchandise	candidate	22	corpus
buy	out	phrasal-verb	20	corpus
buy	ticket	candidate	87	corpus
buy	time	idiom	6	wiktionary
buy	up	phrasal-verb	43	corpus
buy	worth	candidate	30	corpus
calculate	chance	candidate	20	corpus
call	back	collocation	28	conceptnet-5.7+dimsum16+oewn-2025+pwn-3.1+streusle-5.0+vpc-baldwin2008
call	ball	collocation	13	wiktionary
call	bluff	idiom	4	wiktionary
call	cab	collocation	15	wiktionary
call	down	phrasal-verb	126	corpus
call	halt	collocation	114	wiktionary
call	in	phrasal-verb	65	corpus
call	number	idiom	23	wiktionary
call	off	phrasal-verb	83	corpus
call	out	phrasal-verb	509	corpus
call	police	collocation	29	wiktionary
call	question	collocation	5	wiktionary
call	roll	collocation	36	wiktionary
call	round	collocation	3	wiktionary
call	time	collocation	76	wiktionary
call	tune	idiom	8	magpie+oewn-2025+pie-english+pwn-3.1
call	up	phrasal-verb	243	corpus
calm	fear	candidate	32	corpus
calm	mind	candidate	23	corpus
cap	climax	candidate	29	corpus
cape	breton	candidate	22	corpus
captivate	heart	candidate	25	corpus
capture	fort	candidate	70	corpus
card	wool	candidate	29	corpus
care	button	idiom	4	wiktionary
care	deal	candidate	23	corpus
care	fig	collocation	8	wiktionary
care	whit	idiom	8	wiktionary
carry	away	phrasal-verb	166	corpus
carry	back	collocation	37	conceptnet-5.7+oewn-2025+pwn-3.1
carry	baggage	candidate	70	corpus
carry	ball	collocation	44	wiktionary
carry	can	idiom	10	wiktionary
carry	conviction	collocation	51	wiktionary
carry	corn	collocation	35	wiktionary
carry	day	idiom	70	magpie+pie-english
carry	down	phrasal-verb	38	corpus
carry	load	candidate	205	corpus
carry	mail	idiom	36	wiktionary
carry	mantle	collocation	8	wiktionary
carry	off	phrasal-verb	1479	corpus
carry	on	phrasal-verb	41	corpus
carry	out	phrasal-verb	2234	corpus
carry	over	phrasal-verb	21	corpus
carry	point	collocation	89	wiktionary
carry	torch	idiom	132	wiktionary
carry	tune	collocation	3	wiktionary
carry	up	phrasal-verb	73	corpus
carry	water	idiom	286	wiktionary
carry	weight	idiom	123	wiktionary
carve	image	candidate	36	corpus
carve	out	phrasal-verb	29	corpus
carve	rune	candidate	27	corpus
cast	anchor	collocation	136	wiktionary
cast	away	phrasal-verb	25	corpus
cast	die	candidate	43	corpus
cast	down	phrasal-verb	203	corpus
cast	glance	candidate	592	corpus
cast	gloom	candidate	50	corpus
cast	glow	candidate	25	corpus
cast	horoscope	candidate	24	corpus
cast	javelin	candidate	30	corpus
cast	look	candidate	250	corpus
cast	lot	candidate	251	corpus
cast	mantle	candidate	40	corpus
cast	net	candidate	135	corpus
cast	off	phrasal-verb	140	corpus
cast	out	phrasal-verb	197	corpus
cast	shadow	idiom	227	wiktionary
cast	spell	candidate	189	corpus
cast	up	phrasal-verb	97	corpus
cast	vote	idiom	45	wiktionary
cast	water	collocation	34	wiktionary
catch	air	idiom	9	wiktionary
catch	attention	idiom	107	conceptnet-5.7+vnc-tokens-cook2008
catch	ball	collocation	56	wiktionary
catch	body	collocation	14	wiktionary
catch	breath	collocation	256	wiktionary
catch	cold	idiom	9	wiktionary
catch	crab	collocation	36	wiktionary
catch	death	idiom	29	wiktionary
catch	dick	collocation	14	wiktionary
catch	drift	idiom	21	wiktionary
catch	eel	candidate	29	corpus
catch	eye	idiom	495	wiktionary
catch	fancy	collocation	36	wiktionary
catch	fire	idiom	182	wiktionary
catch	fish	candidate	654	corpus
catch	gleam	candidate	65	corpus
catch	glimpse	collocation	911	conceptnet-5.7+parseme-1.3-en
catch	glint	candidate	20	corpus
catch	hold	collocation	659	wiktionary
catch	infection	candidate	32	corpus
catch	light	collocation	40	wiktionary
catch	mouse	candidate	117	corpus
catch	ride	collocation	3	wiktionary
catch	salmon	candidate	54	corpus
catch	sight	collocation	1825	conceptnet-5.7+oewn-2025+parseme-1.3-en+pwn-3.1
catch	sun	idiom	46	magpie
catch	trout	candidate	41	corpus
catch	up	phrasal-verb	514	corpus
catch	wave	idiom	12	wiktionary
cause	annoyance	candidate	31	corpus
cause	anxiety	candidate	74	corpus
cause	commotion	candidate	25	corpus
cause	confusion	candidate	50	corpus
cause	consternation	candidate	29	corpus
cause	death	idiom	442	conceptnet-5.7+parseme-1.3-en
cause	delay	candidate	55	corpus
cause	disturbance	candidate	40	corpus
cause	earthquake	candidate	23	corpus
cause	excitement	candidate	80	corpus
cause	inconvenience	candidate	27	corpus
cause	issue	collocation	4	parseme-1.3-en
cause	panic	candidate	27	corpus
cause	result	collocation	5	parseme-1.3-en
cause	scandal	candidate	20	corpus
cause	sickness	candidate	44	corpus
cause	sorrow	candidate	36	corpus
cause	stir	collocation	18	wiktionary
cause	trouble	collocation	206	conceptnet-5.7+parseme-1.3-en
cause	uneasiness	candidate	39	corpus
cease	fire	collocation	13	wiktionary
cease	firing	candidate	26	corpus
cease	song	candidate	30	corpus
celebrate	anniversary	candidate	39	corpus
celebrate	birthday	candidate	71	corpus
celebrate	event	candidate	49	corpus
celebrate	feast	candidate	137	corpus
celebrate	festival	candidate	346	corpus
celebrate	game	candidate	77	corpus
celebrate	marriage	candidate	216	corpus
celebrate	mass	candidate	45	corpus
celebrate	nuptial	candidate	116	corpus
celebrate	obsequy	candidate	32	corpus
celebrate	orgy	candidate	21	corpus
celebrate	rite	candidate	94	corpus
celebrate	triumph	candidate	36	corpus
celebrate	victory	candidate	113	corpus
celebrate	wedding	candidate	231	corpus
cement	friendship	candidate	20	corpus
chafe	hand	candidate	37	corpus
champ	bit	candidate	25	corpus
change	color	candidate	89	corpus
change	colour	candidate	139	corpus
change	course	collocation	233	wiktionary
change	current	candidate	29	corpus
change	game	idiom	3	wiktionary
change	hand	collocation	74	wiktionary
change	leg	collocation	4	wiktionary
change	mind	idiom	673	wiktionary
change	mood	candidate	25	corpus
change	place	collocation	245	wiktionary
change	story	idiom	8	wiktionary
change	subject	collocation	275	wiktionary
change	tack	collocation	4	wiktionary
change	tactic	candidate	21	corpus
change	tune	idiom	46	wiktionary
chant	dirge	candidate	28	corpus
chant	hymn	candidate	81	corpus
chant	incantation	candidate	22	corpus
chant	praise	candidate	39	corpus
chant	prayer	candidate	49	corpus
chant	psalm	candidate	24	corpus
chant	song	candidate	155	corpus
chant	spell	candidate	26	corpus
chant	verse	candidate	31	corpus
chapter	ix	candidate	24	corpus
chapter	vii	candidate	23	corpus
chare	cross	candidate	33	corpus
charge	price	candidate	30	corpus
chase	butterfly	candidate	32	corpus
chase	deer	candidate	51	corpus
chase	dragon	idiom	4	wiktionary
chase	hare	candidate	20	corpus
chase	hart	candidate	29	corpus
chase	stag	candidate	25	corpus
chase	tail	idiom	8	wiktionary
chase	up	collocation	6	wiktionary
chatter	tooth	candidate	22	corpus
cheat	death	collocation	4	wiktionary
cheat	devil	candidate	34	corpus
cheat	fate	collocation	4	wiktionary
check	advance	candidate	70	corpus
check	career	candidate	21	corpus
check	flight	candidate	25	corpus
check	flow	candidate	24	corpus
check	progress	candidate	63	corpus
check	speed	candidate	41	corpus
check	tear	candidate	24	corpus
cheer	heart	candidate	91	corpus
cheer	ship	collocation	3	wiktionary
cheer	spirit	candidate	44	corpus
cheer	up	phrasal-verb	65	corpus
cherish	desire	candidate	25	corpus
cherish	feeling	candidate	23	corpus
cherish	hope	candidate	82	corpus
cherish	memory	candidate	51	corpus
chew	cud	idiom	105	wiktionary
chew	leaf	candidate	24	corpus
chew	nut	candidate	21	corpus
chew	tobacco	candidate	31	corpus
chill	blood	candidate	48	corpus
chill	heart	candidate	37	corpus
choke	sob	candidate	26	corpus
choke	utterance	candidate	26	corpus
choke	voice	candidate	40	corpus
choose	alternative	candidate	25	corpus
choose	out	phrasal-verb	39	corpus
choose	partner	candidate	37	corpus
choose	site	candidate	30	corpus
choose	successor	candidate	26	corpus
chop	down	phrasal-verb	54	corpus
chop	off	phrasal-verb	87	corpus
chop	tree	candidate	20	corpus
chop	wood	candidate	117	corpus
churn	butter	candidate	23	corpus
churn	ocean	candidate	25	corpus
circulate	story	candidate	28	corpus
cit	page	candidate	238	corpus
cite	authority	candidate	27	corpus
cite	case	candidate	40	corpus
cite	example	candidate	41	corpus
cite	instance	candidate	52	corpus
cite	passage	candidate	36	corpus
cite	version	candidate	22	corpus
claim	descent	candidate	109	corpus
claim	kinship	candidate	29	corpus
claim	life	idiom	6	wiktionary
claim	merit	candidate	21	corpus
claim	privilege	candidate	54	corpus
claim	promise	candidate	21	corpus
claim	protection	candidate	59	corpus
claim	relationship	candidate	28	corpus
claim	reward	candidate	82	corpus
claim	right	candidate	154	corpus
claim	superiority	candidate	21	corpus
clamber	up	phrasal-verb	85	corpus
clap	back	collocation	3	wiktionary
clap	hand	candidate	1474	corpus
clap	spur	candidate	30	corpus
clap	wing	candidate	57	corpus
clapt	hand	candidate	21	corpus
clash	cymbal	candidate	24	corpus
clash	sword	candidate	24	corpus
clasp	hand	candidate	1174	corpus
clasp	knee	candidate	95	corpus
clasp	waist	candidate	23	corpus
clean	boot	candidate	26	corpus
clean	clock	idiom	5	wiktionary
clean	fish	candidate	31	corpus
clean	house	idiom	49	conceptnet-5.7+magpie+oewn-2025+pwn-3.1
clean	out	phrasal-verb	78	corpus
clean	plate	collocation	14	wiktionary
clean	shoe	candidate	22	corpus
clean	stable	candidate	33	corpus
clean	up	phrasal-verb	26	corpus
clear	air	idiom	29	wiktionary
clear	away	phrasal-verb	58	corpus
clear	deck	candidate	34	corpus
clear	fence	candidate	22	corpus
clear	forest	candidate	44	corpus
clear	ground	collocation	77	wiktionary
clear	name	collocation	21	wiktionary
clear	out	phrasal-verb	38	corpus
clear	snow	candidate	22	corpus
clear	space	candidate	68	corpus
clear	table	idiom	94	wiktionary
clear	throat	collocation	194	wiktionary
clear	up	phrasal-verb	193	corpus
clear	way	collocation	171	wiktionary
cleave	air	candidate	39	corpus
cleave	sky	candidate	20	corpus
clench	fist	candidate	104	corpus
clench	hand	candidate	114	corpus
clench	tooth	candidate	55	corpus
clerk	saunder	candidate	30	corpus
click	tongue	collocation	13	wiktionary
climb	bank	candidate	52	corpus
climb	cliff	candidate	46	corpus
climb	down	phrasal-verb	56	corpus
climb	fence	candidate	41	corpus
climb	height	candidate	34	corpus
climb	hill	candidate	325	corpus
climb	ladder	idiom	87	wiktionary
climb	mountain	candidate	229	corpus
climb	peak	candidate	20	corpus
climb	ridge	candidate	25	corpus
climb	rock	candidate	112	corpus
climb	slope	candidate	47	corpus
climb	stair	candidate	100	corpus
climb	staircase	candidate	20	corpus
climb	steep	candidate	24	corpus
climb	tree	candidate	688	corpus
climb	up	phrasal-verb	624	corpus
climb	wall	candidate	105	corpus
clip	hair	candidate	29	corpus
clip	wing	candidate	40	corpus
close	door	collocation	1125	wiktionary
close	eye	candidate	1284	corpus
close	eyelid	candidate	28	corpus
close	lid	candidate	39	corpus
close	mind	idiom	4	wiktionary
close	port	candidate	30	corpus
close	shutter	candidate	50	corpus
close	up	phrasal-verb	142	corpus
close	window	candidate	94	corpus
cloud	brow	candidate	27	corpus
clutch	arm	candidate	56	corpus
cock	ear	candidate	46	corpus
cock	up	phrasal-verb	30	corpus
coin	money	candidate	48	corpus
coin	phrase	collocation	4	wiktionary
collect	alms	candidate	26	corpus
collect	ash	candidate	50	corpus
collect	dust	idiom	5	wiktionary
collect	material	candidate	96	corpus
collect	quantity	candidate	72	corpus
collect	rent	candidate	28	corpus
collect	sens	candidate	33	corpus
collect	skin	collocation	4	wiktionary
collect	tax	candidate	34	corpus
comb	hair	collocation	483	wiktionary
comb	lock	candidate	36	corpus
comb	out	phrasal-verb	44	corpus
combine	element	candidate	24	corpus
come	back	collocation	4	wiktionary
come	chimney	candidate	42	corpus
come	contact	candidate	50	corpus
come	crash	candidate	51	corpus
come	cropper	idiom	11	wiktionary
come	destroyer	candidate	65	corpus
come	down	phrasal-verb	49	corpus
come	first	idiom	7	wiktionary
come	for	collocation	3	wiktionary
come	forward	idiom	19	wiktionary
come	gust	candidate	24	corpus
come	hame	candidate	82	corpus
come	home	collocation	65	wiktionary
come	knock	candidate	123	corpus
come	knocking	collocation	41	wiktionary
come	off	phrasal-verb	44	corpus
come	oftener	candidate	21	corpus
come	on	phrasal-verb	64	corpus
come	out	phrasal-verb	235	corpus
come	riding	candidate	73	corpus
come	right	collocation	11	wiktionary
come	round	collocation	9	wiktionary
come	tap	candidate	42	corpus
come	time	idiom	162	dimsum16+streusle-5.0
come	troll	candidate	23	corpus
come	unaware	candidate	35	corpus
come	undone	collocation	4	wiktionary
come	up	phrasal-verb	525	corpus
comfort	heart	candidate	93	corpus
command	brigade	candidate	20	corpus
command	presence	candidate	25	corpus
command	prospect	candidate	42	corpus
command	regiment	candidate	40	corpus
command	respect	candidate	90	corpus
command	view	candidate	258	corpus
commemorate	event	candidate	51	corpus
commemorate	victory	candidate	38	corpus
commence	ascent	candidate	22	corpus
commence	attack	candidate	51	corpus
commence	career	candidate	31	corpus
commence	journey	candidate	67	corpus
commence	march	candidate	40	corpus
commence	operation	candidate	70	corpus
commence	search	candidate	27	corpus
commence	series	candidate	23	corpus
commend	soul	candidate	33	corpus
commit	act	candidate	105	corpus
commit	action	candidate	41	corpus
commit	adultery	collocation	43	wiktionary
commit	affair	candidate	25	corpus
commit	crime	candidate	315	corpus
commit	depredation	candidate	30	corpus
commit	error	candidate	41	corpus
commit	excess	candidate	21	corpus
commit	fault	candidate	67	corpus
commit	mistake	candidate	34	corpus
commit	murder	candidate	155	corpus
commit	offence	candidate	77	corpus
commit	outrage	candidate	42	corpus
commit	ravage	candidate	21	corpus
commit	robbery	candidate	40	corpus
commit	sin	candidate	158	corpus
commit	suicide	collocation	179	wiktionary
commit	theft	candidate	35	corpus
communicate	information	candidate	30	corpus
communicate	intelligence	candidate	43	corpus
communicate	intention	candidate	21	corpus
commute	sentence	candidate	29	corpus
compare	id	candidate	101	corpus
compass	death	candidate	91	corpus
compass	destruction	candidate	37	corpus
compass	end	candidate	31	corpus
compile	book	candidate	22	corpus
complete	arrangement	candidate	74	corpus
complete	circuit	candidate	27	corpus
complete	conquest	candidate	47	corpus
complete	costume	candidate	35	corpus
complete	cure	candidate	20	corpus
complete	destruction	candidate	32	corpus
complete	education	candidate	42	corpus
complete	happiness	candidate	34	corpus
complete	preparation	candidate	91	corpus
complete	square	collocation	3	wiktionary
complete	study	candidate	38	corpus
complete	task	candidate	150	corpus
complete	toilet	candidate	31	corpus
comply	request	candidate	32	corpus
compose	hymn	candidate	44	corpus
compose	poem	candidate	121	corpus
compose	verse	candidate	62	corpus
comprehend	meaning	candidate	46	corpus
comprehend	situation	candidate	25	corpus
compress	lip	candidate	41	corpus
compromise	matter	candidate	28	corpus
conceal	emotion	candidate	26	corpus
conceal	identity	candidate	21	corpus
conceive	affection	candidate	34	corpus
conceive	design	candidate	24	corpus
conceive	dislike	candidate	23	corpus
conceive	hatred	candidate	32	corpus
conceive	idea	candidate	195	corpus
conceive	passion	candidate	47	corpus
conceive	plan	candidate	60	corpus
conceive	project	candidate	23	corpus
concentrate	attention	candidate	53	corpus
concentrate	effort	candidate	22	corpus
concentrate	force	candidate	46	corpus
concentrate	thought	candidate	33	corpus
concert	measure	candidate	38	corpus
conclude	alliance	candidate	25	corpus
conclude	bargain	candidate	56	corpus
conclude	ceremony	candidate	46	corpus
conclude	chapter	candidate	29	corpus
conclude	marriage	candidate	27	corpus
conclude	peace	candidate	128	corpus
conclude	treaty	candidate	97	corpus
conduct	affair	candidate	44	corpus
conduct	attack	collocation	8	parseme-1.3-en
conduct	bride	candidate	36	corpus
conduct	campaign	candidate	29	corpus
conduct	expedition	candidate	27	corpus
conduct	negotiation	candidate	24	corpus
conduct	operation	candidate	21	corpus
conduct	party	candidate	20	corpus
conduct	trial	candidate	22	corpus
confer	benefit	candidate	47	corpus
confer	blessing	candidate	32	corpus
confer	boon	candidate	64	corpus
confer	dignity	candidate	23	corpus
confer	favor	candidate	26	corpus
confer	favour	candidate	34	corpus
confer	gift	candidate	36	corpus
confer	honor	candidate	34	corpus
confer	honour	candidate	32	corpus
confer	privilege	candidate	23	corpus
confer	title	candidate	59	corpus
confess	crime	candidate	96	corpus
confess	fault	candidate	59	corpus
confess	guilt	candidate	43	corpus
confess	ignorance	candidate	39	corpus
confess	sin	candidate	139	corpus
confess	truth	candidate	108	corpus
confide	secret	candidate	66	corpus
confirm	belief	candidate	37	corpus
confirm	conclusion	candidate	30	corpus
confirm	conjecture	candidate	31	corpus
confirm	interpretation	candidate	20	corpus
confirm	opinion	candidate	57	corpus
confirm	statement	candidate	73	corpus
confirm	suspicion	candidate	91	corpus
confirm	theory	candidate	23	corpus
confirm	view	candidate	50	corpus
confiscate	estate	candidate	20	corpus
confiscate	property	candidate	58	corpus
conjure	thee	candidate	119	corpus
conjure	up	phrasal-verb	94	corpus
connect	link	candidate	20	corpus
conquer	britain	candidate	21	corpus
conquer	egypt	candidate	29	corpus
conquer	england	candidate	53	corpus
conquer	greece	candidate	20	corpus
conquer	nation	candidate	30	corpus
conquer	province	candidate	22	corpus
conquer	world	candidate	143	corpus
consider	proposition	candidate	22	corpus
consolidate	power	candidate	24	corpus
constitute	class	candidate	25	corpus
construct	bridge	candidate	31	corpus
construct	raft	candidate	24	corpus
consult	astrologer	candidate	25	corpus
consult	doctor	candidate	37	corpus
consult	oracle	candidate	317	corpus
consult	physician	candidate	58	corpus
consult	safety	candidate	21	corpus
consult	watch	candidate	49	corpus
consult	wish	candidate	25	corpus
consult	witch	candidate	25	corpus
consume	flesh	candidate	25	corpus
consume	provision	candidate	20	corpus
consume	quantity	candidate	20	corpus
consummate	marriage	candidate	49	corpus
consummate	skill	candidate	33	corpus
contain	allusion	candidate	85	corpus
contain	element	candidate	134	corpus
contain	germ	candidate	55	corpus
contemplate	beauty	candidate	31	corpus
contemplate	scene	candidate	33	corpus
content	page	candidate	20	corpus
continue	journey	candidate	671	corpus
continue	march	candidate	78	corpus
continue	pursuit	candidate	74	corpus
continue	search	candidate	124	corpus
continue	speaker	candidate	26	corpus
continue	wandering	candidate	24	corpus
contract	alliance	candidate	27	corpus
contract	disease	candidate	43	corpus
contract	friendship	candidate	28	corpus
contract	habit	candidate	25	corpus
contract	marriage	candidate	60	corpus
contribute	share	candidate	34	corpus
contrive	means	candidate	38	corpus
contrive	plan	candidate	29	corpus
control	affair	candidate	24	corpus
control	destiny	candidate	26	corpus
control	emotion	candidate	24	corpus
control	feeling	candidate	37	corpus
control	temper	candidate	32	corpus
control	weather	candidate	28	corpus
convert	heathen	candidate	26	corpus
convey	idea	candidate	264	corpus
convey	impression	candidate	83	corpus
convey	instruction	candidate	30	corpus
convey	intelligence	candidate	30	corpus
convey	meaning	candidate	84	corpus
convey	notion	candidate	25	corpus
cook	breakfast	candidate	62	corpus
cook	dinner	candidate	171	corpus
cook	flesh	candidate	42	corpus
cook	food	candidate	318	corpus
cook	goose	idiom	15	wiktionary
cook	meal	candidate	112	corpus
cook	meat	candidate	126	corpus
cook	pig	candidate	29	corpus
cook	rice	candidate	42	corpus
cook	soup	candidate	37	corpus
cook	supper	candidate	95	corpus
cook	utensil	candidate	27	corpus
cool	air	candidate	24	corpus
correct	error	candidate	259	corpus
correct	mistake	candidate	39	corpus
correct	spelling	candidate	21	corpus
corroborate	statement	candidate	41	corpus
cost	cent	candidate	32	corpus
cost	deal	candidate	45	corpus
cost	dear	collocation	7	wiktionary
cost	dollar	candidate	71	corpus
cost	lot	candidate	29	corpus
cost	sum	candidate	21	corpus
cotton	mather	candidate	35	corpus
couch	lance	candidate	49	corpus
couch	spear	candidate	41	corpus
counsel	thee	candidate	108	corpus
count	cost	candidate	51	corpus
count	coup	collocation	53	wiktionary
count	out	phrasal-verb	122	corpus
count	sheep	idiom	14	wiktionary
count	up	phrasal-verb	21	corpus
count	vote	candidate	29	corpus
counteract	effect	candidate	36	corpus
counteract	influence	candidate	47	corpus
countermand	order	candidate	29	corpus
couple	name	candidate	24	corpus
course	down	phrasal-verb	37	corpus
court	daughter	candidate	56	corpus
court	death	collocation	28	wiktionary
cover	acre	candidate	59	corpus
cover	area	candidate	51	corpus
cover	back	collocation	48	wiktionary
cover	feet	collocation	5	wiktionary
cover	floor	candidate	158	corpus
cover	ground	collocation	308	wiktionary
cover	nakedness	candidate	42	corpus
cover	retreat	candidate	90	corpus
cover	sea	candidate	45	corpus
cover	sky	candidate	54	corpus
cover	surface	candidate	87	corpus
cover	up	phrasal-verb	153	corpus
crack	bone	candidate	26	corpus
crack	egg	collocation	10	wiktionary
crack	finger	candidate	20	corpus
crack	joke	candidate	45	corpus
crack	nut	candidate	97	corpus
crack	shell	candidate	23	corpus
crack	skull	candidate	34	corpus
crack	smile	idiom	3	wiktionary
crack	whip	collocation	140	wiktionary
crane	neck	candidate	107	corpus
crave	audience	candidate	25	corpus
crave	boon	candidate	42	corpus
crave	forgiveness	candidate	21	corpus
crave	pardon	candidate	103	corpus
crave	permission	candidate	31	corpus
crawl	up	phrasal-verb	49	corpus
create	adam	candidate	31	corpus
create	being	candidate	29	corpus
create	confusion	candidate	22	corpus
create	disturbance	candidate	30	corpus
create	diversion	candidate	33	corpus
create	earth	candidate	42	corpus
create	excitement	candidate	56	corpus
create	panic	candidate	23	corpus
create	race	candidate	31	corpus
create	sensation	candidate	93	corpus
create	universe	candidate	35	corpus
create	world	candidate	208	corpus
creep	plant	candidate	23	corpus
creep	thing	candidate	85	corpus
creep	up	phrasal-verb	102	corpus
croon	song	candidate	22	corpus
crop	grass	candidate	63	corpus
crop	hair	candidate	26	corpus
cross	alp	candidate	74	corpus
cross	atlantic	candidate	79	corpus
cross	bay	candidate	38	corpus
cross	border	candidate	79	corpus
cross	bridge	candidate	386	corpus
cross	brook	candidate	65	corpus
cross	channel	candidate	69	corpus
cross	continent	candidate	31	corpus
cross	courtyard	candidate	28	corpus
cross	creek	candidate	59	corpus
cross	desert	candidate	72	corpus
cross	drawbridge	candidate	26	corpus
cross	euphrates	candidate	29	corpus
cross	ferry	candidate	22	corpus
cross	floor	collocation	38	wiktionary
cross	ford	candidate	66	corpus
cross	frontier	candidate	92	corpus
cross	heart	collocation	18	wiktionary
cross	line	idiom	106	wiktionary
cross	mind	idiom	118	parseme-1.3-en
cross	mississippi	candidate	31	corpus
cross	moat	candidate	22	corpus
cross	moor	candidate	26	corpus
cross	mountain	candidate	218	corpus
cross	ocean	candidate	108	corpus
cross	palm	idiom	8	wiktionary
cross	path	idiom	253	wiktionary
cross	potomac	candidate	29	corpus
cross	pyrenees	candidate	21	corpus
cross	rhine	candidate	48	corpus
cross	ridge	candidate	46	corpus
cross	river	collocation	940	wiktionary
cross	rubicon	idiom	21	magpie+pie-english
cross	sea	candidate	299	corpus
cross	seas	candidate	72	corpus
cross	strait	candidate	54	corpus
cross	stream	candidate	247	corpus
cross	threshold	candidate	239	corpus
crow	cock	candidate	21	corpus
crowd	sail	collocation	12	wiktionary
crown	brow	candidate	40	corpus
crown	effort	candidate	38	corpus
crown	hill	candidate	28	corpus
crown	summit	candidate	36	corpus
crucify	christ	candidate	24	corpus
crush	bone	candidate	47	corpus
crush	out	phrasal-verb	33	corpus
crush	rebellion	candidate	20	corpus
cry	ala	candidate	36	corpus
cry	alas	candidate	30	corpus
cry	grace	candidate	66	corpus
cry	ho	candidate	29	corpus
cry	jack	candidate	103	corpus
cry	john	candidate	63	corpus
cry	out	phrasal-verb	711	corpus
cry	peter	candidate	57	corpus
cry	polly	candidate	205	corpus
cry	rat	candidate	33	corpus
cry	robin	candidate	50	corpus
cry	rose	candidate	48	corpus
cry	tom	candidate	145	corpus
cry	uncle	idiom	19	conceptnet-5.7+magpie
cry	up	collocation	5	wiktionary
cry	wolf	idiom	10	wiktionary
cudgel	brain	collocation	14	wiktionary
cultivate	acquaintance	candidate	50	corpus
cultivate	art	candidate	37	corpus
cultivate	field	candidate	85	corpus
cultivate	garden	candidate	29	corpus
cultivate	land	candidate	79	corpus
cultivate	plant	candidate	24	corpus
cultivate	soil	candidate	39	corpus
cultivate	taste	candidate	25	corpus
curdle	blood	candidate	30	corpus
cure	bite	candidate	22	corpus
cure	disease	candidate	204	corpus
cure	illness	candidate	21	corpus
cure	malady	candidate	22	corpus
cure	patient	candidate	39	corpus
cure	sickness	candidate	36	corpus
cure	toothache	candidate	20	corpus
cure	wound	candidate	75	corpus
curl	hair	idiom	154	wiktionary
curl	lip	candidate	58	corpus
curl	lock	candidate	23	corpus
curl	up	phrasal-verb	37	corpus
curry	favor	idiom	17	wiktionary
curry	favour	idiom	24	conceptnet-5.7+magpie+oewn-2025+pie-english+pwn-3.1
cut	away	phrasal-verb	35	corpus
cut	back	collocation	4	wiktionary
cut	belly	candidate	25	corpus
cut	bond	candidate	72	corpus
cut	cable	candidate	79	corpus
cut	canal	candidate	22	corpus
cut	caper	idiom	78	conceptnet-5.7+parseme-1.3-en
cut	cheese	idiom	5	wiktionary
cut	comb	collocation	7	wiktionary
cut	cord	idiom	132	wiktionary
cut	dash	idiom	8	wiktionary
cut	down	phrasal-verb	894	corpus
cut	feather	collocation	5	wiktionary
cut	figure	idiom	80	wiktionary
cut	firewood	candidate	28	corpus
cut	gash	candidate	24	corpus
cut	ice	idiom	10	conceptnet-5.7+magpie+pie-english
cut	in	idiom	7	wiktionary
cut	knot	collocation	43	wiktionary
cut	loose	idiom	4	wiktionary
cut	nail	candidate	56	corpus
cut	notch	candidate	44	corpus
cut	off	phrasal-verb	2653	corpus
cut	one	collocation	16	wiktionary
cut	out	phrasal-verb	449	corpus
cut	round	collocation	4	wiktionary
cut	slice	candidate	72	corpus
cut	stick	collocation	91	wiktionary
cut	strip	candidate	34	corpus
cut	swath	idiom	13	wiktionary
cut	thong	candidate	38	corpus
cut	throat	collocation	537	wiktionary
cut	timber	candidate	34	corpus
cut	trench	candidate	22	corpus
cut	turf	candidate	25	corpus
cut	up	phrasal-verb	340	corpus
cut	wind	collocation	5	wiktionary
cut	wire	candidate	42	corpus
dam	up	phrasal-verb	23	corpus
dance	attendance	collocation	10	wiktionary
dance	dance	candidate	246	corpus
dance	jig	candidate	65	corpus
dare	deed	candidate	62	corpus
dare	speak	candidate	28	corpus
dare	venture	candidate	39	corpus
darken	air	candidate	40	corpus
darken	door	idiom	23	wiktionary
darken	doorway	collocation	16	wiktionary
darken	heaven	candidate	23	corpus
darken	sky	candidate	53	corpus
darken	sun	candidate	25	corpus
darn	stocking	candidate	34	corpus
dart	glance	candidate	54	corpus
dart	look	candidate	35	corpus
dart	ray	candidate	24	corpus
dart	spear	candidate	22	corpus
dash	brain	candidate	34	corpus
dash	down	phrasal-verb	43	corpus
dash	hope	candidate	43	corpus
dash	out	phrasal-verb	59	corpus
dash	spray	candidate	20	corpus
dash	up	phrasal-verb	56	corpus
date	letter	candidate	31	corpus
daub	face	candidate	22	corpus
dawn	day	candidate	23	corpus
dazzle	eye	candidate	269	corpus
de	alterthum	candidate	25	corpus
de	altertum	candidate	43	corpus
de	fées	candidate	30	corpus
de	grecque	candidate	29	corpus
de	jésuite	candidate	28	corpus
de	königreichs	candidate	32	corpus
de	peuple	candidate	86	corpus
de	populaire	candidate	36	corpus
de	sauvage	candidate	30	corpus
de	volkes	candidate	36	corpus
deaden	sound	candidate	28	corpus
deafen	ear	candidate	21	corpus
deal	blow	candidate	308	corpus
deal	death	candidate	65	corpus
deal	out	phrasal-verb	43	corpus
deal	stroke	candidate	33	corpus
debate	matter	candidate	20	corpus
debate	question	candidate	39	corpus
decide	case	candidate	73	corpus
decide	contest	candidate	34	corpus
decide	dispute	candidate	37	corpus
decide	fate	candidate	158	corpus
decide	issue	candidate	28	corpus
decide	matter	candidate	104	corpus
decide	quarrel	candidate	38	corpus
decide	question	candidate	154	corpus
declare	dorothy	candidate	30	corpus
declare	independence	candidate	33	corpus
declare	innocence	candidate	30	corpus
declare	intention	candidate	104	corpus
declare	jack	candidate	36	corpus
declare	tom	candidate	81	corpus
declare	war	collocation	440	wiktionary
decline	honor	candidate	24	corpus
decline	invitation	candidate	64	corpus
decline	offer	candidate	105	corpus
decline	proposal	candidate	22	corpus
decorate	wall	candidate	52	corpus
decree	death	candidate	29	corpus
dedicate	book	candidate	39	corpus
dedicate	temple	candidate	38	corpus
defeat	army	candidate	114	corpus
defeat	enemy	candidate	89	corpus
defeat	purpose	collocation	36	wiktionary
defeat	scheme	candidate	21	corpus
defend	fountain	candidate	28	corpus
defend	thyself	candidate	33	corpus
define	boundary	candidate	20	corpus
define	limit	candidate	22	corpus
define	position	candidate	27	corpus
defray	cost	candidate	23	corpus
defray	expense	candidate	138	corpus
defy	authority	candidate	36	corpus
defy	effort	candidate	44	corpus
deign	reply	candidate	24	corpus
delay	departure	candidate	25	corpus
delay	journey	candidate	21	corpus
deliver	address	candidate	46	corpus
deliver	goods	idiom	17	wiktionary
deliver	lecture	candidate	60	corpus
deliver	message	candidate	360	corpus
deliver	oracle	candidate	47	corpus
deliver	oration	candidate	34	corpus
deliver	sermon	candidate	22	corpus
deliver	up	phrasal-verb	101	corpus
demand	admittance	candidate	33	corpus
demand	greg	candidate	35	corpus
demand	ned	candidate	36	corpus
demand	payment	candidate	35	corpus
demand	professor	candidate	40	corpus
demand	release	candidate	22	corpus
demand	restoration	candidate	29	corpus
demand	surrender	candidate	97	corpus
denote	text	candidate	32	corpus
deny	charge	candidate	64	corpus
deny	existence	candidate	97	corpus
deny	guilt	candidate	22	corpus
deny	knowledge	candidate	65	corpus
deny	possibility	candidate	26	corpus
depend	deal	candidate	24	corpus
depict	scene	candidate	25	corpus
deplore	fate	candidate	21	corpus
deplore	loss	candidate	27	corpus
deposit	burden	candidate	27	corpus
deposit	corpse	candidate	20	corpus
deposit	egg	candidate	20	corpus
derive	benefit	candidate	59	corpus
derive	custom	candidate	22	corpus
derive	information	candidate	68	corpus
derive	name	candidate	616	corpus
derive	profit	candidate	21	corpus
derive	support	candidate	22	corpus
descend	flight	candidate	25	corpus
descend	hade	candidate	21	corpus
descend	hill	candidate	123	corpus
descend	ladder	candidate	58	corpus
descend	mountain	candidate	67	corpus
descend	river	candidate	47	corpus
descend	slope	candidate	52	corpus
descend	stair	candidate	161	corpus
descend	staircase	candidate	46	corpus
describe	curve	candidate	23	corpus
desert	post	candidate	50	corpus
desert	street	candidate	40	corpus
deserve	consideration	candidate	43	corpus
deserve	credit	candidate	57	corpus
deserve	fate	candidate	78	corpus
deserve	mention	candidate	50	corpus
deserve	notice	candidate	83	corpus
deserve	praise	candidate	63	corpus
deserve	punishment	candidate	103	corpus
deserve	respect	candidate	22	corpus
deserve	reward	candidate	40	corpus
deserve	study	candidate	22	corpus
deserve	treatment	candidate	27	corpus
desolate	country	candidate	38	corpus
despatch	courier	candidate	20	corpus
despatch	messenger	candidate	142	corpus
despatch	servant	candidate	25	corpus
destroy	crop	candidate	64	corpus
destroy	idol	candidate	37	corpus
destroy	mankind	candidate	42	corpus
destroy	race	candidate	71	corpus
detect	approach	candidate	20	corpus
detect	presence	candidate	34	corpus
detect	thief	candidate	21	corpus
detect	trace	candidate	36	corpus
determine	date	candidate	31	corpus
dethrone	father	candidate	21	corpus
devastate	country	candidate	51	corpus
devastate	land	candidate	27	corpus
develop	faculty	candidate	21	corpus
develop	organ	candidate	23	corpus
develop	resource	candidate	45	corpus
develop	system	candidate	33	corpus
devise	device	candidate	27	corpus
devise	means	candidate	145	corpus
devise	method	candidate	43	corpus
devise	plan	candidate	157	corpus
devise	scheme	candidate	41	corpus
devote	attention	candidate	115	corpus
devote	chapter	candidate	71	corpus
devote	energy	candidate	64	corpus
devote	remainder	candidate	25	corpus
devote	space	candidate	32	corpus
devour	child	candidate	75	corpus
devour	flame	candidate	31	corpus
devour	flesh	candidate	70	corpus
devour	prey	candidate	26	corpus
devour	substance	candidate	30	corpus
devour	sun	candidate	24	corpus
dictate	letter	candidate	24	corpus
dictate	term	candidate	24	corpus
die	content	candidate	26	corpus
die	da	candidate	50	corpus
die	death	collocation	618	wiktionary
die	down	phrasal-verb	93	corpus
die	maid	candidate	27	corpus
die	out	phrasal-verb	157	corpus
die	und	candidate	53	corpus
diffuse	light	candidate	24	corpus
dig	canal	candidate	29	corpus
dig	ditch	candidate	53	corpus
dig	foundation	candidate	21	corpus
dig	grave	candidate	181	corpus
dig	hole	candidate	281	corpus
dig	out	phrasal-verb	69	corpus
dig	pit	candidate	84	corpus
dig	potato	candidate	30	corpus
dig	root	candidate	46	corpus
dig	trench	candidate	76	corpus
dig	up	phrasal-verb	332	corpus
digest	food	candidate	23	corpus
dim	eye	candidate	72	corpus
diminish	number	candidate	55	corpus
dip	finger	candidate	75	corpus
dip	pen	candidate	38	corpus
dip	up	phrasal-verb	28	corpus
direct	attention	candidate	343	corpus
direct	course	candidate	220	corpus
direct	step	candidate	197	corpus
disappear	down	phrasal-verb	23	corpus
disband	army	candidate	37	corpus
discern	figure	candidate	32	corpus
discern	object	candidate	26	corpus
discharge	arrow	candidate	82	corpus
discharge	cargo	candidate	30	corpus
discharge	contents	candidate	20	corpus
discharge	debt	candidate	44	corpus
discharge	duty	candidate	160	corpus
discharge	function	candidate	39	corpus
discharge	gun	candidate	59	corpus
discharge	musket	candidate	32	corpus
discharge	pistol	candidate	29	corpus
discharge	rifle	candidate	26	corpus
disclose	fact	candidate	31	corpus
disclose	secret	candidate	71	corpus
discover	america	candidate	77	corpus
discover	conspiracy	candidate	27	corpus
discover	murderer	candidate	31	corpus
discover	plot	candidate	69	corpus
discover	theft	candidate	25	corpus
discover	whereabouts	candidate	38	corpus
discuss	affair	candidate	44	corpus
discuss	matter	candidate	256	corpus
discuss	merit	candidate	29	corpus
discuss	problem	candidate	34	corpus
discuss	question	candidate	201	corpus
discuss	situation	candidate	48	corpus
discuss	subject	candidate	121	corpus
discuss	topic	candidate	21	corpus
disfigure	face	candidate	45	corpus
dishevell	hair	candidate	113	corpus
dismiss	assembly	candidate	20	corpus
dismiss	attendant	candidate	29	corpus
dismiss	school	candidate	33	corpus
dismiss	subject	candidate	37	corpus
disobey	command	candidate	79	corpus
disobey	law	candidate	24	corpus
disobey	order	candidate	103	corpus
dispatch	messenger	candidate	77	corpus
dispel	cloud	candidate	28	corpus
dispel	darkness	candidate	37	corpus
dispel	doubt	candidate	29	corpus
dispel	fear	candidate	42	corpus
dispel	gloom	candidate	23	corpus
dispense	justice	candidate	34	corpus
disperse	cloud	candidate	33	corpus
display	flag	candidate	22	corpus
display	prowess	candidate	25	corpus
display	skill	candidate	70	corpus
displease	god	candidate	35	corpus
dispute	claim	candidate	35	corpus
dispute	passage	candidate	34	corpus
dispute	possession	candidate	21	corpus
dispute	right	candidate	40	corpus
disregard	advice	candidate	20	corpus
dissolve	assembly	candidate	28	corpus
distinguish	class	candidate	23	corpus
distort	face	candidate	35	corpus
distort	feature	candidate	26	corpus
distract	attention	candidate	90	corpus
distract	mind	candidate	39	corpus
distract	thought	candidate	27	corpus
distribute	alms	candidate	29	corpus
distribute	present	candidate	32	corpus
distribute	team	candidate	109	corpus
disturb	harmony	candidate	21	corpus
disturb	peace	collocation	136	wiktionary
disturb	repose	candidate	50	corpus
disturb	silence	candidate	34	corpus
disturb	sleep	candidate	39	corpus
disturb	slumber	candidate	53	corpus
divert	attention	candidate	124	corpus
divert	mind	candidate	80	corpus
divert	thought	candidate	54	corpus
divide	booty	candidate	33	corpus
divide	empire	candidate	50	corpus
divide	flesh	candidate	22	corpus
divide	inheritance	candidate	30	corpus
divide	spoil	candidate	107	corpus
divide	territory	candidate	28	corpus
divide	up	phrasal-verb	29	corpus
divine	cause	candidate	30	corpus
divine	purpose	candidate	23	corpus
divine	rod	candidate	30	corpus
divine	service	idiom	3	conceptnet-5.7+oewn-2025+pwn-3.1+semeval2022-task2
divorce	wife	candidate	48	corpus
divulge	secret	candidate	52	corpus
do	battle	light-verb	622	wiktionary
do	bidding	light-verb	586	wiktionary
do	bird	light-verb	15	wiktionary
do	bit	light-verb	62	wiktionary
do	business	idiom	503	wiktionary
do	chore	candidate	37	corpus
do	cooking	candidate	87	corpus
do	credit	light-verb	120	wiktionary
do	damage	light-verb	278	conceptnet-5.7+lvc-tu-roth2011
do	dash	light-verb	3	wiktionary
do	deal	light-verb	244	dimsum16+parseme-1.3-en
do	deed	light-verb	1209	wiktionary
do	duty	light-verb	1235	wiktionary
do	exercise	light-verb	11	conceptnet-5.7+lvc-tu-roth2011
do	good	idiom	79	conceptnet-5.7+oewn-2025+parseme-1.3-en+pwn-3.1
do	harm	light-verb	1222	wiktionary
do	homage	candidate	378	corpus
do	honor	light-verb	218	wiktionary
do	honour	light-verb	266	wiktionary
do	housework	candidate	46	corpus
do	imitation	light-verb	4	parseme-1.3-en
do	injustice	candidate	96	corpus
do	job	light-verb	187	wiktionary
do	justice	idiom	714	wiktionary
do	marketing	candidate	24	corpus
do	mischief	candidate	504	corpus
do	nothing	light-verb	3	wiktionary
do	nut	light-verb	5	wiktionary
do	off	phrasal-verb	53	corpus
do	one	light-verb	99	wiktionary
do	part	light-verb	400	wiktionary
do	penance	candidate	300	corpus
do	shopping	candidate	22	corpus
do	story	light-verb	43	parseme-1.3-en
do	stuff	light-verb	5	wiktionary
do	stunt	candidate	39	corpus
do	talking	idiom	83	wiktionary
do	teach	candidate	20	corpus
do	tell	light-verb	30	wiktionary
do	thing	light-verb	4012	wiktionary
do	thinking	candidate	42	corpus
do	time	idiom	52	conceptnet-5.7+pie-english
do	trick	idiom	157	wiktionary
do	up	phrasal-verb	67	corpus
do	want	light-verb	6	wiktionary
do	washing	candidate	48	corpus
do	wonder	light-verb	135	streusle-5.0
do	work	light-verb	3192	wiktionary
dodge	bullet	idiom	5	wiktionary
doff	cap	candidate	61	corpus
doff	clothes	candidate	44	corpus
doff	dress	candidate	33	corpus
doff	hat	candidate	45	corpus
dog	footstep	candidate	20	corpus
dog	step	candidate	29	corpus
don	armor	candidate	40	corpus
don	armour	candidate	47	corpus
don	clothes	candidate	75	corpus
don	coat	candidate	31	corpus
don	dress	candidate	96	corpus
don	garb	candidate	24	corpus
don	garment	candidate	22	corpus
don	robe	candidate	45	corpus
don	suit	candidate	23	corpus
done	duty	collocation	4	wiktionary
double	cape	candidate	24	corpus
double	fist	candidate	20	corpus
double	stroke	candidate	32	corpus
double	up	phrasal-verb	47	corpus
doubt	existence	candidate	48	corpus
doubt	sincerity	candidate	22	corpus
doubt	statement	candidate	24	corpus
doubt	truth	candidate	63	corpus
drag	chain	idiom	27	wiktionary
drag	down	collocation	3	wiktionary
drag	out	phrasal-verb	46	corpus
drag	plough	candidate	29	corpus
drag	up	phrasal-verb	36	corpus
drain	blood	candidate	20	corpus
drain	cup	candidate	80	corpus
drain	glass	candidate	23	corpus
drain	lake	candidate	32	corpus
drain	swamp	collocation	5	wiktionary
drave	horse	candidate	28	corpus
draw	attention	collocation	551	wiktionary
draw	back	collocation	40	wiktionary
draw	blood	collocation	206	wiktionary
draw	bolt	candidate	100	corpus
draw	breath	collocation	855	wiktionary
draw	bridle	collocation	16	wiktionary
draw	cloth	collocation	15	wiktionary
draw	conclusion	collocation	189	conceptnet-5.7+parseme-1.3-en
draw	cork	candidate	21	corpus
draw	curtain	candidate	312	corpus
draw	dagger	candidate	134	corpus
draw	dirk	candidate	32	corpus
draw	down	phrasal-verb	95	corpus
draw	fire	idiom	47	wiktionary
draw	inference	candidate	72	corpus
draw	iron	collocation	8	wiktionary
draw	level	collocation	3	wiktionary
draw	line	idiom	392	wiktionary
draw	longbow	collocation	3	wiktionary
draw	off	phrasal-verb	128	corpus
draw	out	phrasal-verb	815	corpus
draw	rein	collocation	95	wiktionary
draw	revolver	candidate	72	corpus
draw	right	collocation	3	wiktionary
draw	sabre	candidate	36	corpus
draw	sword	candidate	2254	corpus
draw	up	phrasal-verb	1266	corpus
dread	consequence	candidate	21	corpus
dread	wrath	candidate	23	corpus
dream	dream	candidate	383	corpus
dreamt	dream	candidate	42	corpus
dree	weird	collocation	7	wiktionary
dress	doll	candidate	27	corpus
dress	gown	candidate	58	corpus
dress	hair	candidate	142	corpus
dress	house	collocation	6	wiktionary
dress	part	collocation	5	wiktionary
dress	room	candidate	89	corpus
dress	shield	candidate	110	corpus
dress	up	phrasal-verb	85	corpus
dress	wound	candidate	193	corpus
drew	attention	collocation	12	wiktionary
drew	back	collocation	3	wiktionary
drew	blood	collocation	10	wiktionary
drew	breath	collocation	31	wiktionary
drew	line	collocation	4	wiktionary
drew	out	phrasal-verb	42	corpus
drew	rein	collocation	11	wiktionary
drew	sword	candidate	58	corpus
drew	up	phrasal-verb	86	corpus
drift	down	phrasal-verb	26	corpus
drift	snow	candidate	24	corpus
drill	hole	candidate	102	corpus
drill	in	collocation	15	wiktionary
drink	ale	candidate	82	corpus
drink	beer	candidate	124	corpus
drink	blood	candidate	321	corpus
drink	coffee	candidate	99	corpus
drink	cup	candidate	286	corpus
drink	dew	candidate	44	corpus
drink	draught	candidate	127	corpus
drink	dry	candidate	31	corpus
drink	fill	candidate	131	corpus
drink	glass	candidate	115	corpus
drink	health	candidate	288	corpus
drink	juice	candidate	34	corpus
drink	liquor	candidate	62	corpus
drink	mead	candidate	73	corpus
drink	milk	candidate	205	corpus
drink	off	phrasal-verb	36	corpus
drink	poison	candidate	40	corpus
drink	tea	candidate	186	corpus
drink	toast	candidate	45	corpus
drink	up	phrasal-verb	120	corpus
drink	water	candidate	751	corpus
drink	whiskey	candidate	20	corpus
drink	wine	candidate	704	corpus
drive	away	phrasal-verb	120	corpus
drive	back	idiom	24	wiktionary
drive	car	candidate	97	corpus
drive	cart	candidate	53	corpus
drive	cattle	candidate	278	corpus
drive	chariot	candidate	169	corpus
drive	cloud	candidate	48	corpus
drive	cow	candidate	194	corpus
drive	down	phrasal-verb	31	corpus
drive	flock	candidate	146	corpus
drive	geese	candidate	32	corpus
drive	herd	candidate	99	corpus
drive	home	collocation	41	wiktionary
drive	invader	candidate	24	corpus
drive	nail	candidate	120	corpus
drive	off	phrasal-verb	93	corpus
drive	out	phrasal-verb	279	corpus
drive	oxen	candidate	32	corpus
drive	peg	candidate	32	corpus
drive	plough	candidate	26	corpus
drive	rain	candidate	33	corpus
drive	snow	candidate	29	corpus
drive	stake	candidate	79	corpus
drive	stick	collocation	14	wiktionary
drive	trojan	candidate	60	corpus
drive	truck	collocation	4	wiktionary
drive	up	phrasal-verb	90	corpus
drive	wedge	idiom	38	wiktionary
drizzle	rain	candidate	23	corpus
droop	head	candidate	130	corpus
droop	wing	candidate	35	corpus
drop	anchor	collocation	122	wiktionary
drop	ball	idiom	36	wiktionary
drop	bomb	idiom	8	wiktionary
drop	bundle	collocation	24	wiktionary
drop	courtesy	candidate	25	corpus
drop	crumb	candidate	21	corpus
drop	dime	idiom	3	wiktionary
drop	down	phrasal-verb	81	corpus
drop	drop	candidate	28	corpus
drop	hammer	collocation	12	wiktionary
drop	hand	collocation	114	wiktionary
drop	hint	idiom	30	wiktionary
drop	load	collocation	12	wiktionary
drop	log	idiom	4	wiktionary
drop	nickel	collocation	3	wiktionary
drop	off	phrasal-verb	37	corpus
drop	out	phrasal-verb	23	corpus
drop	pebble	candidate	25	corpus
drop	pin	candidate	28	corpus
drop	rein	candidate	61	corpus
drop	subject	collocation	65	wiktionary
dry	clothes	candidate	80	corpus
dry	hop	collocation	3	wiktionary
dry	land	idiom	7	conceptnet-5.7+oewn-2025+pwn-3.1+semeval2022-task2
dry	meat	candidate	39	corpus
dry	tear	candidate	208	corpus
dry	up	phrasal-verb	238	corpus
duck	head	candidate	66	corpus
dust	room	candidate	21	corpus
dye	hair	candidate	30	corpus
earn	bread	candidate	180	corpus
earn	crust	idiom	6	wiktionary
earn	dollar	candidate	65	corpus
earn	gratitude	candidate	34	corpus
earn	keep	idiom	4	wiktionary
earn	livelihood	candidate	86	corpus
earn	living	collocation	350	wiktionary
earn	money	candidate	256	corpus
earn	penny	candidate	29	corpus
earn	reputation	candidate	25	corpus
earn	subsistence	candidate	21	corpus
earn	title	candidate	30	corpus
earn	wage	candidate	36	corpus
ease	heart	candidate	54	corpus
ease	mind	collocation	56	wiktionary
ease	nature	collocation	4	wiktionary
ease	pain	candidate	59	corpus
eat	baby	collocation	11	wiktionary
eat	banana	candidate	21	corpus
eat	beaver	collocation	11	wiktionary
eat	beef	candidate	35	corpus
eat	berry	candidate	92	corpus
eat	biscuit	candidate	27	corpus
eat	bread	candidate	487	corpus
eat	breakfast	candidate	368	corpus
eat	cherry	candidate	30	corpus
eat	cookie	collocation	7	wiktionary
eat	crow	idiom	6	wiktionary
eat	crumb	candidate	33	corpus
eat	crust	candidate	24	corpus
eat	dinner	candidate	333	corpus
eat	dirt	collocation	11	wiktionary
eat	drink	candidate	167	corpus
eat	dust	idiom	9	wiktionary
eat	fill	collocation	216	wiktionary
eat	flesh	candidate	530	corpus
eat	grape	candidate	32	corpus
eat	grass	candidate	146	corpus
eat	hat	idiom	8	wiktionary
eat	heart	collocation	143	wiktionary
eat	kernel	candidate	20	corpus
eat	leek	collocation	4	wiktionary
eat	lettuce	candidate	20	corpus
eat	lunch	idiom	67	wiktionary
eat	luncheon	candidate	37	corpus
eat	meal	candidate	361	corpus
eat	meat	candidate	370	corpus
eat	morsel	candidate	60	corpus
eat	mouse	candidate	29	corpus
eat	mouthful	candidate	73	corpus
eat	onion	idiom	8	wiktionary
eat	out	phrasal-verb	32	corpus
eat	pie	candidate	72	corpus
eat	pork	candidate	36	corpus
eat	porridge	candidate	33	corpus
eat	raspberry	candidate	28	corpus
eat	rat	candidate	26	corpus
eat	raw	candidate	44	corpus
eat	sandwich	candidate	21	corpus
eat	sufficiency	candidate	46	corpus
eat	supper	candidate	409	corpus
eat	sweetmeat	candidate	20	corpus
eat	totem	candidate	22	corpus
eat	up	phrasal-verb	528	corpus
eat	venison	candidate	42	corpus
eat	victual	candidate	26	corpus
educate	child	candidate	45	corpus
effect	change	candidate	37	corpus
effect	cure	candidate	88	corpus
effect	entrance	candidate	45	corpus
effect	escape	candidate	118	corpus
effect	junction	candidate	28	corpus
effect	landing	candidate	38	corpus
effect	object	candidate	49	corpus
effect	purpose	candidate	67	corpus
effect	union	candidate	21	corpus
ejaculate	tom	candidate	21	corpus
eke	out	phrasal-verb	55	corpus
elbow	way	candidate	42	corpus
elect	member	candidate	24	corpus
elect	officer	candidate	32	corpus
elect	president	candidate	35	corpus
elicit	information	candidate	25	corpus
elude	grasp	candidate	50	corpus
elude	pursuer	candidate	20	corpus
elude	pursuit	candidate	37	corpus
elude	vigilance	candidate	53	corpus
embalm	body	candidate	47	corpus
embark	troops	candidate	21	corpus
embitter	life	candidate	25	corpus
embody	conception	candidate	22	corpus
embody	idea	candidate	41	corpus
embrace	christianity	candidate	58	corpus
embrace	doctrine	candidate	21	corpus
embrace	faith	candidate	65	corpus
embrace	knee	candidate	63	corpus
embrace	religion	candidate	38	corpus
emit	cry	candidate	22	corpus
emit	light	candidate	36	corpus
emit	sound	candidate	46	corpus
emit	spark	candidate	23	corpus
emphasize	fact	candidate	41	corpus
employ	method	candidate	41	corpus
employ	workman	candidate	27	corpus
empty	bag	candidate	31	corpus
empty	contents	candidate	36	corpus
empty	cup	candidate	43	corpus
empty	glass	candidate	23	corpus
empty	horn	candidate	25	corpus
empty	out	phrasal-verb	24	corpus
empty	pocket	candidate	46	corpus
empty	purse	candidate	25	corpus
empty	tank	idiom	4	wiktionary
enable	reader	candidate	53	corpus
enact	law	candidate	103	corpus
enact	scene	candidate	61	corpus
encamp	army	candidate	44	corpus
encircle	earth	candidate	34	corpus
encircle	neck	candidate	55	corpus
encircle	waist	candidate	42	corpus
enclose	space	candidate	29	corpus
encounter	danger	candidate	50	corpus
encounter	difficulty	candidate	48	corpus
encounter	obstacle	candidate	20	corpus
encounter	opposition	candidate	25	corpus
encounter	peril	candidate	23	corpus
encounter	storm	candidate	41	corpus
end	career	candidate	60	corpus
end	life	collocation	198	wiktionary
end	strife	candidate	34	corpus
end	struggle	candidate	25	corpus
end	war	candidate	93	corpus
endanger	life	candidate	95	corpus
endanger	safety	candidate	22	corpus
endure	agony	candidate	30	corpus
endure	fatigue	candidate	28	corpus
endure	hardship	candidate	85	corpus
endure	heat	candidate	20	corpus
endure	hunger	candidate	24	corpus
endure	privation	candidate	21	corpus
endure	suffering	candidate	38	corpus
endure	toil	candidate	26	corpus
endure	torture	candidate	36	corpus
endure	trial	candidate	22	corpus
enforce	claim	candidate	22	corpus
enforce	demand	candidate	22	corpus
enforce	law	candidate	91	corpus
enforce	obedience	candidate	28	corpus
engross	attention	candidate	41	corpus
engross	thought	candidate	23	corpus
enhance	beauty	candidate	32	corpus
enhance	charm	candidate	26	corpus
enhance	effect	candidate	20	corpus
enhance	value	candidate	56	corpus
enjoy	bliss	candidate	23	corpus
enjoy	breeze	candidate	41	corpus
enjoy	delight	candidate	48	corpus
enjoy	freedom	candidate	64	corpus
enjoy	happiness	candidate	90	corpus
enjoy	health	candidate	79	corpus
enjoy	holiday	candidate	31	corpus
enjoy	hospitality	candidate	38	corpus
enjoy	joke	candidate	66	corpus
enjoy	luxury	candidate	39	corpus
enjoy	oneself	collocation	3	wiktionary
enjoy	pleasure	candidate	183	corpus
enjoy	popularity	candidate	35	corpus
enjoy	privilege	candidate	132	corpus
enjoy	prospect	candidate	40	corpus
enjoy	prosperity	candidate	21	corpus
enjoy	repose	candidate	27	corpus
enjoy	reputation	candidate	89	corpus
enjoy	society	candidate	76	corpus
enjoy	sport	candidate	63	corpus
enjoy	sunshine	candidate	31	corpus
enjoy	warmth	candidate	21	corpus
enlarge	hole	candidate	22	corpus
enlighten	mind	candidate	24	corpus
enlighten	world	candidate	22	corpus
enlist	sympathy	candidate	47	corpus
enquire	cause	candidate	30	corpus
ensure	crop	candidate	43	corpus
ensure	fertility	candidate	29	corpus
ensure	safety	candidate	32	corpus
ensure	success	candidate	50	corpus
ensure	supply	candidate	30	corpus
enter	apartment	candidate	265	corpus
enter	arena	candidate	36	corpus
enter	bedroom	candidate	33	corpus
enter	cave	candidate	218	corpus
enter	cavern	candidate	85	corpus
enter	chamber	candidate	407	corpus
enter	closet	candidate	26	corpus
enter	convent	candidate	48	corpus
enter	courtyard	candidate	82	corpus
enter	dining	candidate	27	corpus
enter	enclosure	candidate	49	corpus
enter	grotto	candidate	24	corpus
enter	hall	candidate	615	corpus
enter	harbor	candidate	75	corpus
enter	harbour	candidate	53	corpus
enter	kitchen	candidate	76	corpus
enter	lodge	candidate	308	corpus
enter	mosque	candidate	36	corpus
enter	parlor	candidate	38	corpus
enter	parlour	candidate	26	corpus
enter	precinct	candidate	29	corpus
enter	room	candidate	1727	corpus
enter	saloon	candidate	47	corpus
enter	scene	collocation	10	wiktionary
enter	shed	candidate	28	corpus
enter	university	candidate	22	corpus
enter	vestibule	candidate	29	corpus
entertain	belief	candidate	25	corpus
entertain	company	candidate	43	corpus
entertain	doubt	candidate	61	corpus
entertain	guest	candidate	94	corpus
entertain	hope	candidate	66	corpus
entertain	opinion	candidate	50	corpus
entertain	suspicion	candidate	29	corpus
equip	army	candidate	26	corpus
equip	fleet	candidate	36	corpus
erect	altar	candidate	98	corpus
erect	battery	candidate	24	corpus
erect	building	candidate	79	corpus
erect	chapel	candidate	28	corpus
erect	church	candidate	49	corpus
erect	cross	candidate	33	corpus
erect	edifice	candidate	22	corpus
erect	fort	candidate	33	corpus
erect	hut	candidate	41	corpus
erect	monument	candidate	115	corpus
erect	pillar	candidate	29	corpus
erect	pole	candidate	25	corpus
erect	shrine	candidate	28	corpus
erect	statue	candidate	119	corpus
erect	structure	candidate	20	corpus
erect	temple	candidate	266	corpus
erect	tent	candidate	69	corpus
erect	tomb	candidate	27	corpus
erect	tower	candidate	42	corpus
erect	trophy	candidate	31	corpus
escape	capture	candidate	22	corpus
escape	clutch	candidate	21	corpus
escape	danger	candidate	152	corpus
escape	destruction	candidate	71	corpus
escape	detection	candidate	58	corpus
escape	doom	candidate	43	corpus
escape	fury	candidate	34	corpus
escape	lip	candidate	78	corpus
escape	notice	candidate	138	corpus
escape	observation	candidate	72	corpus
escape	peril	candidate	42	corpus
escape	persecution	candidate	21	corpus
escape	punishment	candidate	91	corpus
escape	pursuer	candidate	20	corpus
escape	pursuit	candidate	29	corpus
escape	snare	candidate	24	corpus
escape	vigilance	candidate	28	corpus
escort	lady	candidate	23	corpus
espouse	cause	candidate	146	corpus
establish	colony	candidate	57	corpus
establish	dynasty	candidate	20	corpus
establish	empire	candidate	39	corpus
establish	factory	candidate	22	corpus
establish	government	candidate	83	corpus
establish	headquarters	candidate	29	corpus
establish	identity	candidate	45	corpus
establish	innocence	candidate	31	corpus
establish	mission	candidate	30	corpus
establish	precedent	candidate	20	corpus
establish	relation	candidate	75	corpus
establish	reputation	candidate	44	corpus
establish	school	candidate	69	corpus
establish	settlement	candidate	40	corpus
establish	system	candidate	48	corpus
establish	worship	candidate	54	corpus
estimate	loss	candidate	20	corpus
estimate	number	candidate	51	corpus
estimate	value	candidate	42	corpus
evade	question	candidate	51	corpus
evolve	theory	candidate	21	corpus
exact	oath	candidate	43	corpus
exact	promise	candidate	35	corpus
exact	tribute	candidate	33	corpus
examine	contents	candidate	65	corpus
exceed	beauty	candidate	55	corpus
exceed	bound	candidate	23	corpus
exceed	delight	candidate	32	corpus
exceed	expectation	candidate	23	corpus
exceed	fear	candidate	22	corpus
exceed	foot	candidate	32	corpus
exceed	joy	candidate	164	corpus
exceed	limit	candidate	27	corpus
exceed	love	candidate	48	corpus
exceed	marvel	candidate	32	corpus
exceed	wrath	candidate	25	corpus
excel	other	candidate	46	corpus
exchange	glance	candidate	170	corpus
exchange	greeting	candidate	95	corpus
exchange	kiss	candidate	26	corpus
exchange	salutation	candidate	24	corpus
exchange	smile	candidate	27	corpus
excite	admiration	candidate	96	corpus
excite	alarm	candidate	25	corpus
excite	anger	candidate	23	corpus
excite	compassion	candidate	38	corpus
excite	curiosity	candidate	139	corpus
excite	emotion	candidate	23	corpus
excite	envy	candidate	36	corpus
excite	imagination	candidate	27	corpus
excite	indignation	candidate	25	corpus
excite	interest	candidate	86	corpus
excite	jealousy	candidate	56	corpus
excite	passion	candidate	40	corpus
excite	pity	candidate	39	corpus
excite	surprise	candidate	47	corpus
excite	suspicion	candidate	117	corpus
excite	sympathy	candidate	27	corpus
excite	wonder	candidate	57	corpus
excite	wrath	candidate	24	corpus
exclaim	ala	candidate	22	corpus
exclaim	captain	candidate	30	corpus
exclaim	grace	candidate	68	corpus
exclaim	jack	candidate	40	corpus
exclaim	john	candidate	23	corpus
exclaim	tom	candidate	34	corpus
excuse	liberty	candidate	21	corpus
execute	command	candidate	73	corpus
execute	commission	candidate	87	corpus
execute	design	candidate	59	corpus
execute	justice	candidate	29	corpus
execute	order	candidate	175	corpus
execute	sentence	candidate	59	corpus
execute	threat	candidate	20	corpus
execute	vengeance	candidate	41	corpus
exercise	authority	candidate	94	corpus
exercise	control	candidate	39	corpus
exercise	function	candidate	51	corpus
exercise	influence	candidate	319	corpus
exercise	power	candidate	196	corpus
exercise	wit	candidate	22	corpus
exert	authority	candidate	27	corpus
exert	influence	candidate	319	corpus
exert	power	candidate	116	corpus
exert	skill	candidate	26	corpus
exert	strength	candidate	102	corpus
exhale	perfume	candidate	22	corpus
exhaust	patience	candidate	64	corpus
exhaust	provision	candidate	31	corpus
exhaust	resource	candidate	46	corpus
exhaust	stock	candidate	41	corpus
exhaust	store	candidate	33	corpus
exhaust	strength	candidate	74	corpus
exhaust	supply	candidate	33	corpus
exhibit	skill	candidate	34	corpus
exhibit	symptom	candidate	32	corpus
exist	belief	candidate	21	corpus
exist	side	candidate	23	corpus
exorcise	demon	candidate	28	corpus
exorcise	spirit	candidate	60	corpus
expect	arrival	candidate	46	corpus
expect	moment	candidate	113	corpus
expect	return	candidate	93	corpus
expel	demon	candidate	32	corpus
expend	money	candidate	39	corpus
expend	sum	candidate	27	corpus
experience	difficulty	candidate	58	corpus
experience	feeling	candidate	49	corpus
experience	sensation	candidate	70	corpus
experience	sense	candidate	26	corpus
expiate	crime	candidate	61	corpus
expiate	offence	candidate	22	corpus
expiate	sin	candidate	69	corpus
explain	absence	candidate	23	corpus
explain	meaning	candidate	134	corpus
explain	mystery	candidate	111	corpus
explain	origin	candidate	122	corpus
explain	phenomena	candidate	67	corpus
explain	phenomenon	candidate	42	corpus
explain	situation	candidate	83	corpus
explore	cave	candidate	24	corpus
explore	coast	candidate	70	corpus
explore	country	candidate	82	corpus
explore	expedition	candidate	56	corpus
explore	island	candidate	42	corpus
explore	region	candidate	29	corpus
express	admiration	candidate	88	corpus
express	appreciation	candidate	22	corpus
express	approval	candidate	36	corpus
express	astonishment	candidate	70	corpus
express	contempt	candidate	33	corpus
express	conviction	candidate	37	corpus
express	desire	candidate	221	corpus
express	determination	candidate	23	corpus
express	emotion	candidate	57	corpus
express	feeling	candidate	159	corpus
express	gratitude	candidate	208	corpus
express	indignation	candidate	29	corpus
express	joy	candidate	125	corpus
express	obligation	candidate	32	corpus
express	opinion	candidate	319	corpus
express	readiness	candidate	25	corpus
express	regret	candidate	108	corpus
express	satisfaction	candidate	70	corpus
express	sentiment	candidate	79	corpus
express	surprise	candidate	143	corpus
express	sympathy	candidate	71	corpus
express	thanks	candidate	124	corpus
express	willingness	candidate	71	corpus
express	wish	candidate	297	corpus
extend	conquest	candidate	38	corpus
extend	dominion	candidate	52	corpus
extend	empire	candidate	35	corpus
extend	hand	idiom	367	wiktionary
extend	hospitality	candidate	22	corpus
extend	length	candidate	25	corpus
extend	limit	candidate	21	corpus
extend	sway	candidate	36	corpus
extend	welcome	collocation	8	parseme-1.3-en
extinguish	candle	candidate	25	corpus
extinguish	fire	candidate	190	corpus
extinguish	flame	candidate	94	corpus
extinguish	lamp	candidate	23	corpus
extinguish	light	candidate	120	corpus
extinguish	torch	candidate	22	corpus
extort	confession	candidate	21	corpus
extort	money	candidate	26	corpus
face	danger	candidate	95	corpus
face	downward	candidate	24	corpus
face	east	candidate	96	corpus
face	foe	candidate	69	corpus
face	music	idiom	16	wiktionary
face	north	candidate	46	corpus
face	peril	candidate	20	corpus
face	south	candidate	41	corpus
face	west	candidate	31	corpus
fall	asunder	candidate	23	corpus
fall	back	collocation	6	wiktionary
fall	backward	candidate	88	corpus
fall	behind	idiom	7	wiktionary
fall	down	phrasal-verb	334	corpus
fall	downe	candidate	20	corpus
fall	drop	candidate	32	corpus
fall	foul	idiom	37	wiktionary
fall	heir	candidate	27	corpus
fall	helpless	candidate	23	corpus
fall	laughing	candidate	24	corpus
fall	length	candidate	25	corpus
fall	off	phrasal-verb	196	corpus
fall	out	phrasal-verb	166	corpus
fall	prey	collocation	170	wiktionary
fall	prone	candidate	73	corpus
fall	rain	candidate	21	corpus
fall	sacrifice	candidate	32	corpus
fall	shower	candidate	33	corpus
fall	sick	collocation	18	wiktionary
fall	star	candidate	29	corpus
fall	victim	collocation	377	wiktionary
fall	weeping	candidate	81	corpus
fan	cheek	candidate	34	corpus
fan	fire	collocation	39	wiktionary
fan	flame	collocation	62	wiktionary
fare	forward	candidate	23	corpus
fare	homeward	candidate	27	corpus
fare	weel	candidate	39	corpus
fast	day	candidate	60	corpus
fasten	chain	candidate	44	corpus
fasten	cord	candidate	41	corpus
fasten	end	candidate	148	corpus
fasten	hook	candidate	26	corpus
fasten	rope	candidate	122	corpus
fasten	tooth	candidate	27	corpus
fasten	up	phrasal-verb	28	corpus
fathom	mystery	candidate	24	corpus
favour	view	candidate	24	corpus
fear	anger	candidate	48	corpus
fear	consequence	candidate	38	corpus
fear	pursuit	candidate	21	corpus
fear	treachery	candidate	23	corpus
fear	wrath	candidate	54	corpus
feast	eye	candidate	137	corpus
feather	nest	idiom	12	wiktionary
feed	cattle	candidate	36	corpus
feed	chicken	candidate	21	corpus
feed	dragon	idiom	7	wiktionary
feed	fire	collocation	90	wiktionary
feed	flame	candidate	44	corpus
feed	flock	candidate	89	corpus
feed	hen	candidate	23	corpus
feed	pig	candidate	38	corpus
feel	burn	collocation	14	wiktionary
feel	chill	candidate	63	corpus
feel	compunction	candidate	27	corpus
feel	heat	collocation	81	wiktionary
feel	hesitation	candidate	28	corpus
feel	inclination	candidate	81	corpus
feel	interest	candidate	218	corpus
feel	lonesome	candidate	45	corpus
feel	need	collocation	173	parseme-1.3-en
feel	oneself	idiom	3	wiktionary
feel	pain	collocation	288	wiktionary
feel	pang	candidate	127	corpus
feel	pinch	idiom	10	wiktionary
feel	pressure	candidate	50	corpus
feel	pulse	candidate	161	corpus
feel	qualm	candidate	21	corpus
feel	queer	candidate	58	corpus
feel	regret	candidate	39	corpus
feel	reluctance	candidate	21	corpus
feel	remorse	candidate	35	corpus
feel	shock	candidate	76	corpus
feel	shy	candidate	24	corpus
feel	sick	collocation	3	conceptnet-5.7+parseme-1.3-en
feel	sting	candidate	35	corpus
feel	thrill	candidate	166	corpus
feel	throb	candidate	32	corpus
feel	touch	candidate	135	corpus
feel	tug	candidate	23	corpus
feel	uneasiness	candidate	37	corpus
feel	want	candidate	66	corpus
feel	warmth	candidate	46	corpus
feel	way	collocation	408	wiktionary
feel	weariness	candidate	27	corpus
feign	death	candidate	38	corpus
feign	illness	candidate	26	corpus
feign	sickness	candidate	20	corpus
feign	sleep	candidate	39	corpus
fell	down	phrasal-verb	78	corpus
fell	oak	candidate	29	corpus
fell	ox	candidate	24	corpus
fell	timber	candidate	22	corpus
fell	tree	candidate	290	corpus
fetch	compass	collocation	15	wiktionary
fetch	doctor	candidate	41	corpus
fetch	up	phrasal-verb	21	corpus
fetch	water	candidate	353	corpus
field	work	idiom	12	conceptnet-5.7+oewn-2025+pwn-3.1+semeval2022-task2
fig	tree	candidate	29	corpus
fight	battle	candidate	1375	corpus
fight	combat	candidate	27	corpus
fight	dragon	candidate	42	corpus
fight	duel	candidate	105	corpus
fight	fight	candidate	147	corpus
fight	giant	candidate	32	corpus
fight	out	phrasal-verb	46	corpus
fight	shy	collocation	23	wiktionary
fight	side	candidate	49	corpus
fight	tiger	collocation	3	wiktionary
fill	air	candidate	741	corpus
fill	belly	candidate	52	corpus
fill	bill	idiom	16	magpie+oewn-2025+pwn-3.1
fill	calabash	candidate	22	corpus
fill	cave	candidate	42	corpus
fill	cavity	candidate	21	corpus
fill	face	idiom	10	wiktionary
fill	forest	candidate	47	corpus
fill	goblet	candidate	51	corpus
fill	hand	idiom	69	wiktionary
fill	hollow	candidate	24	corpus
fill	jug	candidate	34	corpus
fill	lung	candidate	50	corpus
fill	out	phrasal-verb	44	corpus
fill	pail	candidate	65	corpus
fill	pitcher	candidate	66	corpus
fill	pocket	candidate	202	corpus
fill	street	candidate	107	corpus
fill	tank	candidate	32	corpus
fill	throne	candidate	58	corpus
fill	tub	candidate	23	corpus
fill	up	phrasal-verb	666	corpus
fill	vacancy	candidate	25	corpus
find	account	collocation	159	wiktionary
find	fault	collocation	389	wiktionary
find	favor	collocation	103	wiktionary
find	favour	collocation	162	wiktionary
find	gap	collocation	8	wiktionary
find	net	idiom	11	wiktionary
find	oneself	idiom	15	wiktionary
find	out	phrasal-verb	1581	corpus
find	place	idiom	1572	wiktionary
find	religion	collocation	21	wiktionary
find	time	collocation	323	wiktionary
find	tongue	collocation	90	wiktionary
find	voice	collocation	170	wiktionary
find	wanting	collocation	5	wiktionary
find	way	collocation	2983	wiktionary
find	work	collocation	260	wiktionary
finish	breakfast	candidate	118	corpus
finish	education	candidate	57	corpus
finish	job	candidate	65	corpus
finish	meal	candidate	237	corpus
finish	narrative	candidate	36	corpus
finish	reading	candidate	22	corpus
finish	repast	candidate	66	corpus
finish	sentence	candidate	105	corpus
finish	task	candidate	156	corpus
finish	toilet	candidate	24	corpus
fire	barrel	candidate	24	corpus
fire	broadside	candidate	25	corpus
fire	bullet	candidate	24	corpus
fire	cannon	candidate	46	corpus
fire	gun	candidate	314	corpus
fire	imagination	candidate	34	corpus
fire	musket	candidate	41	corpus
fire	off	phrasal-verb	55	corpus
fire	pistol	candidate	86	corpus
fire	rifle	candidate	63	corpus
fire	salute	candidate	53	corpus
fire	shot	candidate	576	corpus
fire	volley	candidate	75	corpus
fish	day	candidate	26	corpus
fish	up	phrasal-verb	33	corpus
fit	arrow	candidate	103	corpus
fit	out	phrasal-verb	224	corpus
fit	up	phrasal-verb	74	corpus
fix	boundary	candidate	22	corpus
fix	date	candidate	102	corpus
fix	eye	candidate	1229	corpus
fix	flint	collocation	5	wiktionary
fix	gaze	candidate	126	corpus
fix	limit	candidate	25	corpus
fix	look	candidate	39	corpus
fix	mind	candidate	77	corpus
fix	residence	candidate	54	corpus
fix	thought	candidate	50	corpus
fix	up	phrasal-verb	69	corpus
fix	wedding	candidate	23	corpus
flame	torch	candidate	26	corpus
flap	wing	candidate	406	corpus
flash	glance	candidate	26	corpus
flash	light	candidate	93	corpus
flash	lightning	candidate	31	corpus
flash	out	phrasal-verb	23	corpus
flatten	nose	candidate	22	corpus
flatter	vanity	candidate	27	corpus
flee	country	candidate	73	corpus
flee	down	phrasal-verb	29	corpus
flee	up	phrasal-verb	21	corpus
flicker	flame	candidate	24	corpus
flicker	light	candidate	30	corpus
fling	arm	candidate	214	corpus
fling	down	phrasal-verb	45	corpus
fling	off	phrasal-verb	30	corpus
fling	out	phrasal-verb	40	corpus
fling	shadow	candidate	21	corpus
fling	up	phrasal-verb	46	corpus
float	boat	idiom	27	wiktionary
float	down	phrasal-verb	102	corpus
flood	country	candidate	27	corpus
flood	world	candidate	23	corpus
flow	beard	candidate	28	corpus
flow	blood	candidate	32	corpus
flow	down	phrasal-verb	87	corpus
flow	hair	candidate	124	corpus
flow	lock	candidate	20	corpus
flow	out	phrasal-verb	39	corpus
flow	river	candidate	57	corpus
flow	robe	candidate	38	corpus
flow	stream	candidate	86	corpus
flow	tear	candidate	21	corpus
flow	water	candidate	67	corpus
flower	plant	candidate	27	corpus
flower	shrub	candidate	30	corpus
flush	cheek	candidate	84	corpus
flush	face	candidate	88	corpus
flutter	wing	candidate	78	corpus
fly	arrow	candidate	93	corpus
fly	bird	candidate	68	corpus
fly	country	candidate	35	corpus
fly	distance	candidate	28	corpus
fly	down	phrasal-verb	85	corpus
fly	flag	idiom	58	magpie
fly	kite	idiom	50	magpie
fly	nest	collocation	3	wiktionary
fly	off	phrasal-verb	63	corpus
fly	out	phrasal-verb	107	corpus
fly	overhead	candidate	56	corpus
fly	shaft	candidate	25	corpus
fly	up	phrasal-verb	219	corpus
fly	upward	candidate	31	corpus
foam	water	candidate	23	corpus
fold	arm	candidate	181	corpus
fold	paper	candidate	42	corpus
fold	tent	idiom	7	wiktionary
fold	up	phrasal-verb	76	corpus
fold	wing	candidate	57	corpus
follow	advice	candidate	522	corpus
follow	bent	candidate	21	corpus
follow	conductor	candidate	20	corpus
follow	crowd	idiom	20	wiktionary
follow	dictate	candidate	33	corpus
follow	example	candidate	1088	corpus
follow	guidance	candidate	35	corpus
follow	heart	collocation	5	wiktionary
follow	leader	collocation	90	wiktionary
follow	money	idiom	4	wiktionary
follow	nose	collocation	29	wiktionary
follow	out	phrasal-verb	52	corpus
follow	suit	idiom	70	wiktionary
follow	sun	collocation	29	wiktionary
follow	track	candidate	307	corpus
follow	trail	candidate	366	corpus
follow	up	phrasal-verb	258	corpus
follow	wheel	collocation	7	wiktionary
follow	wind	collocation	16	wiktionary
follow	winding	candidate	33	corpus
foot	bill	idiom	11	magpie+pie-english
forbid	marriage	candidate	32	corpus
force	back	collocation	6	conceptnet-5.7+oewn-2025+pwn-3.1
force	entrance	candidate	68	corpus
force	hand	idiom	17	wiktionary
force	way	collocation	689	wiktionary
ford	river	candidate	67	corpus
ford	stream	candidate	38	corpus
forebode	death	candidate	31	corpus
forecast	future	candidate	23	corpus
foreclose	mortgage	candidate	21	corpus
forego	pleasure	candidate	21	corpus
foreign	part	candidate	29	corpus
foresee	consequence	candidate	20	corpus
foresee	danger	candidate	20	corpus
foretell	death	candidate	55	corpus
foretell	event	candidate	75	corpus
foretell	future	candidate	63	corpus
forfeit	life	candidate	128	corpus
forfeit	right	candidate	23	corpus
forge	sword	candidate	46	corpus
forge	thunderbolt	candidate	26	corpus
forget	caution	candidate	21	corpus
forget	fatigue	candidate	22	corpus
forget	manners	collocation	35	wiktionary
forget	not	candidate	23	corpus
forget	past	candidate	66	corpus
forget	sorrow	candidate	77	corpus
forgive	offence	candidate	21	corpus
forgive	sin	candidate	119	corpus
form	alliance	candidate	124	corpus
form	arch	candidate	62	corpus
form	attachment	candidate	39	corpus
form	background	candidate	34	corpus
form	barrier	candidate	49	corpus
form	basis	candidate	127	corpus
form	boundary	candidate	64	corpus
form	canopy	candidate	25	corpus
form	circle	candidate	233	corpus
form	confederacy	candidate	32	corpus
form	conspiracy	candidate	36	corpus
form	constellation	candidate	38	corpus
form	contrast	candidate	68	corpus
form	escort	candidate	27	corpus
form	estimate	candidate	52	corpus
form	junction	candidate	30	corpus
form	lake	candidate	64	corpus
form	league	candidate	57	corpus
form	link	candidate	57	corpus
form	loop	candidate	24	corpus
form	nucleus	candidate	58	corpus
form	part	candidate	683	corpus
form	procession	candidate	104	corpus
form	semicircle	candidate	27	corpus
form	sort	candidate	169	corpus
form	staple	candidate	30	corpus
form	subject	candidate	149	corpus
fortify	camp	candidate	20	corpus
fortify	position	candidate	30	corpus
forward	letter	candidate	26	corpus
foster	growth	candidate	20	corpus
found	abbey	candidate	25	corpus
found	account	collocation	4	wiktionary
found	ballad	candidate	21	corpus
found	church	candidate	75	corpus
found	city	candidate	238	corpus
found	college	candidate	24	corpus
found	colony	candidate	162	corpus
found	dynasty	candidate	42	corpus
found	empire	candidate	46	corpus
found	monastery	candidate	54	corpus
found	place	collocation	9	wiktionary
found	religion	collocation	22	wiktionary
found	school	candidate	60	corpus
found	sect	candidate	23	corpus
found	settlement	candidate	40	corpus
found	society	candidate	29	corpus
found	way	collocation	4	wiktionary
frame	constitution	candidate	44	corpus
frame	law	candidate	24	corpus
free	slave	candidate	27	corpus
freeze	blood	candidate	47	corpus
frequent	shop	candidate	22	corpus
frighten	away	phrasal-verb	29	corpus
fringe	shore	candidate	20	corpus
frustrate	attempt	candidate	25	corpus
frustrate	design	candidate	26	corpus
frustrate	plan	candidate	34	corpus
fry	bacon	collocation	18	wiktionary
fry	fish	candidate	22	corpus
fulfil	command	candidate	67	corpus
fulfil	condition	candidate	123	corpus
fulfil	curse	candidate	29	corpus
fulfil	desire	candidate	92	corpus
fulfil	destiny	candidate	28	corpus
fulfil	duty	candidate	158	corpus
fulfil	engagement	candidate	29	corpus
fulfil	function	candidate	23	corpus
fulfil	mission	candidate	55	corpus
fulfil	obligation	candidate	23	corpus
fulfil	oracle	candidate	26	corpus
fulfil	prediction	candidate	41	corpus
fulfil	promise	candidate	274	corpus
fulfil	prophecy	candidate	130	corpus
fulfil	task	candidate	52	corpus
fulfil	vow	candidate	118	corpus
fulfil	wish	candidate	222	corpus
fulfill	promise	candidate	39	corpus
furl	sail	candidate	58	corpus
furnish	clue	candidate	28	corpus
furnish	evidence	candidate	84	corpus
furnish	feast	candidate	24	corpus
furnish	illustration	candidate	48	corpus
furnish	indication	candidate	21	corpus
furnish	material	candidate	83	corpus
furnish	parallel	candidate	26	corpus
furnish	proof	candidate	66	corpus
furnish	supplies	candidate	20	corpus
furnish	theme	candidate	24	corpus
gae	hame	candidate	43	corpus
gain	access	candidate	87	corpus
gain	admission	candidate	47	corpus
gain	admittance	candidate	68	corpus
gain	ascendency	candidate	28	corpus
gain	bank	candidate	25	corpus
gain	confidence	candidate	118	corpus
gain	end	candidate	140	corpus
gain	entry	collocation	3	dimsum16+streusle-5.0
gain	esteem	candidate	33	corpus
gain	foothold	candidate	48	corpus
gain	footing	candidate	67	corpus
gain	ground	idiom	117	conceptnet-5.7+epie+oewn-2025+pwn-3.1
gain	insight	candidate	33	corpus
gain	livelihood	candidate	41	corpus
gain	mastery	candidate	70	corpus
gain	momentum	idiom	6	wiktionary
gain	object	candidate	61	corpus
gain	renown	candidate	29	corpus
gain	summit	candidate	47	corpus
gain	top	candidate	64	corpus
gain	victory	collocation	471	conceptnet-5.7+wiki50-vincze2011
gain	weight	collocation	3	wiktionary
gallop	up	phrasal-verb	23	corpus
gang	gait	candidate	32	corpus
gasp	dick	candidate	20	corpus
gasp	out	phrasal-verb	23	corpus
gasp	polly	candidate	31	corpus
gasp	sam	candidate	20	corpus
gasp	tom	candidate	29	corpus
gather	berry	candidate	55	corpus
gather	company	candidate	44	corpus
gather	dust	idiom	10	wiktionary
gather	firewood	candidate	25	corpus
gather	flower	candidate	290	corpus
gather	fuel	candidate	29	corpus
gather	grape	candidate	22	corpus
gather	handful	candidate	45	corpus
gather	harvest	candidate	53	corpus
gather	heap	candidate	29	corpus
gather	herb	candidate	86	corpus
gather	honey	candidate	26	corpus
gather	moss	candidate	27	corpus
gather	nut	candidate	86	corpus
gather	speed	collocation	11	wiktionary
gather	strawberry	candidate	23	corpus
gather	strength	collocation	152	wiktionary
gather	up	phrasal-verb	515	corpus
gaze	fill	candidate	23	corpus
gaze	moment	candidate	27	corpus
gaze	upward	candidate	27	corpus
gaze	while	candidate	25	corpus
get	action	light-verb	3	wiktionary
get	ahead	light-verb	5	wiktionary
get	air	idiom	67	wiktionary
get	arm	candidate	84	corpus
get	away	light-verb	4	wiktionary
get	back	light-verb	59	wiktionary
get	bird	light-verb	67	wiktionary
get	boot	idiom	30	wiktionary
get	bullet	idiom	30	wiktionary
get	chance	light-verb	480	dimsum16+parseme-1.3-en
get	clue	idiom	21	wiktionary
get	death	candidate	73	corpus
get	devil	candidate	20	corpus
get	distance	candidate	39	corpus
get	door	idiom	40	wiktionary
get	down	phrasal-verb	20	corpus
get	drift	idiom	3	wiktionary
get	drunk	light-verb	55	wiktionary
get	ear	candidate	36	corpus
get	eye	candidate	169	corpus
get	face	candidate	31	corpus
get	fall	candidate	44	corpus
get	fever	light-verb	25	conceptnet-5.7+parseme-1.3-en
get	fill	idiom	11	wiktionary
get	flesh	candidate	22	corpus
get	foot	candidate	133	corpus
get	goat	idiom	24	conceptnet-5.7+magpie
get	grip	idiom	68	wiktionary
get	ground	candidate	20	corpus
get	hint	light-verb	35	wiktionary
get	hold	light-verb	1187	conceptnet-5.7+lvc-tu-roth2011+oewn-2025+pwn-3.1
get	hole	light-verb	13	wiktionary
get	home	light-verb	134	wiktionary
get	horse	light-verb	295	wiktionary
get	hour	candidate	35	corpus
get	idea	light-verb	267	wiktionary
get	in	idiom	6	wiktionary
get	ink	idiom	5	wiktionary
get	leg	candidate	58	corpus
get	life	idiom	39	wiktionary
get	look	light-verb	97	lvc-tu-roth2011+oewn-2025+pwn-3.1
get	matter	candidate	32	corpus
get	meaning	light-verb	13	wiktionary
get	mile	candidate	41	corpus
get	mind	candidate	25	corpus
get	mouth	candidate	25	corpus
get	neck	candidate	25	corpus
get	nod	idiom	5	wiktionary
get	nose	candidate	38	corpus
get	number	light-verb	40	wiktionary
get	off	phrasal-verb	165	corpus
get	on	phrasal-verb	37	corpus
get	open	light-verb	3	wiktionary
get	out	phrasal-verb	239	corpus
get	pain	candidate	32	corpus
get	pair	idiom	81	wiktionary
get	picture	idiom	65	magpie+oewn-2025+pwn-3.1
get	point	idiom	20	wiktionary
get	promotion	light-verb	9	conceptnet-5.7+dimsum16+lvc-tu-roth2011
get	push	light-verb	4	wiktionary
get	question	light-verb	10	parseme-1.3-en
get	quit	candidate	23	corpus
get	religion	light-verb	13	wiktionary
get	result	light-verb	22	conceptnet-5.7+dimsum16+streusle-5.0
get	revenge	light-verb	28	conceptnet-5.7+wiki50-vincze2011
get	rid	candidate	157	corpus
get	right	idiom	76	wiktionary
get	rise	light-verb	7	wiktionary
get	round	light-verb	6	wiktionary
get	sack	idiom	31	wiktionary
get	sick	light-verb	17	wiktionary
get	side	candidate	25	corpus
get	sight	candidate	211	corpus
get	sort	candidate	77	corpus
get	spirit	candidate	24	corpus
get	step	candidate	22	corpus
get	straight	idiom	7	wiktionary
get	thumb	light-verb	6	wiktionary
get	trace	candidate	23	corpus
get	up	phrasal-verb	639	corpus
get	view	light-verb	238	parseme-1.3-en
get	wall	light-verb	11	wiktionary
get	way	idiom	178	wiktionary
get	wind	idiom	183	wiktionary
get	wit	candidate	20	corpus
gild	pill	collocation	4	wiktionary
gird	sword	candidate	33	corpus
gird	up	phrasal-verb	27	corpus
give	advice	light-verb	715	conceptnet-5.7+lvc-tu-roth2011
give	age	candidate	22	corpus
give	air	candidate	266	corpus
give	all	idiom	5	wiktionary
give	army	candidate	28	corpus
give	away	phrasal-verb	35	corpus
give	ax	light-verb	14	wiktionary
give	axe	idiom	51	wiktionary
give	back	phrasal-verb	249	corpus
give	battle	light-verb	411	wiktionary
give	beast	candidate	34	corpus
give	beauty	candidate	92	corpus
give	bird	light-verb	88	wiktionary
give	birth	idiom	1821	conceptnet-5.7+dimsum16+oewn-2025+parseme-1.3-en+pwn-3.1
give	blood	light-verb	83	wiktionary
give	body	candidate	173	corpus
give	boy	candidate	269	corpus
give	brain	light-verb	25	wiktionary
give	brother	candidate	123	corpus
give	call	light-verb	118	dimsum16+parseme-1.3-en
give	captain	candidate	20	corpus
give	certainty	light-verb	4	parseme-1.3-en
give	character	candidate	139	corpus
give	charge	light-verb	123	parseme-1.3-en
give	chase	idiom	367	wiktionary
give	chief	candidate	30	corpus
give	city	candidate	48	corpus
give	companion	candidate	40	corpus
give	condition	candidate	22	corpus
give	control	light-verb	44	parseme-1.3-en
give	country	candidate	47	corpus
give	couple	candidate	60	corpus
give	course	candidate	33	corpus
give	creature	candidate	23	corpus
give	credence	light-verb	82	parseme-1.3-en
give	credit	light-verb	410	wiktionary
give	cry	light-verb	647	wiktionary
give	damsel	candidate	23	corpus
give	ear	idiom	273	wiktionary
give	earth	candidate	26	corpus
give	effect	candidate	139	corpus
give	end	candidate	54	corpus
give	enemy	candidate	43	corpus
give	eye	candidate	137	corpus
give	face	idiom	44	wiktionary
give	fall	candidate	49	corpus
give	father	candidate	123	corpus
give	fellow	candidate	59	corpus
give	fig	light-verb	12	wiktionary
give	finger	light-verb	18	wiktionary
give	fire	candidate	127	corpus
give	flesh	candidate	50	corpus
give	foot	candidate	28	corpus
give	friend	candidate	93	corpus
give	girl	candidate	168	corpus
give	god	candidate	67	corpus
give	ground	light-verb	130	wiktionary
give	guest	candidate	30	corpus
give	guidance	light-verb	11	conceptnet-5.7+lvc-tu-roth2011
give	gun	light-verb	53	wiktionary
give	hair	candidate	67	corpus
give	hat	light-verb	27	wiktionary
give	head	idiom	207	wiktionary
give	heed	idiom	383	wiktionary
give	hell	light-verb	5	wiktionary
give	hero	candidate	27	corpus
give	hold	candidate	23	corpus
give	hoot	light-verb	12	wiktionary
give	husband	candidate	43	corpus
give	inch	light-verb	18	wiktionary
give	indication	light-verb	142	parseme-1.3-en
give	information	light-verb	696	conceptnet-5.7+lvc-tu-roth2011
give	instruction	light-verb	515	conceptnet-5.7+streusle-5.0
give	island	candidate	30	corpus
give	kind	candidate	115	corpus
give	king	candidate	151	corpus
give	knee	light-verb	5	wiktionary
give	knight	candidate	45	corpus
give	lad	candidate	66	corpus
give	lady	candidate	58	corpus
give	language	candidate	29	corpus
give	law	candidate	141	corpus
give	leg	candidate	27	corpus
give	legend	candidate	86	corpus
give	length	candidate	36	corpus
give	lie	idiom	78	wiktionary
give	light	light-verb	510	wiktionary
give	lip	idiom	6	wiktionary
give	look	light-verb	505	parseme-1.3-en
give	loose	light-verb	9	wiktionary
give	lord	candidate	26	corpus
give	lover	candidate	31	corpus
give	maid	candidate	38	corpus
give	man	candidate	617	corpus
give	master	candidate	47	corpus
give	matter	candidate	57	corpus
give	mind	candidate	97	corpus
give	mistress	candidate	29	corpus
give	mother	candidate	118	corpus
give	neck	light-verb	21	wiktionary
give	notice	idiom	574	wiktionary
give	occasion	candidate	184	corpus
give	off	light-verb	10	wiktionary
give	other	candidate	66	corpus
give	out	phrasal-verb	427	corpus
give	over	phrasal-verb	21	corpus
give	pause	idiom	22	wiktionary
give	paw	light-verb	28	wiktionary
give	people	candidate	174	corpus
give	permission	light-verb	386	conceptnet-5.7+lvc-tu-roth2011
give	person	candidate	25	corpus
give	place	light-verb	952	wiktionary
give	plenty	candidate	179	corpus
give	prince	candidate	45	corpus
give	princess	candidate	102	corpus
give	pursuit	light-verb	14	wiktionary
give	queen	candidate	28	corpus
give	race	candidate	25	corpus
give	rain	candidate	51	corpus
give	reader	candidate	79	corpus
give	response	light-verb	64	parseme-1.3-en
give	right	light-verb	143	parseme-1.3-en
give	rise	light-verb	1164	conceptnet-5.7+lvc-tu-roth2011+oewn-2025+pwn-3.1
give	sack	idiom	49	conceptnet-5.7+vnc-tokens-cook2008
give	servant	candidate	58	corpus
give	shadow	candidate	23	corpus
give	shrug	light-verb	20	conceptnet-5.7+parseme-1.3-en
give	side	candidate	28	corpus
give	sight	candidate	72	corpus
give	sir	candidate	20	corpus
give	sister	candidate	130	corpus
give	skin	light-verb	71	wiktionary
give	slave	candidate	42	corpus
give	soldier	candidate	42	corpus
give	son	candidate	337	corpus
give	sort	candidate	143	corpus
give	squeal	light-verb	14	parseme-1.3-en
give	star	candidate	22	corpus
give	stare	light-verb	20	parseme-1.3-en
give	stem	light-verb	5	wiktionary
give	stick	light-verb	69	wiktionary
give	story	candidate	281	corpus
give	stranger	candidate	36	corpus
give	stuff	light-verb	20	wiktionary
give	suck	light-verb	24	wiktionary
give	support	light-verb	110	lvc-tu-roth2011+parseme-1.3-en
give	tail	candidate	39	corpus
give	tale	candidate	92	corpus
give	tap	light-verb	57	parseme-1.3-en
give	tear	candidate	20	corpus
give	thought	light-verb	221	wiktionary
give	tongue	light-verb	98	wiktionary
give	tooth	candidate	27	corpus
give	toss	light-verb	11	wiktionary
give	town	candidate	28	corpus
give	tree	candidate	61	corpus
give	up	phrasal-verb	3547	corpus
give	verdict	light-verb	60	parseme-1.3-en
give	view	candidate	177	corpus
give	voice	light-verb	117	wiktionary
give	war	candidate	24	corpus
give	warrior	candidate	23	corpus
give	way	light-verb	1509	wiktionary
give	weight	idiom	114	wiktionary
give	wife	candidate	187	corpus
give	wind	candidate	33	corpus
give	wing	candidate	89	corpus
give	wit	candidate	20	corpus
give	woman	candidate	141	corpus
give	word	light-verb	1222	wiktionary
give	world	candidate	116	corpus
give	youth	candidate	61	corpus
glad	heart	candidate	24	corpus
gladden	heart	collocation	156	wiktionary
glean	information	candidate	20	corpus
glorify	god	candidate	50	corpus
glove	hand	candidate	41	corpus
glow	cheek	candidate	30	corpus
glow	coal	candidate	21	corpus
gnash	tooth	candidate	243	corpus
gnaw	bone	candidate	58	corpus
gnaw	hole	candidate	27	corpus
gnaw	rope	candidate	24	corpus
go	ahead	idiom	3	conceptnet-5.7+dimsum16+oewn-2025+parseme-1.3-en+pwn-3.1+streusle-5.0+wiki50-vincze2011
go	back	collocation	6	wiktionary
go	bail	collocation	31	wiktionary
go	barefoot	candidate	55	corpus
go	begging	idiom	18	wiktionary
go	bush	collocation	3	wiktionary
go	cry	idiom	7	dimsum16+streusle-5.0
go	down	phrasal-verb	485	corpus
go	face	collocation	10	wiktionary
go	farther	candidate	60	corpus
go	faster	candidate	20	corpus
go	fishing	candidate	155	corpus
go	forward	idiom	28	conceptnet-5.7+dimsum16+oewn-2025+parseme-1.3-en+pwn-3.1+streusle-5.0
go	further	candidate	29	corpus
go	gold	collocation	10	wiktionary
go	hold	candidate	153	corpus
go	home	collocation	74	wiktionary
go	homeward	candidate	94	corpus
go	hunting	candidate	152	corpus
go	journey	candidate	93	corpus
go	length	candidate	77	corpus
go	off	phrasal-verb	376	corpus
go	on	phrasal-verb	731	corpus
go	out	phrasal-verb	1606	corpus
go	past	collocation	4	wiktionary
go	pitapat	collocation	4	wiktionary
go	round	collocation	266	wiktionary
go	route	collocation	4	wiktionary
go	snow	candidate	22	corpus
go	south	idiom	13	wiktionary
go	straight	idiom	3	wiktionary
go	straightway	candidate	93	corpus
go	up	phrasal-verb	1262	corpus
go	walking	collocation	6	wiktionary
go	way	collocation	5	wiktionary
go	west	idiom	25	conceptnet-5.7+magpie
go	whistle	collocation	11	wiktionary
go	wild	idiom	10	wiktionary
gobble	up	phrasal-verb	38	corpus
goose	egg	idiom	6	conceptnet-5.7+oewn-2025+pwn-3.1+semeval2022-task2
gospel	truth	idiom	14	conceptnet-5.7+oewn-2025+pie-english+pwn-3.1
govern	kingdom	candidate	104	corpus
govern	nation	candidate	20	corpus
govern	world	candidate	69	corpus
grab	hold	collocation	16	wiktionary
grant	boon	candidate	67	corpus
grant	charter	candidate	25	corpus
grant	pardon	candidate	49	corpus
grant	pension	candidate	21	corpus
grant	permission	candidate	67	corpus
grant	petition	candidate	49	corpus
grant	prayer	candidate	223	corpus
grant	privilege	candidate	26	corpus
grant	request	candidate	501	corpus
grant	wish	candidate	193	corpus
grasp	handle	candidate	43	corpus
grasp	hilt	candidate	33	corpus
grasp	nettle	idiom	4	magpie+pie-english
grasp	rein	candidate	31	corpus
grasp	staff	candidate	25	corpus
gratify	ambition	candidate	21	corpus
gratify	curiosity	candidate	116	corpus
gratify	desire	candidate	73	corpus
gratify	passion	candidate	59	corpus
gratify	taste	candidate	35	corpus
gratify	vanity	candidate	25	corpus
gratify	whim	candidate	21	corpus
gratify	wish	candidate	117	corpus
graze	side	candidate	20	corpus
greet	arrival	candidate	34	corpus
greet	ear	candidate	60	corpus
greet	guest	candidate	46	corpus
greet	visitor	candidate	25	corpus
grieve	sore	candidate	35	corpus
grind	bone	candidate	42	corpus
grind	corn	collocation	104	wiktionary
grind	flour	candidate	25	corpus
grind	grain	candidate	23	corpus
grind	meal	candidate	23	corpus
grind	tooth	candidate	197	corpus
grind	wheat	candidate	22	corpus
grip	arm	candidate	50	corpus
groom	horse	candidate	20	corpus
grope	way	candidate	257	corpus
grow	crimson	candidate	24	corpus
grow	custom	collocation	4	wiktionary
grow	dark	candidate	25	corpus
grow	dimmer	candidate	22	corpus
grow	dusk	candidate	62	corpus
grow	faint	candidate	92	corpus
grow	fainter	candidate	197	corpus
grow	fat	candidate	92	corpus
grow	fond	candidate	54	corpus
grow	gray	candidate	23	corpus
grow	green	candidate	25	corpus
grow	grey	candidate	22	corpus
grow	light	candidate	94	corpus
grow	melancholy	candidate	24	corpus
grow	pair	idiom	3	wiktionary
grow	pale	candidate	132	corpus
grow	redder	candidate	38	corpus
grow	skin	collocation	5	wiktionary
grow	stiff	candidate	46	corpus
grow	tail	collocation	4	wiktionary
grow	tender	candidate	21	corpus
grow	thinner	candidate	85	corpus
grow	up	phrasal-verb	1031	corpus
grow	wild	candidate	59	corpus
grown	up	collocation	3	wiktionary
guard	apple	candidate	28	corpus
guard	entrance	candidate	136	corpus
guard	frontier	candidate	25	corpus
guard	gate	candidate	113	corpus
guard	sheep	candidate	26	corpus
guard	tongue	collocation	5	wiktionary
guard	treasure	candidate	118	corpus
guess	meaning	candidate	27	corpus
guess	riddle	candidate	61	corpus
guide	footstep	candidate	20	corpus
guide	steed	candidate	32	corpus
guide	step	candidate	60	corpus
hae	mair	candidate	21	corpus
hae	mercy	candidate	24	corpus
hail	arrival	candidate	21	corpus
hail	distance	candidate	37	corpus
half	kingdom	candidate	20	corpus
hallow	eve	candidate	20	corpus
halt	moment	candidate	22	corpus
hand	cup	candidate	44	corpus
hand	down	phrasal-verb	120	corpus
hand	glass	candidate	26	corpus
hand	paper	candidate	36	corpus
handle	weapon	candidate	32	corpus
hang	arse	idiom	5	wiktionary
hang	branch	candidate	21	corpus
hang	cage	candidate	20	corpus
hang	curtain	candidate	48	corpus
hang	down	phrasal-verb	231	corpus
hang	fire	idiom	5	conceptnet-5.7+magpie+pie-english
hang	hat	collocation	25	wiktionary
hang	head	collocation	506	wiktionary
hang	heavy	collocation	12	wiktionary
hang	kettle	candidate	24	corpus
hang	leg	idiom	6	wiktionary
hang	moon	idiom	3	wiktionary
hang	out	phrasal-verb	106	corpus
hang	portrait	candidate	26	corpus
hang	round	collocation	5	wiktionary
hang	shield	candidate	84	corpus
hang	skin	candidate	26	corpus
hang	thief	candidate	33	corpus
hang	up	phrasal-verb	412	corpus
harangue	people	candidate	22	corpus
harass	enemy	candidate	20	corpus
harden	heart	idiom	157	wiktionary
harness	horse	candidate	129	corpus
harness	steed	candidate	28	corpus
harvest	crop	candidate	22	corpus
harvest	home	candidate	20	corpus
hast	thyself	candidate	85	corpus
hasten	departure	candidate	44	corpus
hasten	down	phrasal-verb	20	corpus
hasten	homeward	candidate	32	corpus
hasten	return	candidate	30	corpus
hasten	step	candidate	57	corpus
hasten	up	phrasal-verb	22	corpus
hatch	egg	candidate	66	corpus
hatch	plot	candidate	28	corpus
hate	spaniard	candidate	21	corpus
haul	boat	candidate	22	corpus
haul	down	phrasal-verb	43	corpus
haul	up	phrasal-verb	82	corpus
haunt	imagination	candidate	30	corpus
have	accident	idiom	70	wiktionary
have	affair	light-verb	101	wiktionary
have	affinity	light-verb	107	parseme-1.3-en
have	argument	light-verb	72	conceptnet-5.7+lvc-tu-roth2011
have	audacity	idiom	52	dimsum16+streusle-5.0
have	back	idiom	137	wiktionary
have	ball	idiom	189	wiktionary
have	bird	light-verb	200	wiktionary
have	biscuit	idiom	17	wiktionary
have	bite	idiom	62	wiktionary
have	blood	light-verb	262	wiktionary
have	breakfast	light-verb	367	conceptnet-5.7+parseme-1.3-en
have	business	light-verb	747	wiktionary
have	care	light-verb	771	wiktionary
have	chance	light-verb	1833	conceptnet-5.7+parseme-1.3-en
have	clue	idiom	74	dimsum16+streusle-5.0
have	concern	light-verb	116	parseme-1.3-en
have	contact	light-verb	31	conceptnet-5.7+lvc-tu-roth2011
have	contract	light-verb	21	conceptnet-5.7+parseme-1.3-en
have	couple	light-verb	58	wiktionary
have	cow	idiom	179	magpie
have	difficulty	light-verb	1261	parseme-1.3-en
have	doubt	light-verb	1893	dimsum16+parseme-1.3-en
have	down	light-verb	10	wiktionary
have	duty	light-verb	211	parseme-1.3-en
have	ear	light-verb	496	wiktionary
have	effect	light-verb	2125	conceptnet-5.7+parseme-1.3-en
have	fall	light-verb	218	wiktionary
have	fill	light-verb	109	wiktionary
have	fit	idiom	224	wiktionary
have	floor	idiom	74	wiktionary
have	form	light-verb	571	wiktionary
have	fun	light-verb	369	wiktionary
have	future	idiom	38	conceptnet-5.7+vnc-tokens-cook2008
have	gas	idiom	6	wiktionary
have	genius	light-verb	130	parseme-1.3-en
have	go	idiom	44	wiktionary
have	handful	light-verb	33	wiktionary
have	head	idiom	1530	wiktionary
have	heart	idiom	1496	wiktionary
have	hide	idiom	39	wiktionary
have	idea	light-verb	2719	wiktionary
have	in	light-verb	15	wiktionary
have	laugh	idiom	122	wiktionary
have	look	light-verb	924	wiktionary
have	meeting	light-verb	162	conceptnet-5.7+parseme-1.3-en
have	mercy	light-verb	839	wiktionary
have	moment	light-verb	224	wiktionary
have	need	light-verb	1160	lvc-tu-roth2011+parseme-1.3-en
have	number	idiom	523	wiktionary
have	objection	light-verb	526	conceptnet-5.7+lvc-tu-roth2011
have	obligation	light-verb	16	parseme-1.3-en
have	off	light-verb	5	wiktionary
have	operation	light-verb	24	conceptnet-5.7+parseme-1.3-en
have	out	phrasal-verb	45	corpus
have	pair	idiom	299	wiktionary
have	patience	light-verb	608	conceptnet-5.7+parseme-1.3-en
have	pick	light-verb	30	wiktionary
have	plan	light-verb	426	conceptnet-5.7+dimsum16+parseme-1.3-en
have	pleasure	light-verb	733	wiktionary
have	point	light-verb	324	wiktionary
have	presence	light-verb	109	parseme-1.3-en
have	problem	light-verb	30	dimsum16+streusle-5.0
have	purpose	light-verb	224	conceptnet-5.7+parseme-1.3-en
have	question	light-verb	182	conceptnet-5.7+parseme-1.3-en
have	reason	light-verb	2339	wiktionary
have	right	light-verb	2653	wiktionary
have	say	light-verb	60	wiktionary
have	seat	idiom	245	wiktionary
have	sex	light-verb	23	wiktionary
have	stab	idiom	3	wiktionary
have	stay	light-verb	29	parseme-1.3-en
have	sympathy	light-verb	226	parseme-1.3-en
have	thing	light-verb	1261	wiktionary
have	thought	light-verb	844	parseme-1.3-en
have	time	idiom	6380	wiktionary
have	up	phrasal-verb	55	corpus
have	way	idiom	1822	wiktionary
have	word	idiom	1173	wiktionary
hazard	conjecture	candidate	21	corpus
hazard	guess	idiom	20	wiktionary
head	party	candidate	23	corpus
head	procession	candidate	44	corpus
heal	disease	candidate	39	corpus
heal	hurt	candidate	26	corpus
heal	sick	candidate	25	corpus
heal	sickness	candidate	21	corpus
heal	wound	candidate	347	corpus
heap	coal	candidate	23	corpus
heap	fuel	candidate	20	corpus
heap	mound	candidate	20	corpus
heap	up	phrasal-verb	124	corpus
heap	wood	candidate	20	corpus
hear	bang	candidate	20	corpus
hear	booming	candidate	21	corpus
hear	breathing	candidate	85	corpus
hear	buzzing	candidate	24	corpus
hear	clamor	candidate	43	corpus
hear	clang	candidate	33	corpus
hear	clash	candidate	35	corpus
hear	clatter	candidate	82	corpus
hear	click	candidate	62	corpus
hear	cracking	candidate	20	corpus
hear	crash	candidate	120	corpus
hear	creak	candidate	30	corpus
hear	crying	candidate	89	corpus
hear	firing	candidate	62	corpus
hear	footfall	candidate	50	corpus
hear	footstep	candidate	480	corpus
hear	groaning	candidate	33	corpus
hear	hissing	candidate	22	corpus
hear	howling	candidate	44	corpus
hear	jingle	candidate	27	corpus
hear	knocking	candidate	61	corpus
hear	murmur	candidate	131	corpus
hear	murmuring	candidate	36	corpus
hear	mutter	candidate	21	corpus
hear	neigh	candidate	33	corpus
hear	noise	candidate	1830	corpus
hear	patter	candidate	28	corpus
hear	rattling	candidate	46	corpus
hear	ringing	candidate	26	corpus
hear	roaring	candidate	99	corpus
hear	rumble	candidate	48	corpus
hear	rumbling	candidate	33	corpus
hear	rustle	candidate	88	corpus
hear	rustling	candidate	153	corpus
hear	say	candidate	167	corpus
hear	scratching	candidate	22	corpus
hear	shouting	candidate	86	corpus
hear	singing	candidate	92	corpus
hear	snore	candidate	27	corpus
hear	sound	candidate	3025	corpus
hear	speak	candidate	408	corpus
hear	splash	candidate	66	corpus
hear	splashing	candidate	23	corpus
hear	tell	collocation	392	wiktionary
hear	thud	candidate	44	corpus
hear	tinkle	candidate	32	corpus
hear	tramping	candidate	24	corpus
hear	trampling	candidate	61	corpus
hear	tread	candidate	91	corpus
hear	voice	candidate	4191	corpus
hear	wailing	candidate	70	corpus
hear	whisper	candidate	115	corpus
hear	whispering	candidate	29	corpus
hear	whistling	candidate	40	corpus
hearten	heart	candidate	32	corpus
heat	oven	candidate	40	corpus
heat	stone	candidate	40	corpus
heat	water	candidate	48	corpus
heave	breast	candidate	20	corpus
heave	sigh	candidate	225	corpus
heave	up	phrasal-verb	46	corpus
heed	advice	candidate	21	corpus
heed	warning	candidate	29	corpus
heighten	effect	candidate	43	corpus
help	oneself	collocation	3	wiktionary
herald	approach	candidate	48	corpus
herd	cattle	candidate	40	corpus
herd	cow	candidate	27	corpus
herd	sheep	candidate	51	corpus
hesitate	moment	candidate	192	corpus
hew	down	phrasal-verb	54	corpus
hew	off	phrasal-verb	43	corpus
hew	out	phrasal-verb	22	corpus
hew	wood	candidate	34	corpus
hide	ball	collocation	10	wiktionary
hide	blush	candidate	22	corpus
hide	face	candidate	839	corpus
hide	moon	candidate	27	corpus
hide	sun	candidate	47	corpus
hie	thee	candidate	74	corpus
high	up	phrasal-verb	54	corpus
higher	up	phrasal-verb	25	corpus
hinder	progress	candidate	22	corpus
hit	button	collocation	3	wiktionary
hit	ground	idiom	15	dimsum16+streusle-5.0
hit	hay	idiom	3	magpie+oewn-2025+pwn-3.1
hit	head	collocation	40	wiktionary
hit	mark	idiom	135	magpie+pie-english
hit	nail	candidate	35	corpus
hit	plan	candidate	39	corpus
hit	road	idiom	4	wiktionary
hit	rock	collocation	15	wiktionary
hit	spot	idiom	22	wiktionary
hit	trail	collocation	32	wiktionary
hit	wall	idiom	13	wiktionary
hitch	horse	candidate	43	corpus
hitch	up	phrasal-verb	22	corpus
hocus	pocus	idiom	13	conceptnet-5.7+epie+lidioms
hoist	colour	candidate	21	corpus
hoist	flag	candidate	111	corpus
hoist	sail	candidate	261	corpus
hold	back	idiom	72	wiktionary
hold	book	collocation	102	wiktionary
hold	breath	idiom	516	wiktionary
hold	candle	collocation	116	wiktionary
hold	carnival	candidate	25	corpus
hold	communion	candidate	48	corpus
hold	conference	candidate	121	corpus
hold	consultation	candidate	215	corpus
hold	converse	candidate	179	corpus
hold	council	candidate	635	corpus
hold	court	idiom	308	wiktionary
hold	dear	collocation	6	wiktionary
hold	discussion	collocation	18	parseme-1.3-en
hold	down	phrasal-verb	68	corpus
hold	drink	idiom	8	wiktionary
hold	election	collocation	31	parseme-1.3-en
hold	fair	candidate	89	corpus
hold	festival	candidate	355	corpus
hold	fire	idiom	51	wiktionary
hold	firm	collocation	31	wiktionary
hold	fort	idiom	44	conceptnet-5.7+vnc-tokens-cook2008
hold	ground	collocation	167	wiktionary
hold	grudge	idiom	14	wiktionary
hold	hand	idiom	1297	wiktionary
hold	hostage	collocation	7	wiktionary
hold	inquest	candidate	26	corpus
hold	jaw	idiom	21	wiktionary
hold	light	collocation	68	wiktionary
hold	line	idiom	73	wiktionary
hold	liquor	idiom	4	wiktionary
hold	manor	candidate	28	corpus
hold	meeting	candidate	399	corpus
hold	nose	collocation	53	wiktionary
hold	out	phrasal-verb	1539	corpus
hold	parley	candidate	39	corpus
hold	peace	idiom	689	wiktionary
hold	piece	collocation	82	wiktionary
hold	revel	candidate	67	corpus
hold	ring	idiom	51	wiktionary
hold	road	collocation	20	wiktionary
hold	session	candidate	30	corpus
hold	stage	idiom	7	wiktionary
hold	stirrup	candidate	52	corpus
hold	sway	idiom	207	wiktionary
hold	talk	collocation	23	parseme-1.3-en
hold	tight	collocation	19	wiktionary
hold	tongue	idiom	661	wiktionary
hold	tournament	candidate	67	corpus
hold	up	phrasal-verb	1499	corpus
hold	water	idiom	127	wiktionary
hollow	out	phrasal-verb	49	corpus
honor	memory	candidate	21	corpus
honour	memory	candidate	25	corpus
hook	fish	candidate	21	corpus
hop	twig	collocation	3	wiktionary
hug	knee	candidate	23	corpus
hug	shore	candidate	20	corpus
hum	bird	candidate	53	corpus
hum	song	candidate	49	corpus
hum	tune	candidate	53	corpus
humble	pride	candidate	32	corpus
hunt	bear	candidate	41	corpus
hunt	beast	candidate	56	corpus
hunt	boar	candidate	63	corpus
hunt	buffalo	candidate	48	corpus
hunt	deer	candidate	131	corpus
hunt	fox	candidate	35	corpus
hunt	grounds	candidate	22	corpus
hunt	hare	candidate	42	corpus
hunt	lion	candidate	30	corpus
hunt	rabbit	candidate	25	corpus
hunt	stag	candidate	29	corpus
hunt	up	phrasal-verb	78	corpus
hunt	wolf	candidate	33	corpus
hunt	wren	candidate	36	corpus
hurl	dart	candidate	35	corpus
hurl	down	phrasal-verb	22	corpus
hurl	javelin	candidate	83	corpus
hurl	lance	candidate	36	corpus
hurl	rock	candidate	61	corpus
hurl	spear	candidate	226	corpus
hurl	stone	candidate	109	corpus
hurl	thunderbolt	candidate	33	corpus
hurry	down	phrasal-verb	79	corpus
hurry	homeward	candidate	25	corpus
hurry	up	phrasal-verb	94	corpus
hurt	feeling	candidate	221	corpus
hurt	fly	idiom	4	wiktionary
hurt	pride	candidate	34	corpus
hush	hush	candidate	44	corpus
hush	up	phrasal-verb	30	corpus
hush	voice	candidate	50	corpus
identify	osiris	candidate	22	corpus
ignore	existence	candidate	25	corpus
ignore	fact	candidate	27	corpus
illustrate	principle	candidate	42	corpus
im	altertum	candidate	80	corpus
im	breisgau	candidate	27	corpus
imagine	astonishment	candidate	45	corpus
imagine	dismay	candidate	27	corpus
imagine	feeling	candidate	55	corpus
imagine	joy	candidate	47	corpus
imagine	surprise	candidate	47	corpus
imbrue	hand	candidate	26	corpus
imitate	action	candidate	37	corpus
imitate	example	candidate	78	corpus
imitate	motion	candidate	23	corpus
imitate	movement	candidate	27	corpus
impart	information	candidate	51	corpus
impart	knowledge	candidate	51	corpus
impart	secret	candidate	39	corpus
impede	progress	candidate	53	corpus
impend	danger	candidate	41	corpus
impend	death	candidate	24	corpus
impend	fate	candidate	22	corpus
implore	aid	candidate	68	corpus
implore	assistance	candidate	62	corpus
implore	forgiveness	candidate	31	corpus
implore	help	candidate	39	corpus
implore	mercy	candidate	76	corpus
implore	pardon	candidate	77	corpus
implore	protection	candidate	49	corpus
impose	condition	candidate	35	corpus
impose	duty	candidate	24	corpus
impose	fine	candidate	20	corpus
impose	restriction	candidate	20	corpus
impose	task	candidate	37	corpus
impose	tax	candidate	48	corpus
impose	tribute	candidate	21	corpus
imprecate	curse	candidate	34	corpus
impress	mind	candidate	48	corpus
impress	necessity	candidate	20	corpus
imprint	kiss	candidate	39	corpus
improve	condition	candidate	73	corpus
improve	health	candidate	20	corpus
improve	occasion	idiom	30	wiktionary
improve	opportunity	candidate	38	corpus
improvise	couplet	candidate	37	corpus
incarnate	god	candidate	34	corpus
incline	head	candidate	74	corpus
incline	heart	candidate	33	corpus
include	illustration	candidate	127	corpus
increase	astonishment	candidate	22	corpus
increase	size	candidate	30	corpus
increase	speed	candidate	116	corpus
incur	anger	candidate	47	corpus
incur	danger	candidate	33	corpus
incur	displeasure	candidate	105	corpus
incur	enmity	candidate	31	corpus
incur	expense	candidate	28	corpus
incur	penalty	candidate	52	corpus
incur	risk	candidate	38	corpus
incur	wrath	candidate	46	corpus
indicate	presence	candidate	64	corpus
induce	sleep	candidate	25	corpus
indulge	grief	candidate	25	corpus
indulge	hope	candidate	24	corpus
indulge	passion	candidate	34	corpus
indulge	taste	candidate	20	corpus
infest	country	candidate	30	corpus
infest	road	candidate	26	corpus
inflame	heart	candidate	48	corpus
inflame	mind	candidate	23	corpus
inflame	passion	candidate	27	corpus
inflict	blow	candidate	51	corpus
inflict	damage	candidate	39	corpus
inflict	defeat	candidate	34	corpus
inflict	disease	candidate	24	corpus
inflict	injury	candidate	90	corpus
inflict	loss	candidate	52	corpus
inflict	pain	candidate	54	corpus
inflict	penalty	candidate	32	corpus
inflict	punishment	candidate	208	corpus
inflict	torture	candidate	25	corpus
inflict	wound	candidate	191	corpus
inform	majesty	candidate	32	corpus
inform	reader	candidate	47	corpus
infuse	spirit	candidate	24	corpus
inhabit	cave	candidate	30	corpus
inhabit	country	candidate	92	corpus
inhabit	forest	candidate	26	corpus
inhabit	island	candidate	76	corpus
inhabit	region	candidate	53	corpus
inhale	air	candidate	36	corpus
inhale	breath	candidate	25	corpus
inhale	fragrance	candidate	22	corpus
inhale	fume	candidate	20	corpus
inherit	estate	candidate	35	corpus
inherit	fortune	candidate	38	corpus
inherit	kingdom	candidate	64	corpus
inherit	property	candidate	56	corpus
inherit	quality	candidate	20	corpus
inherit	wealth	candidate	28	corpus
injure	health	candidate	34	corpus
inquire	cause	candidate	152	corpus
inquire	frank	candidate	42	corpus
inquire	harry	candidate	28	corpus
inscribe	name	candidate	87	corpus
inspire	confidence	candidate	24	corpus
inspire	fear	candidate	38	corpus
inspire	terror	candidate	28	corpus
institute	festival	candidate	43	corpus
institute	game	candidate	44	corpus
institute	inquiry	candidate	22	corpus
institute	sacrifice	candidate	27	corpus
institute	search	candidate	40	corpus
insult	intelligence	idiom	3	wiktionary
insure	safety	candidate	32	corpus
insure	success	candidate	57	corpus
inter	body	candidate	38	corpus
intercept	letter	candidate	27	corpus
interpret	dream	candidate	68	corpus
interrupt	conversation	candidate	74	corpus
introduce	christianity	candidate	54	corpus
introduce	element	candidate	50	corpus
introduce	worship	candidate	83	corpus
invade	britain	candidate	21	corpus
invade	country	candidate	115	corpus
invade	dominion	candidate	21	corpus
invade	egypt	candidate	20	corpus
invade	england	candidate	59	corpus
invade	france	candidate	26	corpus
invade	greece	candidate	33	corpus
invade	italy	candidate	30	corpus
invade	kingdom	candidate	36	corpus
invade	territory	candidate	74	corpus
invent	fable	candidate	22	corpus
invent	instrument	candidate	24	corpus
invent	machine	candidate	24	corpus
invent	method	candidate	23	corpus
invent	myth	candidate	23	corpus
investigate	case	candidate	22	corpus
investigate	matter	candidate	81	corpus
investigate	subject	candidate	30	corpus
invite	guest	candidate	99	corpus
invoke	aid	candidate	122	corpus
invoke	assistance	candidate	23	corpus
invoke	blessing	candidate	68	corpus
invoke	curse	candidate	22	corpus
invoke	deity	candidate	23	corpus
invoke	god	candidate	114	corpus
invoke	help	candidate	26	corpus
invoke	protection	candidate	23	corpus
invoke	spirit	candidate	81	corpus
irv	chapter	candidate	21	corpus
issue	command	candidate	45	corpus
issue	decree	candidate	70	corpus
issue	edict	candidate	49	corpus
issue	edition	candidate	24	corpus
issue	mandate	candidate	20	corpus
issue	order	candidate	301	corpus
issue	proclamation	candidate	208	corpus
issue	statement	collocation	3	parseme-1.3-en
issue	warrant	candidate	30	corpus
jack	killer	candidate	20	corpus
jerk	thumb	candidate	22	corpus
jog	memory	collocation	3	wiktionary
join	army	candidate	334	corpus
join	caravan	candidate	41	corpus
join	club	idiom	21	wiktionary
join	corps	candidate	21	corpus
join	group	candidate	126	corpus
join	issue	idiom	20	wiktionary
join	league	candidate	42	corpus
join	majority	collocation	4	wiktionary
join	party	candidate	310	corpus
join	regiment	candidate	77	corpus
join	throng	candidate	34	corpus
journey	day	candidate	24	corpus
journey	homeward	candidate	23	corpus
jump	bail	collocation	4	wiktionary
jump	claim	collocation	3	wiktionary
jump	ditch	candidate	20	corpus
jump	down	phrasal-verb	39	corpus
jump	foot	candidate	21	corpus
jump	off	phrasal-verb	46	corpus
jump	out	phrasal-verb	41	corpus
jump	up	phrasal-verb	256	corpus
justify	belief	candidate	23	corpus
justify	means	candidate	33	corpus
keep	ahead	collocation	5	wiktionary
keep	away	phrasal-verb	22	corpus
keep	baby	collocation	23	wiktionary
keep	back	collocation	40	wiktionary
keep	bed	collocation	76	wiktionary
keep	book	collocation	105	wiktionary
keep	cave	collocation	6	wiktionary
keep	change	collocation	6	wiktionary
keep	company	idiom	281	wiktionary
keep	counsel	collocation	183	wiktionary
keep	count	idiom	37	wiktionary
keep	countenance	collocation	40	wiktionary
keep	diary	candidate	28	corpus
keep	distance	collocation	129	wiktionary
keep	down	phrasal-verb	44	corpus
keep	faith	collocation	173	wiktionary
keep	field	collocation	37	wiktionary
keep	head	idiom	295	wiktionary
keep	house	idiom	634	wiktionary
keep	lookout	collocation	234	wiktionary
keep	mum	idiom	16	conceptnet-5.7+magpie+oewn-2025+pwn-3.1
keep	nerve	collocation	6	wiktionary
keep	off	phrasal-verb	109	corpus
keep	order	collocation	114	wiktionary
keep	out	phrasal-verb	185	corpus
keep	pace	idiom	189	wiktionary
keep	peace	idiom	171	wiktionary
keep	quiet	idiom	452	wiktionary
keep	rank	collocation	23	wiktionary
keep	score	collocation	6	wiktionary
keep	silent	candidate	28	corpus
keep	steady	candidate	46	corpus
keep	straight	idiom	15	wiktionary
keep	temper	idiom	84	wiktionary
keep	term	collocation	13	wiktionary
keep	time	collocation	305	wiktionary
keep	track	collocation	54	wiktionary
keep	tryst	collocation	69	wiktionary
keep	up	phrasal-verb	1691	corpus
keep	vigil	collocation	66	wiktionary
keep	ward	collocation	29	wiktionary
keep	warm	candidate	41	corpus
keep	watch	idiom	1036	wiktionary
keep	word	collocation	716	wiktionary
ken	weel	candidate	29	corpus
kick	ball	candidate	22	corpus
kick	beam	collocation	6	wiktionary
kick	bucket	idiom	15	wiktionary
kick	goal	candidate	34	corpus
kick	heel	candidate	54	corpus
kick	leg	candidate	21	corpus
kick	off	phrasal-verb	26	corpus
kick	out	phrasal-verb	27	corpus
kick	up	phrasal-verb	132	corpus
kill	buck	candidate	50	corpus
kill	buffalo	candidate	95	corpus
kill	deer	candidate	330	corpus
kill	dragon	candidate	124	corpus
kill	elk	candidate	61	corpus
kill	fowl	candidate	49	corpus
kill	messenger	idiom	7	magpie
kill	moose	candidate	37	corpus
kill	rabbit	collocation	31	wiktionary
kill	time	idiom	60	conceptnet-5.7+epie+pie-english
kindle	anger	candidate	38	corpus
kindle	bonfire	candidate	96	corpus
kindle	fire	candidate	1087	corpus
kindle	flame	candidate	71	corpus
kindle	torch	candidate	24	corpus
kindle	wrath	candidate	35	corpus
kiss	arse	idiom	4	wiktionary
kiss	ass	idiom	4	wiktionary
kiss	book	collocation	10	wiktionary
kiss	cheek	candidate	180	corpus
kiss	dust	collocation	8	wiktionary
kiss	forehead	candidate	93	corpus
kiss	ground	candidate	370	corpus
kiss	hem	collocation	27	wiktionary
kiss	lip	candidate	183	corpus
kiss	ring	idiom	20	wiktionary
kiss	rod	collocation	4	wiktionary
knead	cake	candidate	20	corpus
knead	dough	candidate	31	corpus
knead	trough	candidate	21	corpus
kneel	down	phrasal-verb	23	corpus
knit	brow	collocation	121	wiktionary
knit	needle	candidate	27	corpus
knit	stocking	candidate	50	corpus
knock	ash	candidate	45	corpus
knock	down	phrasal-verb	91	corpus
knock	hole	candidate	32	corpus
knock	off	phrasal-verb	84	corpus
knock	out	phrasal-verb	109	corpus
know	ball	collocation	3	wiktionary
know	bound	candidate	307	corpus
know	mind	collocation	86	wiktionary
know	place	collocation	388	wiktionary
know	score	idiom	6	wiktionary
know	stuff	collocation	3	wiktionary
know	well	idiom	15	conceptnet-5.7+streusle-5.0
lack	courage	candidate	45	corpus
lade	ship	candidate	33	corpus
lament	death	candidate	77	corpus
lament	fate	candidate	113	corpus
lament	loss	candidate	73	corpus
land	cargo	candidate	22	corpus
land	troops	candidate	30	corpus
lap	up	phrasal-verb	32	corpus
lash	back	collocation	3	wiktionary
lash	sea	candidate	24	corpus
lash	tail	candidate	56	corpus
laugh	deal	candidate	38	corpus
laugh	grace	candidate	56	corpus
laugh	laugh	candidate	166	corpus
laugh	ned	candidate	24	corpus
launch	boat	candidate	123	corpus
launch	canoe	candidate	72	corpus
launch	ship	candidate	95	corpus
launch	vessel	candidate	27	corpus
lavish	caress	candidate	20	corpus
lavish	gift	candidate	22	corpus
lay	account	collocation	12	wiktionary
lay	ambush	candidate	34	corpus
lay	back	collocation	6	wiktionary
lay	blame	candidate	137	corpus
lay	claim	idiom	152	wiktionary
lay	down	phrasal-verb	1176	corpus
lay	dust	collocation	29	wiktionary
lay	egg	idiom	487	wiktionary
lay	emphasis	candidate	30	corpus
lay	foundation	collocation	370	wiktionary
lay	head	idiom	793	wiktionary
lay	heap	candidate	40	corpus
lay	heavy	candidate	23	corpus
lay	low	collocation	21	wiktionary
lay	open	collocation	4	wiktionary
lay	out	phrasal-verb	358	corpus
lay	pipe	collocation	18	wiktionary
lay	prone	candidate	37	corpus
lay	siege	collocation	102	wiktionary
lay	snare	candidate	43	corpus
lay	stress	candidate	199	corpus
lay	table	collocation	81	wiktionary
lay	up	phrasal-verb	210	corpus
lay	wager	candidate	56	corpus
lay	waste	idiom	138	conceptnet-5.7+vnc-tokens-cook2008
lay	wood	collocation	26	wiktionary
lea	life	candidate	42	corpus
lead	charge	collocation	45	wiktionary
lead	down	phrasal-verb	23	corpus
lead	line	idiom	13	wiktionary
lead	myrmidon	candidate	23	corpus
lead	out	phrasal-verb	104	corpus
lead	up	phrasal-verb	110	corpus
lead	van	candidate	69	corpus
lead	way	idiom	1955	dimsum16+streusle-5.0
lean	back	collocation	25	conceptnet-5.7+oewn-2025+pwn-3.1
lean	elbow	candidate	30	corpus
lean	head	candidate	135	corpus
leant	head	candidate	25	corpus
leap	down	phrasal-verb	23	corpus
leap	fence	candidate	28	corpus
leap	up	phrasal-verb	72	corpus
leapt	up	phrasal-verb	26	corpus
learn	art	candidate	267	corpus
learn	chin	candidate	23	corpus
learn	elbow	candidate	27	corpus
learn	language	candidate	187	corpus
learn	latin	candidate	23	corpus
learn	lesson	collocation	509	wiktionary
learn	lore	candidate	23	corpus
learn	particular	candidate	48	corpus
learn	place	collocation	5	wiktionary
learn	trade	candidate	201	corpus
learn	wisdom	candidate	101	corpus
leave	alone	idiom	4	conceptnet-5.7+dimsum16+oewn-2025+parseme-1.3-en+pwn-3.1
leave	behind	collocation	12	wiktionary
leave	home	idiom	592	wiktionary
leave	mark	collocation	268	wiktionary
leave	message	collocation	40	conceptnet-5.7+parseme-1.3-en
leave	nest	idiom	63	wiktionary
leave	off	phrasal-verb	91	corpus
leave	out	phrasal-verb	71	corpus
leave	stamp	collocation	8	wiktionary
leave	trace	collocation	408	wiktionary
leave	undone	candidate	53	corpus
lend	aid	candidate	135	corpus
lend	assistance	candidate	34	corpus
lend	ear	idiom	114	magpie+pie-english
lend	hand	idiom	192	wiktionary
lend	support	candidate	27	corpus
let	be	collocation	10	wiktionary
let	blood	collocation	55	wiktionary
let	bygone	candidate	28	corpus
let	cease	candidate	30	corpus
let	down	phrasal-verb	417	corpus
let	drift	candidate	35	corpus
let	drive	collocation	9	wiktionary
let	fall	candidate	663	corpus
let	fly	idiom	149	wiktionary
let	go	collocation	407	wiktionary
let	in	collocation	5	wiktionary
let	know	collocation	58	wiktionary
let	lie	collocation	56	wiktionary
let	live	candidate	20	corpus
let	loose	idiom	21	wiktionary
let	off	phrasal-verb	48	corpus
let	out	phrasal-verb	294	corpus
let	past	collocation	4	wiktionary
let	rip	collocation	3	wiktionary
let	slide	idiom	10	wiktionary
let	slip	idiom	101	wiktionary
let	us	collocation	9	wiktionary
levell	lance	candidate	24	corpus
levell	spear	candidate	56	corpus
levy	army	candidate	27	corpus
levy	contribution	candidate	24	corpus
levy	tax	candidate	85	corpus
levy	toll	candidate	21	corpus
levy	troops	candidate	20	corpus
liberate	prisoner	candidate	22	corpus
lick	chop	candidate	46	corpus
lick	dust	collocation	15	wiktionary
lick	lip	candidate	104	corpus
lick	up	phrasal-verb	24	corpus
lick	wound	candidate	29	corpus
lie	back	collocation	9	wiktionary
lie	down	phrasal-verb	75	corpus
lie	downward	candidate	20	corpus
lie	east	candidate	48	corpus
lie	heap	candidate	21	corpus
lie	helpless	candidate	50	corpus
lie	island	candidate	26	corpus
lie	length	candidate	27	corpus
lie	prone	candidate	44	corpus
lie	quiet	candidate	66	corpus
lie	side	candidate	49	corpus
lie	stiff	candidate	32	corpus
lie	waste	collocation	14	wiktionary
lift	bar	collocation	11	wiktionary
lift	chin	candidate	28	corpus
lift	cover	candidate	69	corpus
lift	curtain	candidate	47	corpus
lift	down	collocation	3	wiktionary
lift	eyebrow	candidate	36	corpus
lift	finger	idiom	56	magpie
lift	latch	candidate	108	corpus
lift	lid	collocation	144	wiktionary
lift	out	phrasal-verb	32	corpus
lift	up	phrasal-verb	1504	corpus
lift	veil	candidate	93	corpus
light	bonfire	candidate	47	corpus
light	candle	candidate	375	corpus
light	cigar	candidate	48	corpus
light	cigarette	candidate	59	corpus
light	fire	collocation	909	wiktionary
light	fuse	collocation	12	wiktionary
light	gas	candidate	32	corpus
light	lamp	candidate	327	corpus
light	lantern	candidate	79	corpus
light	match	candidate	55	corpus
light	pipe	candidate	253	corpus
light	taper	candidate	52	corpus
light	torch	candidate	113	corpus
light	up	phrasal-verb	496	corpus
lighten	burden	candidate	42	corpus
lighten	load	candidate	28	corpus
lightning	flash	candidate	25	corpus
lightning	speed	candidate	25	corpus
limit	number	candidate	43	corpus
line	bank	candidate	50	corpus
line	nest	candidate	22	corpus
line	road	candidate	33	corpus
line	shore	candidate	47	corpus
line	side	candidate	32	corpus
line	street	candidate	31	corpus
line	up	phrasal-verb	20	corpus
line	wall	candidate	51	corpus
ling	roth	candidate	54	corpus
linger	moment	candidate	45	corpus
lit	bonfire	candidate	25	corpus
lit	candle	candidate	30	corpus
lit	fire	candidate	106	corpus
lit	lamp	candidate	24	corpus
lit	up	phrasal-verb	120	corpus
live	being	candidate	88	corpus
live	century	candidate	31	corpus
live	creature	candidate	120	corpus
live	dream	idiom	4	wiktionary
live	lie	idiom	4	wiktionary
live	life	candidate	972	corpus
live	memory	candidate	45	corpus
live	merchant	candidate	21	corpus
live	out	phrasal-verb	40	corpus
live	truth	collocation	3	wiktionary
load	ass	candidate	23	corpus
load	camel	candidate	30	corpus
load	cart	candidate	28	corpus
load	gun	candidate	152	corpus
load	mule	candidate	27	corpus
load	musket	candidate	27	corpus
load	pistol	candidate	27	corpus
lock	door	candidate	1025	corpus
lock	gate	candidate	60	corpus
lock	up	phrasal-verb	152	corpus
lodge	complaint	candidate	29	corpus
loll	out	phrasal-verb	23	corpus
loll	tongue	candidate	26	corpus
look	age	collocation	5	wiktionary
look	bit	candidate	37	corpus
look	down	phrasal-verb	214	corpus
look	downward	candidate	45	corpus
look	fellow	candidate	49	corpus
look	forward	collocation	4	conceptnet-5.7+oewn-2025+parseme-1.3-en+pwn-3.1
look	fright	collocation	4	wiktionary
look	gentleman	candidate	27	corpus
look	glass	candidate	59	corpus
look	glum	candidate	20	corpus
look	grave	candidate	66	corpus
look	on	phrasal-verb	29	corpus
look	out	phrasal-verb	310	corpus
look	pale	candidate	84	corpus
look	part	idiom	18	wiktionary
look	picture	candidate	67	corpus
look	queer	candidate	32	corpus
look	round	idiom	47	wiktionary
look	seaward	candidate	29	corpus
look	shy	collocation	9	wiktionary
look	sideway	candidate	29	corpus
look	trifle	candidate	22	corpus
look	up	phrasal-verb	1083	corpus
look	upward	candidate	76	corpus
loop	loop	collocation	5	wiktionary
loose	bond	candidate	47	corpus
loose	hold	candidate	56	corpus
loose	tongue	candidate	21	corpus
loosen	bond	candidate	40	corpus
loosen	cord	candidate	21	corpus
loosen	hold	candidate	43	corpus
loosen	knot	candidate	20	corpus
loosen	rope	candidate	20	corpus
loosen	string	candidate	23	corpus
loosen	tongue	idiom	41	wiktionary
lop	off	phrasal-verb	34	corpus
lope	vega	candidate	20	corpus
lose	balance	collocation	210	wiktionary
lose	bottle	idiom	16	wiktionary
lose	caste	collocation	23	wiktionary
lose	consciousness	candidate	122	corpus
lose	control	collocation	109	wiktionary
lose	count	idiom	35	wiktionary
lose	face	idiom	11	wiktionary
lose	ground	idiom	86	wiktionary
lose	head	idiom	495	wiktionary
lose	heart	idiom	223	wiktionary
lose	life	collocation	1051	wiktionary
lose	mind	idiom	56	wiktionary
lose	nerve	collocation	33	wiktionary
lose	oneself	collocation	4	wiktionary
lose	patience	idiom	216	wiktionary
lose	reckoning	candidate	30	corpus
lose	sens	candidate	261	corpus
lose	shirt	idiom	5	wiktionary
lose	sleep	collocation	38	wiktionary
lose	temper	idiom	287	wiktionary
lose	thread	collocation	11	wiktionary
lose	time	collocation	1260	wiktionary
lose	tongue	idiom	22	wiktionary
lose	touch	idiom	30	wiktionary
lose	track	idiom	58	wiktionary
lose	virginity	idiom	14	wiktionary
lose	way	collocation	781	wiktionary
lose	weight	collocation	24	wiktionary
loup	garou	candidate	21	corpus
love	child	idiom	218	conceptnet-5.7+epie+oewn-2025+pwn-3.1
love	jesus	candidate	58	corpus
love	nest	idiom	3	conceptnet-5.7+epie
lower	boat	candidate	139	corpus
lower	drawbridge	candidate	34	corpus
lower	flag	candidate	21	corpus
lower	lance	candidate	26	corpus
lower	sail	candidate	66	corpus
lower	tone	candidate	31	corpus
lower	voice	candidate	165	corpus
lull	suspicion	candidate	22	corpus
magnify	glass	candidate	20	corpus
mail	letter	candidate	26	corpus
maintain	attitude	candidate	33	corpus
maintain	balance	candidate	21	corpus
maintain	character	candidate	27	corpus
maintain	dignity	candidate	32	corpus
maintain	discipline	candidate	27	corpus
maintain	independence	candidate	66	corpus
maintain	position	candidate	144	corpus
maintain	silence	candidate	93	corpus
make	acquaintance	light-verb	719	wiktionary
make	action	candidate	23	corpus
make	addition	light-verb	150	parseme-1.3-en
make	adjustment	light-verb	9	parseme-1.3-en
make	advance	light-verb	297	parseme-1.3-en
make	advantage	candidate	21	corpus
make	adventure	candidate	25	corpus
make	affair	candidate	21	corpus
make	age	candidate	24	corpus
make	air	candidate	58	corpus
make	animal	candidate	102	corpus
make	announcement	light-verb	89	conceptnet-5.7+parseme-1.3-en
make	appearance	idiom	1610	wiktionary
make	arm	candidate	89	corpus
make	ass	candidate	20	corpus
make	attempt	light-verb	2330	conceptnet-5.7+lvc-tu-roth2011+parseme-1.3-en
make	back	candidate	20	corpus
make	bade	candidate	22	corpus
make	bank	light-verb	27	wiktionary
make	battle	candidate	26	corpus
make	bear	candidate	30	corpus
make	beast	candidate	46	corpus
make	beauty	candidate	34	corpus
make	bed	light-verb	697	wiktionary
make	being	candidate	29	corpus
make	bird	candidate	72	corpus
make	bit	candidate	48	corpus
make	blood	candidate	103	corpus
make	body	candidate	289	corpus
make	bold	light-verb	4	wiktionary
make	bone	candidate	43	corpus
make	book	idiom	153	wiktionary
make	bow	idiom	542	wiktionary
make	boy	candidate	178	corpus
make	breast	candidate	82	corpus
make	breath	candidate	21	corpus
make	bride	candidate	34	corpus
make	brother	candidate	88	corpus
make	captain	candidate	44	corpus
make	case	idiom	94	wiktionary
make	cat	candidate	24	corpus
make	cause	candidate	75	corpus
make	cave	candidate	33	corpus
make	change	light-verb	580	conceptnet-5.7+parseme-1.3-en
make	chief	candidate	46	corpus
make	child	candidate	258	corpus
make	choice	light-verb	539	conceptnet-5.7+parseme-1.3-en
make	church	candidate	32	corpus
make	city	candidate	97	corpus
make	cloud	candidate	41	corpus
make	comment	light-verb	145	conceptnet-5.7+parseme-1.3-en
make	condition	candidate	104	corpus
make	conscience	light-verb	14	wiktionary
make	contact	light-verb	11	conceptnet-5.7+lvc-tu-roth2011+parseme-1.3-en
make	conversation	light-verb	46	wiktionary
make	copy	light-verb	119	conceptnet-5.7+parseme-1.3-en
make	country	candidate	87	corpus
make	course	candidate	42	corpus
make	court	candidate	67	corpus
make	cow	candidate	25	corpus
make	creature	candidate	69	corpus
make	cry	candidate	176	corpus
make	cut	idiom	130	wiktionary
make	daughter	candidate	79	corpus
make	day	idiom	267	wiktionary
make	deal	light-verb	162	conceptnet-5.7+parseme-1.3-en
make	death	candidate	69	corpus
make	decision	light-verb	105	wiktionary
make	deed	candidate	28	corpus
make	default	light-verb	4	wiktionary
make	dent	light-verb	11	wiktionary
make	determination	light-verb	16	parseme-1.3-en
make	difference	idiom	863	wiktionary
make	difficulty	candidate	95	corpus
make	distance	candidate	54	corpus
make	do	idiom	8	wiktionary
make	dog	candidate	53	corpus
make	donation	light-verb	17	parseme-1.3-en
make	doubt	candidate	124	corpus
make	down	light-verb	4	wiktionary
make	dream	candidate	47	corpus
make	drive	light-verb	10	dimsum16+streusle-5.0
make	drop	candidate	21	corpus
make	duck	candidate	21	corpus
make	duty	candidate	24	corpus
make	ear	candidate	37	corpus
make	earl	candidate	22	corpus
make	earth	candidate	188	corpus
make	effort	light-verb	2097	wiktionary
make	emperor	candidate	33	corpus
make	entrance	light-verb	123	wiktionary
make	errand	light-verb	17	wiktionary
make	error	light-verb	54	conceptnet-5.7+parseme-1.3-en
make	exception	light-verb	106	wiktionary
make	exit	light-verb	97	wiktionary
make	eye	candidate	205	corpus
make	face	idiom	484	conceptnet-5.7+vnc-tokens-cook2008
make	fact	candidate	48	corpus
make	fall	candidate	74	corpus
make	family	candidate	36	corpus
make	father	candidate	135	corpus
make	fear	candidate	28	corpus
make	fellow	candidate	29	corpus
make	field	candidate	44	corpus
make	fish	candidate	28	corpus
make	flower	candidate	55	corpus
make	folk	candidate	51	corpus
make	foot	candidate	54	corpus
make	force	candidate	25	corpus
make	forest	candidate	28	corpus
make	fortune	idiom	600	conceptnet-5.7+vnc-tokens-cook2008
make	friend	idiom	889	conceptnet-5.7+dimsum16+streusle-5.0
make	garden	idiom	100	wiktionary
make	generalization	light-verb	4	parseme-1.3-en
make	gentleman	candidate	37	corpus
make	gesture	light-verb	289	conceptnet-5.7+parseme-1.3-en
make	girl	candidate	136	corpus
make	god	candidate	166	corpus
make	goddess	candidate	31	corpus
make	good	idiom	10	wiktionary
make	grab	idiom	77	wiktionary
make	grade	idiom	3	wiktionary
make	grimace	light-verb	69	parseme-1.3-en
make	ground	idiom	55	wiktionary
make	guest	candidate	30	corpus
make	hair	candidate	76	corpus
make	half	candidate	56	corpus
make	hand	light-verb	95	wiktionary
make	happiness	candidate	33	corpus
make	haste	light-verb	1142	wiktionary
make	hay	idiom	71	conceptnet-5.7+magpie+oewn-2025+pwn-3.1+vnc-tokens-cook2008
make	headway	idiom	126	wiktionary
make	heart	candidate	283	corpus
make	heaven	candidate	86	corpus
make	hero	candidate	95	corpus
make	hill	candidate	61	corpus
make	history	idiom	80	wiktionary
make	hit	idiom	61	conceptnet-5.7+vnc-tokens-cook2008
make	hole	light-verb	684	wiktionary
make	horse	candidate	144	corpus
make	host	candidate	31	corpus
make	husband	candidate	106	corpus
make	idea	candidate	29	corpus
make	impression	light-verb	988	wiktionary
make	island	candidate	90	corpus
make	jab	light-verb	3	parseme-1.3-en
make	jack	candidate	25	corpus
make	job	candidate	62	corpus
make	john	candidate	39	corpus
make	joy	candidate	226	corpus
make	judge	candidate	28	corpus
make	killing	idiom	6	wiktionary
make	kind	candidate	245	corpus
make	king	candidate	370	corpus
make	kingdom	candidate	38	corpus
make	knight	candidate	142	corpus
make	known	phrasal-verb	45	corpus
make	lad	candidate	31	corpus
make	lady	candidate	90	corpus
make	lake	candidate	27	corpus
make	land	light-verb	167	wiktionary
make	leaf	candidate	33	corpus
make	leg	idiom	39	wiktionary
make	lemonade	light-verb	4	wiktionary
make	light	idiom	378	wiktionary
make	lion	candidate	27	corpus
make	lip	light-verb	8	wiktionary
make	living	light-verb	244	wiktionary
make	look	candidate	103	corpus
make	lord	candidate	69	corpus
make	love	idiom	289	conceptnet-5.7+dimsum16+oewn-2025+parseme-1.3-en+pwn-3.1
make	lover	candidate	25	corpus
make	manners	light-verb	14	wiktionary
make	mark	idiom	273	wiktionary
make	master	candidate	61	corpus
make	matter	idiom	272	parseme-1.3-en
make	means	candidate	35	corpus
make	meat	light-verb	56	wiktionary
make	mention	light-verb	657	wiktionary
make	merry	light-verb	3	wiktionary
make	minister	candidate	31	corpus
make	mistake	light-verb	1203	wiktionary
make	mistress	candidate	23	corpus
make	moan	light-verb	220	wiktionary
make	money	idiom	522	wiktionary
make	moon	candidate	35	corpus
make	morning	candidate	20	corpus
make	mother	candidate	134	corpus
make	mountain	candidate	78	corpus
make	mouth	candidate	73	corpus
make	move	idiom	288	wiktionary
make	muscle	light-verb	6	wiktionary
make	music	light-verb	337	wiktionary
make	news	idiom	10	wiktionary
make	noise	idiom	1839	wiktionary
make	number	light-verb	178	wiktionary
make	occasion	candidate	33	corpus
make	off	phrasal-verb	39	corpus
make	offer	light-verb	222	wiktionary
make	officer	candidate	33	corpus
make	one	light-verb	307	wiktionary
make	other	candidate	119	corpus
make	out	phrasal-verb	579	corpus
make	over	phrasal-verb	20	corpus
make	overture	light-verb	65	conceptnet-5.7+parseme-1.3-en
make	parent	candidate	23	corpus
make	pass	light-verb	105	wiktionary
make	payment	light-verb	74	conceptnet-5.7+lvc-tu-roth2011
make	peace	idiom	1079	wiktionary
make	people	candidate	484	corpus
make	person	candidate	79	corpus
make	pile	light-verb	89	wiktionary
make	pitch	idiom	4	magpie
make	plain	candidate	72	corpus
make	plan	light-verb	372	conceptnet-5.7+parseme-1.3-en
make	play	light-verb	59	wiktionary
make	plenty	candidate	28	corpus
make	point	idiom	248	wiktionary
make	position	light-verb	71	wiktionary
make	presence	candidate	58	corpus
make	priest	candidate	31	corpus
make	prince	candidate	94	corpus
make	princess	candidate	51	corpus
make	prize	candidate	65	corpus
make	profit	light-verb	147	conceptnet-5.7+parseme-1.3-en
make	progress	light-verb	784	conceptnet-5.7+parseme-1.3-en
make	promise	light-verb	396	conceptnet-5.7+parseme-1.3-en
make	queen	candidate	82	corpus
make	race	candidate	49	corpus
make	rain	candidate	106	corpus
make	reader	candidate	28	corpus
make	reason	candidate	28	corpus
make	rest	candidate	72	corpus
make	right	light-verb	27	wiktionary
make	river	candidate	41	corpus
make	rock	candidate	62	corpus
make	room	light-verb	511	wiktionary
make	sail	light-verb	131	wiktionary
make	scene	idiom	68	conceptnet-5.7+vnc-tokens-cook2008
make	sea	candidate	27	corpus
make	search	candidate	499	corpus
make	secret	candidate	88	corpus
make	semblant	light-verb	14	wiktionary
make	sense	idiom	112	wiktionary
make	servant	candidate	47	corpus
make	shift	light-verb	167	wiktionary
make	ship	light-verb	158	wiktionary
make	shore	candidate	32	corpus
make	side	candidate	50	corpus
make	sight	candidate	28	corpus
make	silence	candidate	22	corpus
make	sir	candidate	34	corpus
make	sister	candidate	41	corpus
make	skin	candidate	43	corpus
make	sky	candidate	25	corpus
make	slave	candidate	116	corpus
make	sleep	candidate	35	corpus
make	soldier	candidate	95	corpus
make	son	candidate	161	corpus
make	sorrow	candidate	105	corpus
make	sort	candidate	345	corpus
make	soul	candidate	59	corpus
make	speech	light-verb	698	conceptnet-5.7+parseme-1.3-en
make	spirit	candidate	37	corpus
make	splash	idiom	35	wiktionary
make	spot	candidate	57	corpus
make	stand	light-verb	509	wiktionary
make	star	candidate	42	corpus
make	start	light-verb	339	conceptnet-5.7+parseme-1.3-en
make	state	candidate	46	corpus
make	statement	idiom	286	wiktionary
make	stone	candidate	72	corpus
make	storm	candidate	20	corpus
make	stranger	candidate	32	corpus
make	stream	candidate	28	corpus
make	subject	candidate	82	corpus
make	sun	candidate	85	corpus
make	tail	candidate	28	corpus
make	task	candidate	39	corpus
make	thought	candidate	30	corpus
make	time	idiom	311	conceptnet-5.7+dimsum16+streusle-5.0
make	toilet	light-verb	75	wiktionary
make	tom	candidate	35	corpus
make	tour	light-verb	191	parseme-1.3-en
make	town	candidate	59	corpus
make	tree	candidate	91	corpus
make	trip	light-verb	319	dimsum16+parseme-1.3-en
make	truth	candidate	46	corpus
make	uncle	candidate	26	corpus
make	up	phrasal-verb	4093	corpus
make	use	light-verb	1873	wiktionary
make	victory	candidate	27	corpus
make	village	candidate	32	corpus
make	vintage	light-verb	3	wiktionary
make	voice	candidate	63	corpus
make	warrior	candidate	26	corpus
make	water	light-verb	261	wiktionary
make	way	idiom	4716	wiktionary
make	weather	idiom	44	wiktionary
make	wife	candidate	186	corpus
make	wind	candidate	58	corpus
make	wolf	candidate	27	corpus
make	woman	candidate	298	corpus
make	wonder	candidate	53	corpus
make	wood	candidate	56	corpus
make	world	candidate	315	corpus
make	year	candidate	66	corpus
make	youth	candidate	26	corpus
man	boat	candidate	22	corpus
man	wall	candidate	20	corpus
manage	affair	candidate	186	corpus
manage	boat	candidate	48	corpus
manage	business	candidate	40	corpus
manage	matter	candidate	78	corpus
manifest	joy	candidate	22	corpus
mar	pleasure	candidate	20	corpus
march	army	candidate	58	corpus
march	down	phrasal-verb	34	corpus
march	mile	candidate	66	corpus
march	troops	candidate	36	corpus
march	up	phrasal-verb	58	corpus
mark	beginning	candidate	85	corpus
mark	boundary	candidate	41	corpus
mark	character	candidate	43	corpus
mark	difference	candidate	48	corpus
mark	epoch	candidate	32	corpus
mark	era	candidate	28	corpus
mark	limit	candidate	36	corpus
mark	off	phrasal-verb	20	corpus
mark	out	phrasal-verb	148	corpus
mark	site	candidate	60	corpus
mark	spot	candidate	178	corpus
mark	stage	candidate	42	corpus
mark	time	idiom	73	conceptnet-5.7+magpie
mark	transition	candidate	24	corpus
marry	daughter	candidate	1140	corpus
marry	heiress	candidate	26	corpus
marry	money	collocation	9	wiktionary
marry	princess	candidate	492	corpus
marry	sister	candidate	284	corpus
marry	widow	candidate	116	corpus
master	art	candidate	20	corpus
master	language	candidate	29	corpus
mat	hair	candidate	55	corpus
mature	plan	candidate	36	corpus
mccall	theal	candidate	20	corpus
meal	day	candidate	38	corpus
mean	business	idiom	71	wiktionary
mean	well	collocation	4	wiktionary
measure	distance	candidate	77	corpus
measure	foot	candidate	175	corpus
measure	height	candidate	29	corpus
measure	inch	candidate	53	corpus
measure	length	collocation	74	wiktionary
measure	out	phrasal-verb	29	corpus
measure	strength	collocation	57	wiktionary
meditate	revenge	candidate	21	corpus
meet	doom	collocation	103	wiktionary
meet	emergency	candidate	42	corpus
meet	end	collocation	57	wiktionary
meet	gaze	candidate	218	corpus
meet	maker	idiom	8	wiktionary
meet	match	collocation	46	wiktionary
meet	need	collocation	51	conceptnet-5.7+dimsum16+parseme-1.3-en
meet	requirement	candidate	42	corpus
melt	butter	collocation	7	wiktionary
melt	heart	candidate	133	corpus
melt	ice	candidate	24	corpus
melt	snow	candidate	61	corpus
melt	wax	candidate	21	corpus
mend	clothes	candidate	51	corpus
mend	manners	candidate	24	corpus
mend	matter	candidate	51	corpus
mend	net	candidate	52	corpus
mend	pace	collocation	21	wiktionary
mend	shoe	candidate	34	corpus
mention	circumstance	candidate	63	corpus
mention	instance	candidate	67	corpus
merit	praise	candidate	25	corpus
merit	punishment	candidate	24	corpus
mete	out	phrasal-verb	38	corpus
milk	cow	candidate	330	corpus
milk	ewe	candidate	42	corpus
milk	goat	candidate	31	corpus
mind	business	collocation	184	wiktionary
mind	shop	collocation	8	wiktionary
mingle	tear	candidate	79	corpus
miss	aim	candidate	123	corpus
miss	alice	candidate	21	corpus
miss	beat	collocation	9	wiktionary
miss	boat	idiom	3	lidioms+magpie
miss	bus	collocation	3	wiktionary
miss	fire	collocation	29	wiktionary
miss	footing	candidate	39	corpus
miss	guess	collocation	21	wiktionary
miss	mark	collocation	139	wiktionary
miss	point	collocation	38	wiktionary
mistake	meaning	candidate	24	corpus
mit	dem	candidate	22	corpus
mix	blood	candidate	36	corpus
mix	up	phrasal-verb	83	corpus
mix	wine	candidate	51	corpus
mock	laughter	candidate	37	corpus
modify	view	candidate	20	corpus
moisten	lip	candidate	45	corpus
moor	boat	candidate	45	corpus
moor	ship	candidate	43	corpus
moor	vessel	candidate	25	corpus
mop	face	candidate	32	corpus
mop	forehead	candidate	23	corpus
morrow	morning	candidate	26	corpus
mortify	flesh	candidate	23	corpus
mount	back	candidate	33	corpus
mount	camel	candidate	25	corpus
mount	car	candidate	32	corpus
mount	charger	candidate	52	corpus
mount	chariot	candidate	157	corpus
mount	flight	candidate	21	corpus
mount	guard	candidate	87	corpus
mount	horse	candidate	1595	corpus
mount	ladder	candidate	58	corpus
mount	mare	candidate	38	corpus
mount	mule	candidate	62	corpus
mount	palfrey	candidate	26	corpus
mount	platform	candidate	22	corpus
mount	pony	candidate	43	corpus
mount	stair	candidate	102	corpus
mount	steed	candidate	211	corpus
mount	throne	candidate	118	corpus
mourn	absence	candidate	23	corpus
mourn	death	candidate	71	corpus
mourn	fate	candidate	35	corpus
mourn	loss	candidate	124	corpus
move	backward	candidate	44	corpus
move	body	idiom	34	wiktionary
move	compassion	candidate	22	corpus
move	down	phrasal-verb	20	corpus
move	finger	collocation	39	wiktionary
move	forward	collocation	23	wiktionary
move	furniture	idiom	19	wiktionary
move	house	idiom	25	wiktionary
move	inch	collocation	23	wiktionary
move	mountain	candidate	32	corpus
move	muscle	candidate	36	corpus
move	pity	candidate	22	corpus
move	up	phrasal-verb	41	corpus
mow	grass	collocation	14	wiktionary
muddy	water	collocation	10	wiktionary
multiply	instance	candidate	26	corpus
murder	husband	candidate	52	corpus
murmur	dick	candidate	21	corpus
murmur	prayer	candidate	36	corpus
muse	dick	candidate	28	corpus
muster	courage	candidate	33	corpus
muster	force	candidate	23	corpus
muster	strength	candidate	26	corpus
muster	up	phrasal-verb	28	corpus
mutter	curse	candidate	22	corpus
mutter	dan	candidate	24	corpus
mutter	dave	candidate	32	corpus
mutter	incantation	candidate	23	corpus
mutter	prayer	candidate	47	corpus
mutter	spell	candidate	31	corpus
mutter	threat	candidate	25	corpus
mutter	tom	candidate	71	corpus
nail	shoe	candidate	27	corpus
nail	up	phrasal-verb	21	corpus
name	day	collocation	40	wiktionary
name	price	candidate	61	corpus
narrate	adventure	candidate	27	corpus
narrate	history	candidate	27	corpus
narrate	incident	candidate	26	corpus
near	coast	candidate	20	corpus
near	end	candidate	78	corpus
near	shore	candidate	55	corpus
need	apology	candidate	24	corpus
need	assistance	candidate	82	corpus
need	comment	candidate	30	corpus
need	dwell	candidate	37	corpus
need	fear	candidate	112	corpus
need	help	candidate	346	corpus
need	introduction	collocation	32	wiktionary
need	trouble	candidate	58	corpus
need	urging	candidate	37	corpus
neglect	affair	candidate	21	corpus
neglect	duty	candidate	120	corpus
neglect	education	candidate	31	corpus
neglect	precaution	candidate	31	corpus
negotiate	treaty	candidate	46	corpus
nerve	arm	candidate	38	corpus
nibble	grass	candidate	31	corpus
nod	approval	candidate	46	corpus
nod	assent	candidate	66	corpus
nod	dave	candidate	46	corpus
nod	head	candidate	721	corpus
nod	tom	candidate	49	corpus
nominate	candidate	candidate	28	corpus
note	absence	candidate	30	corpus
notice	absence	candidate	37	corpus
notwithstand	remonstrance	candidate	22	corpus
number	day	candidate	64	corpus
nurse	baby	candidate	30	corpus
nurse	wrath	candidate	20	corpus
o	wisp	candidate	29	corpus
obey	behest	candidate	62	corpus
obey	bidding	candidate	47	corpus
obey	call	candidate	95	corpus
obey	command	candidate	499	corpus
obey	commandment	candidate	35	corpus
obey	direction	candidate	68	corpus
obey	impulse	candidate	51	corpus
obey	injunction	candidate	65	corpus
obey	instruction	candidate	76	corpus
obey	law	candidate	167	corpus
obey	mandate	candidate	46	corpus
obey	order	candidate	805	corpus
obey	summon	candidate	165	corpus
obliterate	trace	candidate	29	corpus
obscure	moon	candidate	21	corpus
obscure	sky	candidate	22	corpus
obscure	sun	candidate	31	corpus
observe	custom	candidate	225	corpus
observe	fast	candidate	20	corpus
observe	rule	candidate	143	corpus
obstruct	passage	candidate	35	corpus
obtain	access	candidate	56	corpus
obtain	admission	candidate	39	corpus
obtain	charter	candidate	21	corpus
obtain	consent	candidate	149	corpus
obtain	employment	candidate	55	corpus
obtain	footing	candidate	37	corpus
obtain	forgiveness	candidate	35	corpus
obtain	hearing	candidate	21	corpus
obtain	information	candidate	284	corpus
obtain	insight	candidate	20	corpus
obtain	interview	candidate	57	corpus
obtain	mastery	candidate	42	corpus
obtain	patent	candidate	20	corpus
obtain	permission	candidate	219	corpus
obtain	redress	candidate	25	corpus
obtain	release	candidate	72	corpus
occasion	death	candidate	38	corpus
occupy	area	candidate	28	corpus
occupy	centre	candidate	69	corpus
occupy	position	candidate	351	corpus
occupy	site	candidate	99	corpus
occupy	space	candidate	100	corpus
occupy	territory	candidate	37	corpus
occupy	throne	candidate	94	corpus
occur	passage	candidate	21	corpus
offend	god	candidate	40	corpus
offer	apology	candidate	29	corpus
offer	congratulation	candidate	43	corpus
offer	evidence	collocation	13	conceptnet-5.7+wiki50-vincze2011
offer	incense	candidate	57	corpus
offer	inducement	candidate	25	corpus
offer	insult	candidate	43	corpus
offer	libation	candidate	45	corpus
offer	light	collocation	3	wiktionary
offer	oblation	candidate	44	corpus
offer	opposition	candidate	57	corpus
offer	resistance	candidate	247	corpus
offer	reward	candidate	285	corpus
offer	sacrifice	candidate	996	corpus
offer	up	phrasal-verb	412	corpus
offer	violence	candidate	107	corpus
omit	detail	candidate	26	corpus
omit	mention	candidate	26	corpus
omit	reference	candidate	28	corpus
omit	stanza	candidate	21	corpus
ope	door	candidate	25	corpus
ope	gate	candidate	25	corpus
open	attack	collocation	10	wiktionary
open	ball	collocation	25	wiktionary
open	casement	candidate	42	corpus
open	chest	candidate	195	corpus
open	closet	candidate	37	corpus
open	cupboard	candidate	39	corpus
open	door	collocation	5716	wiktionary
open	drawer	candidate	97	corpus
open	envelope	candidate	76	corpus
open	fire	idiom	419	conceptnet-5.7+oewn-2025+parseme-1.3-en+pwn-3.1
open	gate	candidate	1236	corpus
open	heart	collocation	140	wiktionary
open	jaw	candidate	144	corpus
open	lattice	candidate	21	corpus
open	mind	collocation	34	wiktionary
open	mouth	collocation	991	wiktionary
open	negotiation	candidate	40	corpus
open	out	phrasal-verb	46	corpus
open	shutter	candidate	61	corpus
open	sluice	candidate	27	corpus
open	up	phrasal-verb	113	corpus
open	vein	candidate	63	corpus
open	way	collocation	229	wiktionary
open	wicket	candidate	34	corpus
open	window	candidate	551	corpus
oppose	advance	candidate	28	corpus
oppose	design	candidate	22	corpus
oppose	landing	candidate	28	corpus
oppose	progress	candidate	32	corpus
oppose	resistance	candidate	27	corpus
oppress	people	candidate	62	corpus
order	affair	candidate	33	corpus
order	arrest	candidate	20	corpus
order	attendant	candidate	68	corpus
order	carriage	candidate	83	corpus
order	out	phrasal-verb	42	corpus
order	servant	candidate	222	corpus
order	steward	candidate	23	corpus
order	treasurer	candidate	22	corpus
organize	expedition	candidate	32	corpus
organize	force	candidate	21	corpus
organize	government	candidate	23	corpus
organize	party	candidate	27	corpus
organize	society	candidate	23	corpus
outstretch	arm	candidate	21	corpus
outstretch	hand	candidate	20	corpus
outstrip	wind	candidate	26	corpus
overcast	sky	candidate	72	corpus
overcome	difficulty	candidate	145	corpus
overcome	obstacle	candidate	52	corpus
overcome	opposition	candidate	31	corpus
overcome	resistance	candidate	27	corpus
overcome	scruple	candidate	36	corpus
overflow	bank	candidate	87	corpus
overhang	river	candidate	24	corpus
overhang	sea	candidate	28	corpus
overhang	water	candidate	48	corpus
overhear	conversation	candidate	122	corpus
overhear	remark	candidate	35	corpus
overhear	talk	candidate	25	corpus
overlook	garden	candidate	48	corpus
overlook	lake	candidate	36	corpus
overlook	plain	candidate	26	corpus
overlook	river	candidate	38	corpus
overlook	sea	candidate	102	corpus
overlook	valley	candidate	52	corpus
overpower	guard	candidate	20	corpus
overrun	country	candidate	51	corpus
overshoot	mark	collocation	19	wiktionary
overspread	countenance	candidate	26	corpus
overspread	face	candidate	70	corpus
overspread	sky	candidate	24	corpus
overstep	line	collocation	3	wiktionary
overtake	fugitive	candidate	31	corpus
overthrow	government	candidate	37	corpus
overthrow	knight	candidate	81	corpus
owe	allegiance	candidate	43	corpus
owe	birth	candidate	30	corpus
owe	debt	candidate	71	corpus
owe	existence	candidate	71	corpus
owe	obedience	candidate	22	corpus
owe	origin	candidate	159	corpus
owe	preservation	candidate	23	corpus
owe	safety	candidate	34	corpus
owe	thanks	candidate	32	corpus
own	estate	candidate	34	corpus
own	farm	candidate	50	corpus
own	sway	candidate	31	corpus
own	truth	candidate	37	corpus
pace	deck	candidate	44	corpus
pace	floor	candidate	77	corpus
pace	room	candidate	49	corpus
pack	bag	candidate	29	corpus
pack	lunch	collocation	7	wiktionary
pack	trunk	candidate	55	corpus
pack	up	phrasal-verb	201	corpus
paddle	canoe	candidate	83	corpus
paint	picture	candidate	257	corpus
paint	portrait	candidate	121	corpus
paint	town	collocation	6	wiktionary
parade	street	candidate	55	corpus
parch	throat	candidate	26	corpus
pardon	offence	candidate	23	corpus
pardon	sin	candidate	32	corpus
pare	nail	candidate	40	corpus
parry	blow	candidate	56	corpus
parry	thrust	candidate	26	corpus
part	company	idiom	65	conceptnet-5.7+magpie
part	lip	candidate	41	corpus
pass	away	phrasal-verb	39	corpus
pass	bar	collocation	20	wiktionary
pass	book	collocation	10	wiktionary
pass	childhood	candidate	27	corpus
pass	current	collocation	4	wiktionary
pass	down	phrasal-verb	88	corpus
pass	examination	candidate	125	corpus
pass	glad	candidate	22	corpus
pass	hat	idiom	9	wiktionary
pass	judgment	collocation	105	wiktionary
pass	lip	candidate	167	corpus
pass	month	candidate	74	corpus
pass	muster	idiom	40	wiktionary
pass	night	candidate	447	corpus
pass	off	phrasal-verb	37	corpus
pass	ordinance	candidate	26	corpus
pass	out	phrasal-verb	35	corpus
pass	over	phrasal-verb	45	corpus
pass	river	idiom	104	wiktionary
pass	round	collocation	5	wiktionary
pass	sentence	collocation	119	wiktionary
pass	time	idiom	725	dimsum16+streusle-5.0
pass	torch	idiom	8	wiktionary
pass	up	phrasal-verb	99	corpus
pass	urine	collocation	7	wiktionary
pass	water	collocation	47	wiktionary
pass	way	collocation	511	wiktionary
pass	wind	collocation	5	wiktionary
pass	winter	candidate	124	corpus
pass	word	collocation	196	wiktionary
pasture	flock	candidate	34	corpus
pat	cheek	candidate	86	corpus
pat	neck	candidate	55	corpus
pat	shoulder	candidate	40	corpus
patch	up	phrasal-verb	61	corpus
pause	minute	candidate	37	corpus
pause	moment	candidate	280	corpus
pave	floor	candidate	22	corpus
pave	street	candidate	43	corpus
pave	way	idiom	125	wiktionary
paw	earth	candidate	20	corpus
paw	ground	candidate	87	corpus
pay	adoration	candidate	42	corpus
pay	attention	idiom	1946	wiktionary
pay	back	light-verb	9	wiktionary
pay	bill	candidate	246	corpus
pay	cash	candidate	20	corpus
pay	cent	candidate	82	corpus
pay	compliment	candidate	101	corpus
pay	cost	candidate	53	corpus
pay	debt	candidate	569	corpus
pay	deference	candidate	27	corpus
pay	dividend	candidate	22	corpus
pay	dollar	candidate	279	corpus
pay	down	phrasal-verb	49	corpus
pay	dowry	candidate	20	corpus
pay	due	candidate	41	corpus
pay	expense	candidate	277	corpus
pay	fare	candidate	80	corpus
pay	fee	candidate	125	corpus
pay	fine	candidate	62	corpus
pay	forfeit	candidate	144	corpus
pay	freight	idiom	5	wiktionary
pay	heed	idiom	699	wiktionary
pay	homage	candidate	281	corpus
pay	indemnity	candidate	28	corpus
pay	off	phrasal-verb	94	corpus
pay	out	phrasal-verb	48	corpus
pay	penalty	idiom	292	wiktionary
pay	piece	candidate	36	corpus
pay	piper	idiom	26	wiktionary
pay	price	idiom	411	wiktionary
pay	ransom	candidate	105	corpus
pay	reckoning	candidate	57	corpus
pay	regard	candidate	109	corpus
pay	rent	idiom	226	wiktionary
pay	respect	light-verb	120	wiktionary
pay	respects	light-verb	318	wiktionary
pay	reverence	candidate	83	corpus
pay	salary	candidate	44	corpus
pay	service	candidate	20	corpus
pay	sum	candidate	231	corpus
pay	tax	candidate	224	corpus
pay	tithe	candidate	31	corpus
pay	toll	candidate	71	corpus
pay	tribute	candidate	442	corpus
pay	up	phrasal-verb	26	corpus
pay	visit	idiom	1148	wiktionary
pay	wage	candidate	105	corpus
pay	way	light-verb	64	wiktionary
peck	out	phrasal-verb	24	corpus
peel	bark	candidate	23	corpus
peel	off	phrasal-verb	21	corpus
peel	onion	collocation	9	wiktionary
peel	potato	candidate	26	corpus
peep	out	phrasal-verb	61	corpus
penetrate	disguise	candidate	20	corpus
penetrate	mystery	candidate	38	corpus
people	island	candidate	26	corpus
people	world	candidate	39	corpus
perceive	dawn	candidate	1065	corpus
perch	bird	candidate	21	corpus
perform	ablution	candidate	97	corpus
perform	act	candidate	252	corpus
perform	antic	candidate	27	corpus
perform	ceremony	candidate	942	corpus
perform	dance	candidate	183	corpus
perform	deed	candidate	181	corpus
perform	devotion	candidate	36	corpus
perform	duty	candidate	491	corpus
perform	exploit	candidate	57	corpus
perform	feat	candidate	300	corpus
perform	function	candidate	110	corpus
perform	incantation	candidate	31	corpus
perform	miracle	candidate	178	corpus
perform	obsequy	candidate	42	corpus
perform	office	candidate	211	corpus
perform	operation	candidate	190	corpus
perform	penance	candidate	59	corpus
perform	pilgrimage	candidate	39	corpus
perform	prodigy	candidate	51	corpus
perform	promise	candidate	66	corpus
perform	rite	candidate	550	corpus
perform	sacrifice	candidate	169	corpus
perform	spell	collocation	10	parseme-1.3-en
perform	task	candidate	286	corpus
perfume	air	candidate	40	corpus
perish	thought	idiom	7	magpie
perpetrate	crime	candidate	28	corpus
perpetrate	deed	candidate	31	corpus
perpetrate	murder	candidate	22	corpus
perpetuate	memory	candidate	47	corpus
perpetuate	race	candidate	23	corpus
personate	god	candidate	32	corpus
pick	apple	candidate	30	corpus
pick	berry	candidate	77	corpus
pick	bone	candidate	76	corpus
pick	fault	collocation	3	wiktionary
pick	fight	idiom	3	wiktionary
pick	flower	candidate	121	corpus
pick	lock	candidate	20	corpus
pick	out	phrasal-verb	306	corpus
pick	pocket	candidate	48	corpus
pick	quarrel	collocation	111	wiktionary
pick	strawberry	candidate	22	corpus
pick	up	phrasal-verb	3030	corpus
pick	way	collocation	262	wiktionary
picket	horse	candidate	38	corpus
picture	scene	candidate	36	corpus
pierce	breast	candidate	66	corpus
pierce	cloud	candidate	45	corpus
pierce	darkness	candidate	20	corpus
pierce	heart	candidate	239	corpus
pierce	shield	candidate	47	corpus
pierce	thigh	candidate	21	corpus
pile	up	phrasal-verb	222	corpus
pile	wood	candidate	27	corpus
pillage	house	candidate	21	corpus
pillow	head	candidate	43	corpus
pin	faith	candidate	23	corpus
pinch	arm	candidate	31	corpus
pinch	cheek	candidate	35	corpus
pinch	ear	candidate	27	corpus
pinion	arm	candidate	25	corpus
pitch	camp	collocation	164	wiktionary
pitch	lodge	candidate	24	corpus
pitch	pavilion	candidate	21	corpus
pitch	tent	collocation	427	wiktionary
pity	condition	candidate	20	corpus
pity	distress	candidate	22	corpus
place	dependence	candidate	26	corpus
place	order	collocation	16	wiktionary
place	reliance	candidate	84	corpus
place	sentry	candidate	29	corpus
plait	hair	candidate	42	corpus
plan	attack	candidate	24	corpus
plan	campaign	candidate	25	corpus
plan	expedition	candidate	35	corpus
plan	trip	candidate	20	corpus
plant	banner	candidate	21	corpus
plant	colony	candidate	111	corpus
plant	corn	candidate	93	corpus
plant	flag	candidate	32	corpus
plant	garden	candidate	64	corpus
plant	pole	candidate	38	corpus
plant	potato	candidate	33	corpus
plant	rice	candidate	22	corpus
plant	seed	collocation	110	wiktionary
plant	tree	candidate	244	corpus
plant	vine	candidate	36	corpus
plant	vineyard	candidate	21	corpus
play	accompaniment	candidate	21	corpus
play	antic	candidate	25	corpus
play	bagpipe	candidate	27	corpus
play	ball	idiom	180	wiktionary
play	baseball	collocation	20	conceptnet-5.7+wiki50-vincze2011
play	card	candidate	201	corpus
play	chess	candidate	118	corpus
play	croquet	candidate	21	corpus
play	dice	candidate	26	corpus
play	fair	collocation	4	wiktionary
play	fiddle	candidate	107	corpus
play	field	idiom	6	wiktionary
play	flute	candidate	114	corpus
play	fool	idiom	50	wiktionary
play	football	candidate	69	corpus
play	game	collocation	1219	wiktionary
play	goat	collocation	3	wiktionary
play	god	idiom	7	conceptnet-5.7+pie-english
play	golf	candidate	28	corpus
play	guitar	candidate	24	corpus
play	harp	candidate	57	corpus
play	havoc	collocation	28	wiktionary
play	hide	candidate	68	corpus
play	hookey	idiom	4	conceptnet-5.7+magpie
play	joke	candidate	117	corpus
play	lute	candidate	36	corpus
play	man	collocation	70	wiktionary
play	melody	candidate	46	corpus
play	music	candidate	184	corpus
play	off	phrasal-verb	28	corpus
play	out	phrasal-verb	25	corpus
play	part	idiom	2077	wiktionary
play	piano	candidate	34	corpus
play	politics	collocation	5	wiktionary
play	possum	idiom	15	wiktionary
play	prank	candidate	137	corpus
play	role	idiom	74	wiktionary
play	rôle	collocation	70	wiktionary
play	tag	candidate	26	corpus
play	tennis	candidate	44	corpus
play	trick	candidate	643	corpus
play	truant	collocation	35	wiktionary
play	tune	candidate	275	corpus
play	up	idiom	3	wiktionary
play	violin	candidate	50	corpus
play	wag	idiom	3	wiktionary
plead	cause	candidate	183	corpus
plead	excuse	candidate	20	corpus
plead	guilty	candidate	64	corpus
please	fancy	candidate	31	corpus
pledge	faith	candidate	47	corpus
pledge	word	candidate	108	corpus
plight	faith	candidate	21	corpus
plight	troth	candidate	96	corpus
plot	death	candidate	27	corpus
plot	mischief	candidate	23	corpus
plough	field	candidate	108	corpus
plough	ground	candidate	21	corpus
plough	land	candidate	37	corpus
plough	up	phrasal-verb	27	corpus
plough	way	idiom	33	wiktionary
plow	field	candidate	32	corpus
plow	way	idiom	13	wiktionary
pluck	apple	candidate	53	corpus
pluck	beard	candidate	23	corpus
pluck	blossom	candidate	28	corpus
pluck	bough	candidate	26	corpus
pluck	branch	candidate	28	corpus
pluck	feather	candidate	76	corpus
pluck	flower	candidate	124	corpus
pluck	fruit	candidate	100	corpus
pluck	leaf	candidate	45	corpus
pluck	off	phrasal-verb	31	corpus
pluck	out	phrasal-verb	149	corpus
pluck	rose	candidate	40	corpus
pluck	up	phrasal-verb	214	corpus
plunder	temple	candidate	37	corpus
plunder	town	candidate	34	corpus
plunge	dagger	candidate	37	corpus
plunge	down	phrasal-verb	22	corpus
plunge	knife	candidate	46	corpus
plunge	sword	candidate	107	corpus
ply	needle	candidate	46	corpus
ply	oar	candidate	117	corpus
ply	paddle	candidate	32	corpus
ply	task	candidate	22	corpus
ply	trade	candidate	72	corpus
pocket	money	candidate	33	corpus
point	finger	idiom	154	magpie+pie-english
point	gun	candidate	46	corpus
point	moral	candidate	27	corpus
point	out	phrasal-verb	1174	corpus
point	pistol	candidate	22	corpus
point	up	phrasal-verb	23	corpus
point	upward	candidate	25	corpus
point	way	collocation	106	wiktionary
poise	spear	candidate	41	corpus
poison	air	candidate	31	corpus
poison	mind	candidate	52	corpus
poison	well	collocation	10	wiktionary
poke	finger	candidate	24	corpus
poke	fire	candidate	56	corpus
poke	fun	collocation	24	wiktionary
poke	nose	candidate	92	corpus
poke	up	phrasal-verb	21	corpus
ponder	matter	candidate	31	corpus
pop	cork	idiom	3	wiktionary
pop	head	candidate	109	corpus
pop	question	idiom	6	wiktionary
pop	up	phrasal-verb	43	corpus
possess	ability	candidate	28	corpus
possess	attraction	candidate	29	corpus
possess	characteristic	candidate	50	corpus
possess	faculty	candidate	54	corpus
possess	property	candidate	145	corpus
possess	quality	candidate	144	corpus
possess	virtue	candidate	121	corpus
post	guard	candidate	26	corpus
post	letter	candidate	37	corpus
post	sentinel	candidate	38	corpus
post	sentry	candidate	22	corpus
pound	corn	candidate	45	corpus
pound	table	collocation	7	wiktionary
pour	contents	candidate	50	corpus
pour	down	phrasal-verb	159	corpus
pour	drop	candidate	61	corpus
pour	fire	candidate	82	corpus
pour	flood	candidate	63	corpus
pour	libation	candidate	107	corpus
pour	liquid	candidate	21	corpus
pour	milk	candidate	48	corpus
pour	oil	candidate	104	corpus
pour	out	phrasal-verb	752	corpus
pour	rain	candidate	23	corpus
pour	ray	candidate	20	corpus
pour	shower	candidate	37	corpus
pour	stream	candidate	45	corpus
pour	tear	candidate	46	corpus
pour	torrent	candidate	28	corpus
pour	volley	candidate	57	corpus
pour	water	candidate	598	corpus
pour	wine	candidate	155	corpus
powder	hair	candidate	31	corpus
powder	nose	collocation	4	wiktionary
practice	art	candidate	42	corpus
practise	art	candidate	130	corpus
practise	austerity	candidate	50	corpus
practise	custom	candidate	62	corpus
practise	magic	candidate	28	corpus
practise	mode	candidate	22	corpus
practise	rite	candidate	59	corpus
praise	allah	candidate	40	corpus
praise	beauty	candidate	68	corpus
praise	god	candidate	218	corpus
praise	heaven	candidate	65	corpus
praise	lord	candidate	77	corpus
praise	wisdom	candidate	25	corpus
pray	allah	candidate	21	corpus
pray	god	candidate	176	corpus
pray	heaven	candidate	62	corpus
pray	lord	candidate	66	corpus
pray	miss	candidate	29	corpus
pray	prayer	candidate	170	corpus
pray	sir	candidate	90	corpus
pray	tell	candidate	45	corpus
pray	thee	candidate	674	corpus
preach	christianity	candidate	23	corpus
preach	crusade	candidate	22	corpus
preach	doctrine	candidate	58	corpus
preach	faith	candidate	42	corpus
preach	gospel	candidate	159	corpus
preach	religion	candidate	20	corpus
preach	sermon	candidate	204	corpus
precede	storm	candidate	34	corpus
preclude	possibility	candidate	39	corpus
predict	event	candidate	22	corpus
predict	future	candidate	36	corpus
preen	feather	candidate	30	corpus
prefer	request	candidate	37	corpus
prepare	banquet	candidate	113	corpus
prepare	bath	candidate	41	corpus
prepare	breakfast	candidate	88	corpus
prepare	couch	candidate	31	corpus
prepare	feast	candidate	217	corpus
prepare	ground	idiom	32	wiktionary
prepare	meal	candidate	224	corpus
prepare	repast	candidate	39	corpus
prepare	soup	candidate	20	corpus
prepare	supper	candidate	163	corpus
prepare	way	collocation	233	wiktionary
prescribe	remedy	candidate	25	corpus
present	appearance	candidate	291	corpus
present	aspect	candidate	66	corpus
present	contrast	candidate	77	corpus
present	front	candidate	28	corpus
present	petition	candidate	71	corpus
present	reader	candidate	25	corpus
present	spectacle	candidate	82	corpus
preserve	memory	candidate	136	corpus
preserve	record	candidate	76	corpus
preserve	relic	candidate	40	corpus
preserve	silence	candidate	73	corpus
preserve	spelling	candidate	26	corpus
preserve	trace	candidate	34	corpus
preserve	tradition	candidate	98	corpus
press	button	candidate	44	corpus
press	case	collocation	4	wiktionary
press	down	phrasal-verb	23	corpus
press	forward	collocation	10	wiktionary
press	kiss	candidate	83	corpus
press	lip	candidate	161	corpus
press	siege	candidate	22	corpus
press	suit	candidate	35	corpus
press	trigger	candidate	27	corpus
prevent	accident	candidate	20	corpus
prevent	catastrophe	candidate	23	corpus
prevent	escape	candidate	94	corpus
prevent	execution	candidate	21	corpus
prevent	possibility	candidate	40	corpus
prevent	repetition	candidate	21	corpus
prick	ear	candidate	58	corpus
prick	finger	candidate	95	corpus
prick	up	phrasal-verb	160	corpus
print	ballad	candidate	48	corpus
print	copy	candidate	82	corpus
print	edition	candidate	59	corpus
print	money	collocation	3	wiktionary
print	text	candidate	35	corpus
print	translation	candidate	21	corpus
print	version	candidate	50	corpus
proceed	up	phrasal-verb	46	corpus
procure	assistance	candidate	33	corpus
procure	rain	candidate	56	corpus
procure	release	candidate	26	corpus
procure	supply	candidate	22	corpus
produce	ebook	candidate	36	corpus
produce	effect	candidate	702	corpus
produce	excitement	candidate	43	corpus
produce	file	candidate	176	corpus
produce	rain	candidate	46	corpus
produce	result	collocation	208	parseme-1.3-en
produce	sensation	candidate	61	corpus
profess	christianity	candidate	21	corpus
profess	faith	candidate	28	corpus
profess	religion	candidate	31	corpus
prohibit	marriage	candidate	29	corpus
prolong	absence	candidate	21	corpus
prolong	existence	candidate	26	corpus
prolong	life	candidate	162	corpus
prolong	stay	candidate	39	corpus
prolong	visit	candidate	27	corpus
promise	assistance	candidate	29	corpus
promise	obedience	candidate	24	corpus
promise	reward	candidate	98	corpus
promote	fertility	candidate	29	corpus
promote	growth	candidate	47	corpus
promote	happiness	candidate	34	corpus
promote	interest	candidate	53	corpus
promote	welfare	candidate	42	corpus
pronounce	benediction	candidate	25	corpus
pronounce	blessing	candidate	32	corpus
pronounce	curse	candidate	45	corpus
pronounce	doom	candidate	31	corpus
pronounce	formula	candidate	25	corpus
pronounce	incantation	candidate	20	corpus
pronounce	judgment	candidate	50	corpus
pronounce	oration	candidate	25	corpus
pronounce	sentence	candidate	170	corpus
proofread	team	candidate	498	corpus
prop	up	phrasal-verb	22	corpus
propitiate	deity	candidate	36	corpus
propitiate	god	candidate	78	corpus
propitiate	goddess	candidate	23	corpus
propitiate	spirit	candidate	59	corpus
propose	health	candidate	25	corpus
propose	marriage	collocation	25	wiktionary
propose	match	candidate	22	corpus
propose	plan	candidate	65	corpus
propose	toast	candidate	22	corpus
propound	question	candidate	39	corpus
propound	riddle	candidate	24	corpus
propound	theory	candidate	28	corpus
prosecute	journey	candidate	24	corpus
prosecute	search	candidate	20	corpus
prosecute	study	candidate	28	corpus
prosecute	war	candidate	20	corpus
prosper	thee	candidate	88	corpus
protest	innocence	candidate	67	corpus
prove	antiquity	candidate	33	corpus
prove	assertion	candidate	20	corpus
prove	existence	candidate	82	corpus
prove	failure	candidate	67	corpus
prove	gratitude	candidate	33	corpus
prove	guilt	candidate	23	corpus
prove	identity	candidate	38	corpus
prove	innocence	candidate	116	corpus
prove	prowess	candidate	21	corpus
prove	ruin	candidate	47	corpus
provide	entertainment	candidate	23	corpus
provide	remedy	candidate	22	corpus
provoke	anger	candidate	29	corpus
provoke	fight	collocation	8	parseme-1.3-en
provoke	laughter	collocation	11	conceptnet-5.7+parseme-1.3-en
publish	ballad	candidate	26	corpus
publish	collection	candidate	41	corpus
publish	edition	candidate	119	corpus
publish	poem	candidate	34	corpus
publish	series	candidate	20	corpus
publish	text	candidate	44	corpus
publish	translation	candidate	77	corpus
publish	treatise	candidate	25	corpus
publish	version	candidate	53	corpus
publish	volume	candidate	105	corpus
pucker	up	phrasal-verb	20	corpus
puff	out	phrasal-verb	41	corpus
puff	pipe	candidate	22	corpus
puff	up	phrasal-verb	20	corpus
pull	back	collocation	18	wiktionary
pull	beard	candidate	37	corpus
pull	blanket	candidate	24	corpus
pull	chain	collocation	11	wiktionary
pull	cord	candidate	48	corpus
pull	curtain	candidate	33	corpus
pull	down	phrasal-verb	331	corpus
pull	face	idiom	40	wiktionary
pull	forelock	collocation	13	wiktionary
pull	hood	candidate	24	corpus
pull	leg	idiom	18	wiktionary
pull	lever	idiom	8	wiktionary
pull	oar	collocation	77	wiktionary
pull	off	phrasal-verb	412	corpus
pull	out	phrasal-verb	950	corpus
pull	pin	collocation	6	wiktionary
pull	plug	idiom	7	conceptnet-5.7+vnc-tokens-cook2008
pull	rug	collocation	3	wiktionary
pull	sleeve	candidate	24	corpus
pull	string	collocation	91	wiktionary
pull	train	collocation	3	wiktionary
pull	trigger	idiom	212	wiktionary
pull	up	phrasal-verb	499	corpus
pump	water	candidate	31	corpus
punch	head	candidate	40	corpus
punch	hole	candidate	40	corpus
punch	ticket	idiom	5	wiktionary
punish	crime	candidate	52	corpus
punish	guilty	candidate	32	corpus
punish	murderer	candidate	23	corpus
punish	offence	candidate	24	corpus
punish	offender	candidate	43	corpus
punish	traitor	candidate	22	corpus
purchase	article	candidate	24	corpus
purchase	estate	candidate	38	corpus
purchase	freedom	candidate	29	corpus
purchase	provision	candidate	22	corpus
purchase	slave	candidate	25	corpus
purchase	ticket	candidate	29	corpus
purge	melancholy	candidate	25	corpus
purse	lip	candidate	35	corpus
purse	up	phrasal-verb	26	corpus
pursue	calling	candidate	24	corpus
pursue	course	candidate	233	corpus
pursue	flight	candidate	24	corpus
pursue	fugitive	candidate	43	corpus
pursue	investigation	candidate	25	corpus
pursue	journey	candidate	213	corpus
pursue	occupation	candidate	26	corpus
pursue	policy	candidate	46	corpus
pursue	quest	candidate	31	corpus
pursue	route	candidate	32	corpus
pursue	search	candidate	20	corpus
pursue	study	candidate	123	corpus
push	aside	collocation	3	wiktionary
push	back	collocation	15	conceptnet-5.7+oewn-2025+pwn-3.1
push	chair	candidate	84	corpus
push	curtain	candidate	34	corpus
push	fortune	candidate	23	corpus
push	forward	collocation	5	wiktionary
push	in	idiom	4	wiktionary
push	off	phrasal-verb	49	corpus
push	out	phrasal-verb	27	corpus
push	paper	collocation	12	wiktionary
push	up	phrasal-verb	59	corpus
push	way	idiom	275	wiktionary
put	asunder	light-verb	5	wiktionary
put	away	phrasal-verb	153	corpus
put	back	idiom	46	wiktionary
put	blood	candidate	33	corpus
put	case	light-verb	93	wiktionary
put	courage	candidate	48	corpus
put	day	candidate	28	corpus
put	deal	candidate	20	corpus
put	desire	candidate	25	corpus
put	down	phrasal-verb	647	corpus
put	god	candidate	26	corpus
put	house	candidate	64	corpus
put	in	phrasal-verb	20	corpus
put	kind	candidate	26	corpus
put	knight	candidate	31	corpus
put	mile	candidate	22	corpus
put	off	phrasal-verb	536	corpus
put	on	phrasal-verb	74	corpus
put	out	phrasal-verb	1694	corpus
put	past	light-verb	6	wiktionary
put	place	candidate	34	corpus
put	plenty	candidate	20	corpus
put	rest	candidate	84	corpus
put	right	light-verb	5	wiktionary
put	room	candidate	30	corpus
put	round	light-verb	8	wiktionary
put	screw	light-verb	14	wiktionary
put	ship	candidate	39	corpus
put	side	candidate	28	corpus
put	stamp	idiom	12	wiktionary
put	stop	candidate	441	corpus
put	straight	light-verb	6	wiktionary
put	stroke	candidate	28	corpus
put	trust	candidate	244	corpus
put	up	phrasal-verb	1245	corpus
put	world	candidate	21	corpus
puzzle	brain	candidate	40	corpus
quaff	cup	candidate	20	corpus
quarry	stone	candidate	27	corpus
quench	fire	candidate	143	corpus
quench	flame	candidate	60	corpus
quench	thirst	candidate	398	corpus
query	dick	candidate	24	corpus
query	tom	candidate	29	corpus
question	dick	candidate	48	corpus
quicken	pace	candidate	195	corpus
quicken	step	candidate	60	corpus
quiet	fear	candidate	32	corpus
quit	body	candidate	46	corpus
quit	world	candidate	21	corpus
quitt	palace	candidate	27	corpus
quiver	lip	candidate	39	corpus
quote	authority	candidate	34	corpus
quote	description	candidate	32	corpus
quote	instance	candidate	47	corpus
quote	passage	candidate	159	corpus
quote	proverb	candidate	27	corpus
quote	remark	candidate	27	corpus
quoth	hee	candidate	26	corpus
quoth	hood	candidate	54	corpus
quoth	jack	candidate	35	corpus
quoth	john	candidate	108	corpus
quoth	king	candidate	119	corpus
quoth	robin	candidate	246	corpus
quoth	sultan	candidate	21	corpus
quoth	tom	candidate	24	corpus
r	bell	candidate	55	corpus
r	out	phrasal-verb	21	corpus
rack	brain	collocation	100	wiktionary
rain	down	phrasal-verb	25	corpus
rain	shower	candidate	20	corpus
raise	alarm	collocation	39	wiktionary
raise	bar	idiom	7	wiktionary
raise	cain	idiom	3	conceptnet-5.7+magpie
raise	cane	collocation	16	wiktionary
raise	dead	collocation	4	wiktionary
raise	devil	collocation	36	wiktionary
raise	doubt	collocation	20	parseme-1.3-en
raise	eyebrow	collocation	64	wiktionary
raise	finger	collocation	55	wiktionary
raise	flag	collocation	63	wiktionary
raise	glass	collocation	39	wiktionary
raise	hand	collocation	849	wiktionary
raise	head	collocation	1365	wiktionary
raise	latch	candidate	26	corpus
raise	lid	candidate	83	corpus
raise	mound	candidate	65	corpus
raise	outcry	candidate	30	corpus
raise	revenue	candidate	29	corpus
raise	roof	idiom	11	wiktionary
raise	shout	candidate	198	corpus
raise	siege	candidate	191	corpus
raise	standard	candidate	94	corpus
raise	steam	collocation	3	wiktionary
raise	up	phrasal-verb	226	corpus
raise	visor	candidate	24	corpus
raise	voice	idiom	528	wiktionary
raise	wind	collocation	63	wiktionary
rake	ash	candidate	20	corpus
rake	out	phrasal-verb	22	corpus
rake	up	phrasal-verb	32	corpus
rally	force	candidate	26	corpus
rally	troops	candidate	32	corpus
range	forest	candidate	33	corpus
range	wood	candidate	42	corpus
rare	bird	idiom	3	conceptnet-5.7+magpie+oewn-2025+pwn-3.1
ratify	constitution	candidate	22	corpus
ratify	treaty	candidate	37	corpus
rattle	chain	collocation	9	wiktionary
ravage	coast	candidate	46	corpus
ravage	country	candidate	133	corpus
ravage	land	candidate	60	corpus
ravage	territory	candidate	21	corpus
ravish	heart	candidate	30	corpus
reach	bottom	candidate	262	corpus
reach	brink	candidate	25	corpus
reach	climax	candidate	81	corpus
reach	confines	candidate	23	corpus
reach	decision	collocation	37	parseme-1.3-en
reach	destination	candidate	241	corpus
reach	down	collocation	3	wiktionary
reach	goal	candidate	177	corpus
reach	mainland	candidate	24	corpus
reach	maturity	candidate	41	corpus
reach	middle	candidate	117	corpus
reach	out	phrasal-verb	224	corpus
reach	outskirt	candidate	34	corpus
reach	shore	candidate	597	corpus
reach	summit	candidate	229	corpus
reach	top	candidate	585	corpus
reach	up	phrasal-verb	27	corpus
reach	verge	candidate	21	corpus
reach	vicinity	candidate	23	corpus
reach	zenith	candidate	31	corpus
read	bible	candidate	215	corpus
read	book	candidate	761	corpus
read	chapter	candidate	139	corpus
read	inscription	candidate	103	corpus
read	koran	candidate	30	corpus
read	letter	candidate	684	corpus
read	mind	idiom	49	wiktionary
read	newspaper	candidate	121	corpus
read	novel	candidate	63	corpus
read	out	phrasal-verb	21	corpus
read	paragraph	candidate	25	corpus
read	psalm	candidate	48	corpus
read	room	idiom	9	wiktionary
read	scripture	candidate	49	corpus
read	signal	idiom	9	parseme-1.3-en
read	table	collocation	4	wiktionary
read	testament	candidate	25	corpus
read	thought	candidate	153	corpus
read	up	collocation	3	wiktionary
read	writing	candidate	93	corpus
realize	danger	candidate	44	corpus
realize	dream	candidate	31	corpus
realize	importance	candidate	20	corpus
realize	situation	candidate	36	corpus
reap	advantage	candidate	45	corpus
reap	benefit	candidate	60	corpus
reap	corn	candidate	56	corpus
reap	crop	candidate	23	corpus
reap	field	candidate	26	corpus
reap	fruit	candidate	80	corpus
reap	harvest	idiom	146	wiktionary
reap	hook	candidate	27	corpus
reap	reward	candidate	51	corpus
reap	whirlwind	idiom	14	wiktionary
rear	family	candidate	29	corpus
rear	head	idiom	85	wiktionary
rear	up	phrasal-verb	21	corpus
rebuild	church	candidate	24	corpus
rebuild	city	candidate	35	corpus
rebuild	temple	candidate	35	corpus
rebuild	wall	candidate	25	corpus
recall	circumstance	candidate	31	corpus
recall	incident	candidate	32	corpus
recall	memory	candidate	49	corpus
receive	absolution	candidate	28	corpus
receive	accession	candidate	21	corpus
receive	baptism	candidate	70	corpus
receive	benediction	candidate	33	corpus
receive	care	collocation	19	parseme-1.3-en
receive	confirmation	candidate	39	corpus
receive	congratulation	candidate	60	corpus
receive	education	candidate	156	corpus
receive	instruction	candidate	300	corpus
receive	intimation	candidate	29	corpus
receive	knighthood	candidate	22	corpus
receive	pay	candidate	70	corpus
receive	reinforcement	candidate	58	corpus
receive	sacrament	candidate	86	corpus
receive	salary	candidate	47	corpus
receive	scratch	candidate	25	corpus
receive	surname	candidate	30	corpus
recite	couplet	candidate	118	corpus
recite	incantation	candidate	28	corpus
recite	koran	candidate	26	corpus
recite	poem	candidate	62	corpus
recite	prayer	candidate	140	corpus
recite	spell	candidate	58	corpus
recite	verse	candidate	232	corpus
recognise	feature	candidate	29	corpus
recognize	independence	candidate	32	corpus
recoil	step	candidate	25	corpus
record	case	candidate	85	corpus
record	event	candidate	38	corpus
record	fact	candidate	71	corpus
record	incident	candidate	28	corpus
record	instance	candidate	44	corpus
record	tradition	candidate	29	corpus
recount	adventure	candidate	64	corpus
recount	deed	candidate	22	corpus
recount	history	candidate	20	corpus
recover	balance	candidate	23	corpus
recover	breath	candidate	161	corpus
recover	composure	candidate	62	corpus
recover	consciousness	candidate	126	corpus
recover	health	candidate	147	corpus
recover	sens	candidate	184	corpus
recover	wit	candidate	41	corpus
recross	river	candidate	26	corpus
recruit	strength	candidate	49	corpus
red	hair	candidate	60	corpus
redden	sky	candidate	25	corpus
rede	thee	candidate	59	corpus
redeem	pledge	candidate	35	corpus
redeem	promise	candidate	41	corpus
redeem	time	collocation	5	wiktionary
redouble	effort	candidate	68	corpus
redouble	speed	candidate	24	corpus
redress	grievance	candidate	27	corpus
redress	wrong	candidate	40	corpus
reef	sail	candidate	24	corpus
refer	custom	candidate	20	corpus
refer	matter	candidate	93	corpus
refer	reader	candidate	226	corpus
reflect	credit	candidate	27	corpus
reflect	image	candidate	46	corpus
reflect	moment	candidate	53	corpus
reflect	ray	candidate	41	corpus
refresh	memory	collocation	37	wiktionary
refresh	sleep	candidate	22	corpus
refuse	consent	candidate	38	corpus
refuse	demand	candidate	34	corpus
refuse	invitation	candidate	44	corpus
refuse	obedience	candidate	32	corpus
refuse	offer	candidate	160	corpus
refuse	prayer	candidate	20	corpus
refuse	request	candidate	136	corpus
regain	composure	candidate	36	corpus
regain	consciousness	candidate	66	corpus
regain	control	candidate	29	corpus
regain	freedom	candidate	29	corpus
regain	health	candidate	42	corpus
regain	liberty	candidate	42	corpus
regain	possession	candidate	71	corpus
regain	sens	candidate	30	corpus
regain	strength	candidate	97	corpus
regain	throne	candidate	28	corpus
register	vow	candidate	25	corpus
regret	absence	candidate	25	corpus
regret	loss	candidate	45	corpus
regulate	affair	candidate	43	corpus
regulate	conduct	candidate	38	corpus
regulate	trade	candidate	20	corpus
reign	king	candidate	98	corpus
reign	over	phrasal-verb	25	corpus
reign	supreme	idiom	16	wiktionary
reign	year	candidate	150	corpus
rein	horse	candidate	34	corpus
rein	up	phrasal-verb	36	corpus
reject	advance	candidate	21	corpus
reject	offer	candidate	53	corpus
reject	proposal	candidate	56	corpus
reject	suit	candidate	30	corpus
reject	theory	candidate	31	corpus
rejoice	heart	candidate	74	corpus
rejoin	companion	candidate	58	corpus
rejoin	comrade	candidate	30	corpus
rejoin	regiment	candidate	24	corpus
rekindle	fire	candidate	62	corpus
relate	adventure	candidate	317	corpus
relate	anecdote	candidate	61	corpus
relate	circumstance	candidate	111	corpus
relate	event	candidate	63	corpus
relate	experience	candidate	59	corpus
relate	exploit	candidate	21	corpus
relate	history	candidate	150	corpus
relate	incident	candidate	101	corpus
relate	occurrence	candidate	20	corpus
relate	particular	candidate	59	corpus
relate	story	candidate	593	corpus
relax	hold	candidate	38	corpus
release	captive	candidate	20	corpus
release	prisoner	candidate	104	corpus
relieve	anxiety	candidate	42	corpus
relieve	distress	candidate	35	corpus
relieve	feeling	candidate	53	corpus
relieve	monotony	candidate	32	corpus
relieve	pain	candidate	55	corpus
relieve	suffering	candidate	33	corpus
relieve	tension	candidate	21	corpus
relinquish	claim	candidate	21	corpus
relinquish	hold	candidate	22	corpus
reload	gun	candidate	25	corpus
reload	rifle	candidate	40	corpus
remain	firm	candidate	65	corpus
remain	friend	candidate	57	corpus
remain	master	candidate	36	corpus
remain	mystery	candidate	63	corpus
remain	prisoner	candidate	53	corpus
remain	quiet	candidate	89	corpus
remain	secret	candidate	21	corpus
remain	spectator	candidate	21	corpus
remain	stationary	candidate	61	corpus
remain	virgin	candidate	25	corpus
remark	sam	candidate	37	corpus
remark	tom	candidate	53	corpus
remedy	defect	candidate	25	corpus
remedy	evil	candidate	38	corpus
remember	injunction	candidate	20	corpus
remember	promise	candidate	162	corpus
remind	reader	candidate	137	corpus
remount	horse	candidate	47	corpus
remove	bandage	candidate	38	corpus
remove	cover	candidate	44	corpus
remove	covering	candidate	33	corpus
remove	evil	candidate	25	corpus
remove	helmet	candidate	41	corpus
remove	mask	candidate	24	corpus
remove	obstacle	candidate	56	corpus
remove	stain	candidate	27	corpus
rend	air	candidate	36	corpus
rend	asunder	candidate	35	corpus
rend	sky	candidate	32	corpus
render	aid	candidate	65	corpus
render	assistance	candidate	141	corpus
render	homage	candidate	58	corpus
render	invisible	candidate	35	corpus
render	service	candidate	402	corpus
render	thanks	candidate	51	corpus
render	up	phrasal-verb	28	corpus
renew	acquaintance	candidate	64	corpus
renew	assault	candidate	21	corpus
renew	attack	candidate	111	corpus
renew	combat	candidate	36	corpus
renew	fight	candidate	63	corpus
renew	friendship	candidate	26	corpus
renew	grief	candidate	23	corpus
renew	search	candidate	39	corpus
renew	struggle	candidate	37	corpus
renew	youth	candidate	78	corpus
renounce	claim	candidate	25	corpus
renounce	world	collocation	61	wiktionary
rent	air	candidate	113	corpus
rent	asunder	candidate	25	corpus
rent	clothes	candidate	49	corpus
rent	raiment	candidate	37	corpus
repair	breach	candidate	25	corpus
repair	damage	candidate	95	corpus
repair	error	candidate	47	corpus
repair	fault	candidate	20	corpus
repair	injury	candidate	25	corpus
repair	loss	candidate	44	corpus
repair	mischief	candidate	31	corpus
repay	debt	candidate	25	corpus
repay	kindness	candidate	51	corpus
repay	service	candidate	22	corpus
repeal	act	candidate	30	corpus
repeal	law	candidate	43	corpus
repeat	couplet	candidate	75	corpus
repeat	experiment	candidate	51	corpus
repeat	formula	candidate	57	corpus
repeat	incantation	candidate	46	corpus
repeat	performance	candidate	49	corpus
repeat	process	candidate	91	corpus
repeat	rhyme	candidate	55	corpus
repeat	verse	candidate	269	corpus
repel	advance	candidate	20	corpus
repel	assault	candidate	27	corpus
repel	attack	candidate	71	corpus
repel	enemy	candidate	37	corpus
repel	foe	candidate	27	corpus
repel	invader	candidate	27	corpus
repel	invasion	candidate	22	corpus
replenish	fire	candidate	35	corpus
reply	captain	candidate	43	corpus
reply	grace	candidate	76	corpus
reply	jack	candidate	24	corpus
reply	officer	candidate	32	corpus
reply	prince	candidate	84	corpus
reply	rat	candidate	26	corpus
reply	tom	candidate	60	corpus
reply	woodman	candidate	28	corpus
reply	youth	candidate	58	corpus
report	arrival	candidate	20	corpus
report	case	candidate	165	corpus
report	circumstance	candidate	20	corpus
report	success	candidate	25	corpus
repose	confidence	candidate	30	corpus
represent	italic	candidate	22	corpus
repulse	advance	candidate	21	corpus
repulse	assault	candidate	30	corpus
repulse	attack	candidate	53	corpus
repulse	enemy	candidate	22	corpus
request	assistance	candidate	20	corpus
request	interview	candidate	21	corpus
request	permission	candidate	66	corpus
require	assistance	candidate	59	corpus
require	consideration	candidate	41	corpus
require	explanation	candidate	94	corpus
require	skill	candidate	65	corpus
requite	thee	candidate	102	corpus
resent	insult	candidate	26	corpus
resent	interference	candidate	24	corpus
resent	intrusion	candidate	26	corpus
reserve	right	candidate	46	corpus
resign	claim	candidate	21	corpus
resign	command	candidate	33	corpus
resign	commission	candidate	24	corpus
resign	crown	candidate	38	corpus
resign	office	candidate	68	corpus
resign	position	candidate	28	corpus
resign	post	candidate	23	corpus
resign	throne	candidate	23	corpus
resist	advance	candidate	23	corpus
resist	assault	candidate	34	corpus
resist	attack	candidate	101	corpus
resist	attempt	candidate	51	corpus
resist	effort	candidate	74	corpus
resist	impulse	candidate	36	corpus
resist	invasion	candidate	20	corpus
resist	temptation	candidate	126	corpus
resolve	doubt	candidate	25	corpus
rest	bit	candidate	41	corpus
rest	case	collocation	5	wiktionary
rest	chin	candidate	40	corpus
rest	content	candidate	48	corpus
rest	elbow	candidate	34	corpus
rest	limb	candidate	38	corpus
rest	soul	idiom	29	wiktionary
restore	circulation	candidate	24	corpus
restore	health	candidate	78	corpus
restrain	anger	candidate	34	corpus
restrain	curiosity	candidate	31	corpus
restrain	feeling	candidate	30	corpus
restrain	impatience	candidate	26	corpus
restrain	passion	candidate	24	corpus
restrain	tear	candidate	56	corpus
restrain	wrath	candidate	23	corpus
resume	dress	candidate	24	corpus
resume	journey	candidate	351	corpus
resume	march	candidate	114	corpus
resume	narrative	candidate	23	corpus
resume	occupation	candidate	22	corpus
resume	seat	candidate	190	corpus
resume	shape	candidate	152	corpus
resume	walk	candidate	57	corpus
retain	hyphen	candidate	20	corpus
retain	recollection	candidate	30	corpus
retain	spelling	candidate	69	corpus
retard	progress	candidate	21	corpus
retire	side	collocation	3	wiktionary
retort	dave	candidate	46	corpus
retort	dick	candidate	37	corpus
retort	tom	candidate	47	corpus
retrace	footstep	candidate	23	corpus
retrace	step	candidate	522	corpus
retreat	step	candidate	28	corpus
retrieve	fortune	candidate	26	corpus
return	captain	candidate	64	corpus
return	caress	candidate	55	corpus
return	compliment	candidate	78	corpus
return	embrace	candidate	49	corpus
return	favor	idiom	15	wiktionary
return	favour	collocation	7	wiktionary
return	fire	idiom	53	conceptnet-5.7+parseme-1.3-en
return	greeting	candidate	105	corpus
return	home	candidate	90	corpus
return	pressure	candidate	22	corpus
return	salam	candidate	68	corpus
return	salutation	candidate	123	corpus
return	salute	candidate	123	corpus
return	thanks	candidate	266	corpus
return	verdict	candidate	24	corpus
reveal	identity	candidate	29	corpus
reveal	mystery	candidate	43	corpus
reveal	plot	candidate	20	corpus
reveal	secret	candidate	238	corpus
revenge	death	candidate	201	corpus
revenge	injury	candidate	35	corpus
revenge	murder	candidate	23	corpus
revenge	wrong	candidate	25	corpus
reverse	course	idiom	3	wiktionary
reverse	order	candidate	36	corpus
reverse	position	candidate	25	corpus
reverse	process	candidate	20	corpus
revisit	earth	candidate	29	corpus
revisit	home	candidate	24	corpus
revisit	scene	candidate	29	corpus
revive	hope	candidate	32	corpus
revive	memory	candidate	40	corpus
reward	search	candidate	27	corpus
rid	country	candidate	37	corpus
rid	earth	candidate	23	corpus
rid	land	candidate	28	corpus
rid	world	candidate	60	corpus
ride	ass	collocation	15	wiktionary
ride	distance	candidate	49	corpus
ride	down	phrasal-verb	60	corpus
ride	hobby	collocation	6	wiktionary
ride	homeward	candidate	43	corpus
ride	horse	candidate	522	corpus
ride	mare	candidate	22	corpus
ride	mile	candidate	162	corpus
ride	off	phrasal-verb	25	corpus
ride	out	phrasal-verb	72	corpus
ride	pace	candidate	36	corpus
ride	pony	candidate	65	corpus
ride	side	candidate	34	corpus
ride	steed	candidate	58	corpus
ride	tiger	idiom	4	wiktionary
ride	up	phrasal-verb	272	corpus
ride	wave	idiom	26	wiktionary
rig	up	phrasal-verb	29	corpus
right	wrong	candidate	23	corpus
ring	bell	idiom	897	wiktionary
ring	out	phrasal-verb	345	corpus
ring	peal	candidate	46	corpus
ring	round	collocation	3	wiktionary
rinse	mouth	candidate	30	corpus
rip	up	phrasal-verb	34	corpus
ripen	fruit	candidate	29	corpus
rise	betime	candidate	24	corpus
rise	cloud	candidate	22	corpus
rise	foot	candidate	123	corpus
rise	ground	candidate	45	corpus
rise	hill	candidate	29	corpus
rise	mountain	candidate	42	corpus
rise	red	candidate	32	corpus
rise	smoke	candidate	27	corpus
rise	sun	candidate	42	corpus
rise	up	phrasal-verb	887	corpus
rise	upward	candidate	20	corpus
risk	life	collocation	452	wiktionary
risk	neck	collocation	29	wiktionary
rivet	attention	candidate	39	corpus
rivet	eye	candidate	53	corpus
roam	country	candidate	20	corpus
roam	forest	candidate	39	corpus
roam	wood	candidate	43	corpus
roam	world	candidate	26	corpus
roar	captain	candidate	34	corpus
roar	giant	candidate	20	corpus
roar	out	phrasal-verb	21	corpus
roar	up	phrasal-verb	26	corpus
roast	flesh	candidate	41	corpus
roast	meat	candidate	47	corpus
roast	ox	candidate	29	corpus
rob	bank	candidate	35	corpus
rob	nest	candidate	34	corpus
rock	baby	candidate	27	corpus
rock	boat	idiom	6	wiktionary
rock	cradle	candidate	74	corpus
rock	house	collocation	3	wiktionary
roll	away	phrasal-verb	21	corpus
roll	cloud	candidate	25	corpus
roll	down	phrasal-verb	362	corpus
roll	rock	candidate	40	corpus
roll	stone	candidate	167	corpus
roll	tide	collocation	19	wiktionary
roll	up	phrasal-verb	230	corpus
roll	wave	candidate	41	corpus
roll	wheel	candidate	31	corpus
root	out	phrasal-verb	22	corpus
root	up	phrasal-verb	63	corpus
roun	castle	candidate	21	corpus
roun	corner	candidate	49	corpus
roun	edge	candidate	27	corpus
roun	garden	candidate	26	corpus
roun	loin	candidate	21	corpus
roun	neck	candidate	305	corpus
roun	rock	candidate	23	corpus
roun	tree	candidate	53	corpus
roun	village	candidate	33	corpus
roun	waist	candidate	85	corpus
roun	wall	candidate	64	corpus
roun	world	candidate	30	corpus
round	bend	idiom	30	magpie+oewn-2025+pie-english+pwn-3.1
round	cape	candidate	36	corpus
round	corner	candidate	24	corpus
round	point	candidate	58	corpus
round	up	phrasal-verb	40	corpus
rouse	anger	candidate	48	corpus
rouse	curiosity	candidate	28	corpus
rouse	indignation	candidate	44	corpus
rouse	jealousy	candidate	22	corpus
rouse	suspicion	candidate	39	corpus
rouse	up	phrasal-verb	31	corpus
rouse	wrath	candidate	29	corpus
rout	army	candidate	40	corpus
rout	enemy	candidate	41	corpus
rout	force	candidate	24	corpus
row	boat	candidate	112	corpus
row	up	phrasal-verb	39	corpus
rub	chin	candidate	46	corpus
rub	down	phrasal-verb	24	corpus
rub	eye	candidate	818	corpus
rub	forehead	candidate	40	corpus
rub	nose	candidate	120	corpus
rub	palm	candidate	23	corpus
rub	sleep	candidate	21	corpus
rub	stomach	candidate	23	corpus
rub	wart	candidate	34	corpus
rue	day	idiom	51	wiktionary
ruffle	feather	candidate	42	corpus
ruffle	surface	candidate	32	corpus
ruin	health	candidate	21	corpus
rule	day	idiom	12	wiktionary
rule	empire	candidate	21	corpus
rule	england	candidate	35	corpus
rule	france	candidate	21	corpus
rule	kingdom	candidate	119	corpus
rule	land	candidate	182	corpus
rule	over	phrasal-verb	33	corpus
rule	realm	candidate	55	corpus
rule	roast	collocation	4	wiktionary
rule	roost	idiom	10	wiktionary
rule	universe	candidate	24	corpus
rule	world	candidate	173	corpus
run	amok	idiom	5	wiktionary
run	amuck	collocation	15	wiktionary
run	away	collocation	3	wiktionary
run	back	idiom	6	wiktionary
run	blockade	candidate	27	corpus
run	brook	candidate	27	corpus
run	counter	collocation	57	wiktionary
run	course	collocation	160	wiktionary
run	danger	candidate	48	corpus
run	down	phrasal-verb	784	corpus
run	dry	idiom	19	conceptnet-5.7+oewn-2025+parseme-1.3-en+pwn-3.1
run	errand	collocation	59	wiktionary
run	face	collocation	13	wiktionary
run	faster	candidate	28	corpus
run	gamut	idiom	7	wiktionary
run	gauntlet	idiom	90	wiktionary
run	guard	collocation	6	wiktionary
run	hazard	candidate	42	corpus
run	mile	idiom	97	wiktionary
run	mouth	collocation	5	wiktionary
run	name	idiom	3	wiktionary
run	off	phrasal-verb	109	corpus
run	out	phrasal-verb	236	corpus
run	parallel	candidate	54	corpus
run	past	idiom	4	wiktionary
run	point	collocation	6	wiktionary
run	race	candidate	346	corpus
run	riot	idiom	45	wiktionary
run	risk	idiom	698	wiktionary
run	river	candidate	77	corpus
run	show	idiom	6	wiktionary
run	stream	candidate	66	corpus
run	table	collocation	8	wiktionary
run	tilt	candidate	20	corpus
run	train	collocation	5	wiktionary
run	up	phrasal-verb	633	corpus
run	wild	idiom	73	wiktionary
rush	down	phrasal-verb	77	corpus
rush	out	phrasal-verb	23	corpus
rush	stream	candidate	28	corpus
rush	up	phrasal-verb	94	corpus
rush	wind	candidate	20	corpus
rustle	leaf	candidate	38	corpus
s	praise	candidate	24	corpus
s	song	candidate	242	corpus
sack	city	candidate	102	corpus
sack	town	candidate	38	corpus
sacrifice	bull	candidate	66	corpus
sacrifice	goat	candidate	76	corpus
sacrifice	lamb	candidate	24	corpus
sacrifice	ox	candidate	34	corpus
sacrifice	pig	candidate	29	corpus
sacrifice	ram	candidate	44	corpus
sacrifice	sheep	candidate	47	corpus
sacrifice	victim	candidate	69	corpus
sadden	heart	candidate	28	corpus
saddle	horse	candidate	214	corpus
saddle	steed	candidate	53	corpus
sail	boat	candidate	62	corpus
sail	down	phrasal-verb	39	corpus
sail	homeward	candidate	24	corpus
sail	sea	candidate	67	corpus
sail	seas	candidate	61	corpus
sail	ship	candidate	74	corpus
sail	up	phrasal-verb	125	corpus
sail	vessel	candidate	39	corpus
sally	out	phrasal-verb	49	corpus
salt	mine	collocation	4	wiktionary
salute	arthur	candidate	26	corpus
salute	officer	candidate	22	corpus
sample	idea	candidate	22	corpus
satisfy	appetite	candidate	105	corpus
satisfy	craving	candidate	49	corpus
satisfy	curiosity	candidate	206	corpus
satisfy	demand	candidate	59	corpus
satisfy	desire	candidate	82	corpus
satisfy	hunger	candidate	187	corpus
satisfy	need	candidate	43	corpus
satisfy	requirement	candidate	21	corpus
satisfy	thirst	candidate	31	corpus
save	back	collocation	3	wiktionary
save	bacon	idiom	14	conceptnet-5.7+magpie
save	breath	idiom	40	wiktionary
save	day	idiom	36	wiktionary
save	face	idiom	13	wiktionary
save	life	idiom	2672	wiktionary
save	neck	collocation	33	wiktionary
save	skin	idiom	53	conceptnet-5.7+magpie
save	up	phrasal-verb	66	corpus
saw	wood	idiom	25	wiktionary
say	ala	candidate	31	corpus
say	amen	candidate	21	corpus
say	boot	candidate	107	corpus
say	chronicler	candidate	35	corpus
say	goodbye	idiom	26	wiktionary
say	grace	idiom	106	wiktionary
say	grandfather	candidate	48	corpus
say	historian	candidate	50	corpus
say	nay	candidate	75	corpus
say	nothing	collocation	5	wiktionary
say	piece	collocation	25	wiktionary
say	prof	candidate	20	corpus
say	uncle	idiom	22	wiktionary
say	word	idiom	2445	wiktionary
scale	heaven	candidate	22	corpus
scale	height	candidate	35	corpus
scale	ladder	candidate	32	corpus
scale	rock	candidate	21	corpus
scale	wall	candidate	158	corpus
scalp	knife	candidate	39	corpus
scan	face	candidate	78	corpus
scan	horizon	candidate	25	corpus
scare	away	phrasal-verb	23	corpus
scare	bird	candidate	24	corpus
scare	spirit	candidate	39	corpus
scatter	ash	candidate	100	corpus
scatter	brain	candidate	28	corpus
scatter	cloud	candidate	28	corpus
scatter	contents	candidate	20	corpus
scatter	fragment	candidate	37	corpus
scatter	seed	candidate	61	corpus
scent	air	candidate	42	corpus
scent	danger	candidate	32	corpus
scoop	out	phrasal-verb	67	corpus
scoop	up	phrasal-verb	33	corpus
score	point	candidate	25	corpus
scour	country	candidate	96	corpus
scour	forest	candidate	31	corpus
scour	plain	candidate	34	corpus
scour	pot	candidate	20	corpus
scout	idea	candidate	26	corpus
scramble	down	phrasal-verb	22	corpus
scramble	up	phrasal-verb	107	corpus
scrape	acquaintance	collocation	18	wiktionary
scrape	earth	candidate	20	corpus
scrape	hole	candidate	22	corpus
scratch	back	collocation	25	wiktionary
scratch	head	idiom	348	wiktionary
scratch	nose	candidate	20	corpus
scratch	out	phrasal-verb	28	corpus
scratch	surface	idiom	8	wiktionary
screw	up	phrasal-verb	64	corpus
scrub	floor	candidate	46	corpus
seal	doom	candidate	80	corpus
seal	fate	collocation	104	wiktionary
seal	lip	candidate	40	corpus
seal	up	phrasal-verb	36	corpus
seal	wax	candidate	38	corpus
search	corner	candidate	26	corpus
search	forest	candidate	30	corpus
search	out	phrasal-verb	66	corpus
search	pocket	candidate	54	corpus
search	wound	candidate	65	corpus
second	effort	candidate	25	corpus
second	motion	candidate	44	corpus
secure	luck	candidate	22	corpus
secure	recognition	candidate	23	corpus
secure	safety	candidate	54	corpus
secure	succession	candidate	21	corpus
see	argument	collocation	16	wiktionary
see	breath	collocation	13	wiktionary
see	coming	collocation	6	wiktionary
see	day	collocation	440	wiktionary
see	daylight	collocation	45	wiktionary
see	elephant	idiom	51	magpie
see	fit	collocation	52	wiktionary
see	light	idiom	1402	wiktionary
see	man	idiom	3790	wiktionary
see	off	phrasal-verb	28	corpus
see	out	phrasal-verb	20	corpus
see	past	collocation	14	wiktionary
see	point	collocation	100	wiktionary
see	reason	collocation	418	wiktionary
see	red	idiom	21	wiktionary
see	sense	collocation	28	wiktionary
see	service	collocation	100	wiktionary
see	sun	idiom	287	dimsum16+streusle-5.0
see	up	phrasal-verb	27	corpus
see	wolf	collocation	148	wiktionary
see	world	collocation	402	wiktionary
seek	asylum	candidate	35	corpus
seek	fortune	collocation	448	wiktionary
seek	grail	candidate	29	corpus
seek	out	phrasal-verb	298	corpus
seek	protection	candidate	114	corpus
seek	refuge	candidate	411	corpus
seek	repose	candidate	59	corpus
seek	safety	candidate	132	corpus
seek	shelter	candidate	387	corpus
seek	solitude	candidate	30	corpus
seem	age	candidate	38	corpus
seem	content	candidate	20	corpus
seem	incapable	candidate	21	corpus
seem	pity	candidate	46	corpus
seem	queer	candidate	33	corpus
seem	sort	candidate	54	corpus
seem	trifle	candidate	24	corpus
seem	worthy	candidate	31	corpus
seize	bridle	candidate	71	corpus
seize	day	idiom	8	wiktionary
seize	opportunity	idiom	339	wiktionary
seize	wrist	candidate	32	corpus
select	site	candidate	44	corpus
select	spot	candidate	71	corpus
sell	ass	collocation	6	wiktionary
sell	birthright	candidate	24	corpus
sell	body	collocation	12	wiktionary
sell	cargo	candidate	22	corpus
sell	estate	candidate	52	corpus
sell	flesh	candidate	21	corpus
sell	furniture	candidate	21	corpus
sell	goods	candidate	115	corpus
sell	liquor	candidate	23	corpus
sell	merchandise	candidate	29	corpus
sell	out	phrasal-verb	26	corpus
sell	slave	candidate	54	corpus
sell	soul	idiom	78	wiktionary
sell	ticket	candidate	26	corpus
sell	ware	candidate	35	corpus
send	ambassador	candidate	184	corpus
send	angel	candidate	85	corpus
send	away	phrasal-verb	20	corpus
send	back	collocation	73	wiktionary
send	commissioner	candidate	32	corpus
send	courier	candidate	41	corpus
send	crier	candidate	21	corpus
send	delegate	candidate	22	corpus
send	deputation	candidate	69	corpus
send	detachment	candidate	50	corpus
send	down	phrasal-verb	156	corpus
send	embassy	candidate	198	corpus
send	emissary	candidate	26	corpus
send	envoy	candidate	129	corpus
send	herald	candidate	150	corpus
send	iris	candidate	48	corpus
send	message	idiom	833	wiktionary
send	messenger	candidate	1175	corpus
send	off	phrasal-verb	210	corpus
send	out	phrasal-verb	855	corpus
send	telegram	candidate	72	corpus
send	up	phrasal-verb	330	corpus
send	word	idiom	883	wiktionary
separate	combatant	candidate	35	corpus
serve	apprenticeship	candidate	42	corpus
serve	coffee	candidate	21	corpus
serve	notice	collocation	12	wiktionary
serve	out	phrasal-verb	39	corpus
serve	purpose	candidate	526	corpus
serve	repast	candidate	24	corpus
serve	time	idiom	50	wiktionary
serve	turn	idiom	70	wiktionary
serve	up	phrasal-verb	171	corpus
set	back	idiom	39	wiktionary
set	bar	idiom	3	wiktionary
set	down	phrasal-verb	410	corpus
set	example	collocation	298	wiktionary
set	fire	idiom	850	conceptnet-5.7+vnc-tokens-cook2008
set	foot	collocation	664	wiktionary
set	land	collocation	8	wiktionary
set	light	collocation	60	wiktionary
set	loose	collocation	3	wiktionary
set	off	phrasal-verb	253	corpus
set	out	phrasal-verb	1298	corpus
set	pace	collocation	28	wiktionary
set	right	collocation	14	wiktionary
set	sail	collocation	488	wiktionary
set	snare	candidate	84	corpus
set	spell	idiom	7	wiktionary
set	stage	idiom	8	wiktionary
set	straight	idiom	14	wiktionary
set	table	collocation	243	wiktionary
set	tone	collocation	5	wiktionary
set	trap	candidate	184	corpus
set	up	phrasal-verb	1957	corpus
set	wit	candidate	57	corpus
settle	account	idiom	66	wiktionary
settle	affair	candidate	140	corpus
settle	dispute	candidate	183	corpus
settle	hash	idiom	6	wiktionary
settle	matter	candidate	422	corpus
settle	quarrel	candidate	64	corpus
settle	question	candidate	274	corpus
settle	score	idiom	11	wiktionary
sever	bond	candidate	24	corpus
sever	connection	candidate	33	corpus
sever	head	candidate	160	corpus
sew	machine	candidate	24	corpus
sew	seam	candidate	28	corpus
sew	shirt	candidate	20	corpus
sew	skin	candidate	22	corpus
sew	up	phrasal-verb	91	corpus
shade	brow	candidate	22	corpus
shade	eye	candidate	195	corpus
shake	earth	candidate	105	corpus
shake	fist	candidate	234	corpus
shake	head	collocation	3493	wiktionary
shake	leg	idiom	17	wiktionary
shake	mane	candidate	31	corpus
shake	off	phrasal-verb	246	corpus
shake	out	phrasal-verb	68	corpus
shake	rattle	candidate	52	corpus
shake	up	phrasal-verb	20	corpus
shalt	die	candidate	31	corpus
shalt	find	candidate	20	corpus
shape	course	candidate	86	corpus
shape	destiny	candidate	21	corpus
share	bed	collocation	72	wiktionary
share	booty	candidate	25	corpus
share	fate	candidate	350	corpus
share	hospitality	candidate	20	corpus
share	lot	candidate	32	corpus
share	peril	candidate	22	corpus
share	spoil	candidate	40	corpus
share	throne	candidate	57	corpus
share	toil	candidate	20	corpus
share	triumph	candidate	20	corpus
sharpen	appetite	candidate	23	corpus
sharpen	knife	candidate	116	corpus
sharpen	tooth	candidate	26	corpus
sharpen	wit	candidate	31	corpus
shave	beard	candidate	54	corpus
shave	head	candidate	177	corpus
shave	off	phrasal-verb	27	corpus
sheath	sword	candidate	68	corpus
sheathe	sword	collocation	34	wiktionary
shed	blood	idiom	485	wiktionary
shed	drop	candidate	37	corpus
shed	flood	candidate	32	corpus
shed	light	candidate	219	corpus
shed	lustre	candidate	36	corpus
shed	radiance	candidate	21	corpus
shed	ray	candidate	40	corpus
shed	skin	collocation	14	wiktionary
shed	tear	idiom	873	wiktionary
shell	pea	candidate	22	corpus
shew	gratitude	candidate	22	corpus
shift	ground	collocation	24	wiktionary
shift	position	candidate	72	corpus
shift	quarter	candidate	24	corpus
shine	armor	candidate	54	corpus
shine	armour	candidate	65	corpus
shine	brass	candidate	24	corpus
shine	down	phrasal-verb	22	corpus
shine	eye	candidate	151	corpus
shine	hair	candidate	74	corpus
shine	leaf	candidate	21	corpus
shine	metal	candidate	24	corpus
shine	out	phrasal-verb	80	corpus
shine	silver	candidate	36	corpus
shine	star	candidate	42	corpus
shine	steel	candidate	22	corpus
shine	sun	candidate	25	corpus
ship	sea	collocation	4	wiktionary
shiver	lance	candidate	31	corpus
shiver	spear	candidate	37	corpus
shoe	foot	candidate	51	corpus
shoe	horse	candidate	79	corpus
shook	fist	candidate	82	corpus
shook	frame	candidate	24	corpus
shook	head	collocation	1304	wiktionary
shook	leg	collocation	4	wiktionary
shook	off	phrasal-verb	31	corpus
shook	out	phrasal-verb	34	corpus
shoot	arrow	candidate	490	corpus
shoot	bear	candidate	59	corpus
shoot	bird	collocation	92	wiktionary
shoot	bolt	idiom	38	wiktionary
shoot	bull	idiom	4	wiktionary
shoot	cat	collocation	5	wiktionary
shoot	deer	candidate	79	corpus
shoot	down	phrasal-verb	49	corpus
shoot	duck	candidate	21	corpus
shoot	out	phrasal-verb	45	corpus
shoot	shaft	candidate	43	corpus
shoot	shot	collocation	7	wiktionary
shoot	star	candidate	47	corpus
shoot	up	phrasal-verb	55	corpus
shorten	sail	candidate	24	corpus
shot	arrow	candidate	71	corpus
shot	bolt	collocation	13	wiktionary
shoulder	gun	candidate	31	corpus
shoulder	musket	candidate	29	corpus
shoulder	rifle	candidate	24	corpus
shout	boy	candidate	63	corpus
shout	captain	candidate	33	corpus
shout	defiance	candidate	24	corpus
shout	frank	candidate	41	corpus
shout	hurrah	candidate	24	corpus
shout	out	phrasal-verb	49	corpus
shout	tom	candidate	34	corpus
shout	voice	candidate	61	corpus
show	age	collocation	14	wiktionary
show	ankle	idiom	3	wiktionary
show	appreciation	candidate	47	corpus
show	cause	collocation	24	wiktionary
show	colour	idiom	18	wiktionary
show	disposition	candidate	136	corpus
show	face	collocation	314	wiktionary
show	flag	idiom	9	wiktionary
show	gratitude	candidate	208	corpus
show	hand	collocation	73	wiktionary
show	leg	idiom	19	wiktionary
show	mettle	candidate	31	corpus
show	off	phrasal-verb	29	corpus
show	round	collocation	3	wiktionary
show	skin	collocation	15	wiktionary
show	stuff	collocation	7	wiktionary
show	symptom	candidate	94	corpus
show	want	candidate	33	corpus
show	way	collocation	401	wiktionary
show	work	collocation	39	wiktionary
shrug	shoulder	candidate	671	corpus
shut	door	collocation	1176	wiktionary
shut	down	phrasal-verb	52	corpus
shut	ear	candidate	40	corpus
shut	eye	candidate	837	corpus
shut	gate	candidate	191	corpus
shut	lid	candidate	34	corpus
shut	mouth	collocation	96	wiktionary
shut	off	phrasal-verb	33	corpus
shut	out	phrasal-verb	215	corpus
shut	tooth	candidate	34	corpus
shut	up	phrasal-verb	579	corpus
shut	window	candidate	94	corpus
sift	matter	candidate	26	corpus
sigh	anne	candidate	28	corpus
sight	island	candidate	25	corpus
sight	land	candidate	35	corpus
sign	agreement	candidate	30	corpus
sign	article	candidate	24	corpus
sign	bond	candidate	34	corpus
sign	contract	candidate	38	corpus
sign	declaration	candidate	38	corpus
sign	document	candidate	29	corpus
sign	paper	candidate	76	corpus
sign	treaty	candidate	138	corpus
sign	warrant	candidate	22	corpus
sing	ballad	candidate	69	corpus
sing	bird	candidate	93	corpus
sing	carol	candidate	39	corpus
sing	chant	candidate	58	corpus
sing	chorus	candidate	33	corpus
sing	couplet	candidate	32	corpus
sing	dancing	candidate	41	corpus
sing	dirge	candidate	51	corpus
sing	ditty	candidate	41	corpus
sing	hymn	candidate	327	corpus
sing	lay	candidate	57	corpus
sing	lullaby	candidate	46	corpus
sing	melody	candidate	34	corpus
sing	ode	candidate	25	corpus
sing	out	phrasal-verb	65	corpus
sing	praise	candidate	237	corpus
sing	psalm	candidate	90	corpus
sing	rhyme	candidate	44	corpus
sing	snatch	candidate	29	corpus
sing	song	candidate	2262	corpus
sing	strain	candidate	48	corpus
sing	tune	candidate	75	corpus
sing	verse	candidate	314	corpus
singe	hair	candidate	29	corpus
single	out	phrasal-verb	43	corpus
sink	down	phrasal-verb	25	corpus
sink	downward	candidate	20	corpus
sink	heart	candidate	34	corpus
sink	ship	candidate	80	corpus
sip	coffee	candidate	27	corpus
sip	tea	candidate	24	corpus
sit	back	idiom	8	wiktionary
sit	brooding	candidate	30	corpus
sit	down	phrasal-verb	555	corpus
sit	figure	candidate	44	corpus
sit	lady	candidate	70	corpus
sit	maiden	candidate	26	corpus
sit	out	phrasal-verb	22	corpus
sit	queen	candidate	53	corpus
sit	side	candidate	95	corpus
sit	table	candidate	33	corpus
sit	up	phrasal-verb	354	corpus
sit	upright	candidate	81	corpus
sit	weeping	candidate	31	corpus
sit	woman	candidate	158	corpus
situate	town	candidate	38	corpus
situate	village	candidate	39	corpus
skin	bear	candidate	25	corpus
skip	beat	idiom	4	wiktionary
skip	rope	idiom	12	wiktionary
skirt	coast	candidate	21	corpus
skirt	shore	candidate	43	corpus
slacken	pace	candidate	114	corpus
slacken	speed	candidate	83	corpus
slain	knight	candidate	28	corpus
slake	thirst	candidate	138	corpus
slam	door	collocation	181	wiktionary
slap	face	candidate	49	corpus
slap	knee	candidate	23	corpus
slap	thigh	candidate	26	corpus
slaughter	animal	candidate	29	corpus
slaughter	cattle	candidate	22	corpus
slaughter	ox	candidate	24	corpus
slaughter	sheep	candidate	21	corpus
slave	girl	candidate	40	corpus
slay	abel	candidate	24	corpus
slay	adversary	candidate	24	corpus
slay	demon	candidate	27	corpus
slay	dragon	candidate	173	corpus
slay	fafnir	candidate	21	corpus
slay	giant	candidate	65	corpus
slay	hector	candidate	51	corpus
slay	minotaur	candidate	33	corpus
slay	monster	candidate	117	corpus
slay	sire	candidate	26	corpus
slay	suitor	candidate	30	corpus
sleep	sleep	candidate	200	corpus
sleep	sound	candidate	67	corpus
sleep	talk	collocation	3	wiktionary
sleep	wink	collocation	20	wiktionary
slide	down	phrasal-verb	113	corpus
sling	hammock	candidate	22	corpus
slip	cable	collocation	30	wiktionary
slip	down	phrasal-verb	32	corpus
slip	mind	idiom	6	wiktionary
slip	noose	candidate	23	corpus
slip	off	phrasal-verb	45	corpus
slip	opportunity	candidate	23	corpus
slip	ring	candidate	59	corpus
slip	wind	collocation	3	wiktionary
slit	throat	idiom	8	wiktionary
smack	lip	candidate	159	corpus
smash	head	idiom	20	wiktionary
smear	blood	candidate	24	corpus
smear	face	candidate	58	corpus
smell	blood	idiom	49	wiktionary
smell	flesh	candidate	37	corpus
smell	meat	candidate	38	corpus
smell	odor	candidate	21	corpus
smell	rat	idiom	21	wiktionary
smell	smell	candidate	31	corpus
smell	smoke	candidate	43	corpus
smelt	blood	collocation	7	wiktionary
smelt	rat	collocation	15	wiktionary
smelt	smell	candidate	20	corpus
smile	dick	candidate	90	corpus
smile	face	candidate	61	corpus
smile	lip	candidate	22	corpus
smile	prescott	candidate	23	corpus
smile	smile	candidate	163	corpus
smite	breast	candidate	60	corpus
smite	down	phrasal-verb	289	corpus
smite	off	phrasal-verb	172	corpus
smite	stroke	candidate	40	corpus
smite	thigh	candidate	38	corpus
smoke	cigar	candidate	95	corpus
smoke	cigarette	candidate	99	corpus
smoke	pipe	candidate	609	corpus
smoke	tobacco	candidate	56	corpus
smooth	down	phrasal-verb	40	corpus
smooth	feather	candidate	22	corpus
smooth	hair	candidate	147	corpus
smooth	out	phrasal-verb	30	corpus
snap	finger	candidate	163	corpus
snap	jaw	candidate	23	corpus
snare	bird	candidate	28	corpus
snatch	brand	candidate	25	corpus
snatch	kiss	candidate	20	corpus
snatch	off	phrasal-verb	27	corpus
snatch	up	phrasal-verb	317	corpus
sniff	air	candidate	104	corpus
snuff	air	candidate	53	corpus
snuff	up	phrasal-verb	26	corpus
sob	out	phrasal-verb	24	corpus
soften	blow	collocation	6	wiktionary
soften	heart	candidate	199	corpus
solace	heart	candidate	20	corpus
solemnize	marriage	candidate	43	corpus
solicit	aid	candidate	28	corpus
solve	difficulty	candidate	62	corpus
solve	mystery	candidate	200	corpus
solve	problem	candidate	301	corpus
solve	puzzle	candidate	24	corpus
solve	question	candidate	67	corpus
solve	riddle	candidate	94	corpus
soothe	feeling	candidate	32	corpus
soothe	grief	candidate	34	corpus
soothe	pain	candidate	32	corpus
soothe	sorrow	candidate	26	corpus
sound	alarm	collocation	65	wiktionary
sound	bell	candidate	50	corpus
sound	blast	candidate	30	corpus
sound	call	candidate	62	corpus
sound	depth	candidate	34	corpus
sound	drum	collocation	26	wiktionary
sound	horn	candidate	192	corpus
sound	note	collocation	71	parseme-1.3-en
sound	praise	candidate	26	corpus
sound	retreat	candidate	41	corpus
sound	trumpet	candidate	121	corpus
sound	whistle	candidate	20	corpus
sow	corn	candidate	65	corpus
sow	crop	candidate	24	corpus
sow	dissension	candidate	20	corpus
sow	field	candidate	61	corpus
sow	grain	candidate	29	corpus
sow	oat	candidate	36	corpus
sow	seed	candidate	325	corpus
sow	tooth	candidate	61	corpus
sow	wheat	candidate	41	corpus
spake	king	candidate	72	corpus
spake	queen	candidate	25	corpus
span	river	candidate	23	corpus
spare	effort	idiom	23	wiktionary
spare	expense	collocation	45	wiktionary
spare	life	candidate	822	corpus
spare	pain	candidate	143	corpus
spare	rod	candidate	21	corpus
sparkle	eye	candidate	174	corpus
sparkle	gem	candidate	21	corpus
sparkle	wine	candidate	21	corpus
speak	dialect	candidate	88	corpus
speak	english	candidate	264	corpus
speak	french	candidate	98	corpus
speak	language	idiom	689	wiktionary
speak	latin	candidate	30	corpus
speak	mind	idiom	153	wiktionary
speak	out	phrasal-verb	52	corpus
speak	spanish	candidate	25	corpus
speak	truth	candidate	949	corpus
speak	up	phrasal-verb	84	corpus
speak	word	candidate	2266	corpus
spear	fish	candidate	48	corpus
speed	arrow	candidate	39	corpus
speed	flight	candidate	29	corpus
speed	shaft	candidate	20	corpus
spell	name	collocation	95	wiktionary
spell	out	phrasal-verb	28	corpus
spend	afternoon	candidate	156	corpus
spend	boyhood	candidate	28	corpus
spend	childhood	candidate	20	corpus
spend	christmas	candidate	53	corpus
spend	day	candidate	1409	corpus
spend	deal	candidate	105	corpus
spend	evening	candidate	315	corpus
spend	fortnight	candidate	22	corpus
spend	holiday	candidate	39	corpus
spend	honeymoon	candidate	22	corpus
spend	hour	candidate	675	corpus
spend	month	candidate	218	corpus
spend	morning	candidate	94	corpus
spend	night	candidate	1317	corpus
spend	penny	idiom	26	magpie+oewn-2025+pwn-3.1
spend	remainder	candidate	129	corpus
spend	summer	candidate	141	corpus
spend	time	idiom	1291	conceptnet-5.7+dimsum16+parseme-1.3-en
spend	vacation	candidate	43	corpus
spend	week	candidate	180	corpus
spend	winter	candidate	210	corpus
spend	year	candidate	582	corpus
spike	gun	candidate	28	corpus
spill	blood	collocation	73	wiktionary
spill	drop	candidate	36	corpus
spill	milk	candidate	24	corpus
spill	tea	collocation	4	wiktionary
spilt	blood	candidate	45	corpus
spin	cotton	candidate	24	corpus
spin	flax	candidate	88	corpus
spin	out	phrasal-verb	20	corpus
spin	round	collocation	3	wiktionary
spin	straw	candidate	30	corpus
spin	thread	candidate	143	corpus
spin	top	candidate	27	corpus
spin	web	candidate	55	corpus
spin	wheel	candidate	94	corpus
spin	wool	candidate	55	corpus
spin	yarn	idiom	50	wiktionary
spit	blood	idiom	7	conceptnet-5.7+magpie
spit	fire	idiom	13	wiktionary
spit	venom	collocation	8	wiktionary
splash	water	candidate	75	corpus
split	difference	idiom	6	wiktionary
split	rock	candidate	29	corpus
split	side	candidate	31	corpus
split	skull	candidate	46	corpus
split	wood	candidate	41	corpus
spoil	fun	candidate	49	corpus
spoil	market	idiom	3	wiktionary
spoil	sport	candidate	24	corpus
spout	water	candidate	27	corpus
sprain	ankle	candidate	64	corpus
spread	banquet	candidate	46	corpus
spread	bed	collocation	37	wiktionary
spread	blanket	candidate	75	corpus
spread	branch	candidate	71	corpus
spread	carpet	candidate	80	corpus
spread	cloth	candidate	152	corpus
spread	couch	candidate	44	corpus
spread	fame	candidate	65	corpus
spread	feast	candidate	139	corpus
spread	leaf	candidate	30	corpus
spread	mat	candidate	52	corpus
spread	net	candidate	77	corpus
spread	out	phrasal-verb	399	corpus
spread	report	candidate	92	corpus
spread	rug	candidate	27	corpus
spread	rumour	candidate	22	corpus
spread	sail	candidate	162	corpus
spread	table	candidate	283	corpus
spread	wing	candidate	499	corpus
spread	word	idiom	10	wiktionary
spring	leak	collocation	34	wiktionary
spring	out	phrasal-verb	75	corpus
spring	race	candidate	23	corpus
spring	up	phrasal-verb	912	corpus
sprinkle	blood	candidate	47	corpus
sprinkle	drop	candidate	35	corpus
sprinkle	meal	candidate	22	corpus
sprinkle	water	candidate	166	corpus
spur	horse	candidate	259	corpus
spur	steed	candidate	65	corpus
spy	out	phrasal-verb	101	corpus
squander	money	candidate	50	corpus
square	account	candidate	31	corpus
square	circle	idiom	11	magpie
square	mo	candidate	34	corpus
square	shoulder	candidate	35	corpus
stable	horse	candidate	46	corpus
stake	claim	idiom	19	wiktionary
stake	life	collocation	36	wiktionary
stammer	out	phrasal-verb	25	corpus
stamp	foot	candidate	371	corpus
stamp	out	phrasal-verb	33	corpus
stanch	blood	candidate	60	corpus
stanch	wound	candidate	34	corpus
stand	back	collocation	7	wiktionary
stand	chance	idiom	171	wiktionary
stand	chest	candidate	31	corpus
stand	clad	candidate	23	corpus
stand	figure	candidate	116	corpus
stand	fire	collocation	28	wiktionary
stand	firm	idiom	273	wiktionary
stand	godfather	candidate	21	corpus
stand	godmother	candidate	24	corpus
stand	ground	idiom	240	wiktionary
stand	guard	collocation	118	wiktionary
stand	hand	collocation	49	wiktionary
stand	midway	candidate	22	corpus
stand	mute	candidate	22	corpus
stand	out	phrasal-verb	165	corpus
stand	pat	idiom	4	wiktionary
stand	pillar	candidate	43	corpus
stand	sentinel	collocation	41	wiktionary
stand	sentry	collocation	30	wiktionary
stand	side	candidate	128	corpus
stand	test	candidate	112	corpus
stand	treat	idiom	7	wiktionary
stand	trial	idiom	52	wiktionary
stand	up	phrasal-verb	511	corpus
stand	upright	candidate	122	corpus
stare	eye	candidate	99	corpus
stare	moment	candidate	23	corpus
start	down	phrasal-verb	86	corpus
start	engine	candidate	30	corpus
start	hare	collocation	20	wiktionary
start	homeward	candidate	55	corpus
start	off	phrasal-verb	129	corpus
start	out	phrasal-verb	109	corpus
start	up	phrasal-verb	323	corpus
starve	beast	collocation	3	wiktionary
state	case	candidate	129	corpus
state	fact	candidate	100	corpus
station	guard	candidate	21	corpus
station	troops	candidate	20	corpus
staunch	blood	candidate	52	corpus
staunch	wound	candidate	21	corpus
stay	course	idiom	34	wiktionary
stay	flight	candidate	31	corpus
stay	hunger	candidate	21	corpus
stay	plague	candidate	41	corpus
stay	progress	candidate	30	corpus
stay	stomach	candidate	22	corpus
steady	nerve	candidate	21	corpus
steady	voice	candidate	20	corpus
steal	away	phrasal-verb	34	corpus
steal	down	phrasal-verb	24	corpus
steal	glance	collocation	97	wiktionary
steal	heart	collocation	42	wiktionary
steal	kiss	collocation	11	wiktionary
steal	march	idiom	49	wiktionary
steal	thunder	idiom	3	wiktionary
steal	up	phrasal-verb	20	corpus
steel	heart	candidate	34	corpus
steer	boat	candidate	63	corpus
steer	clear	collocation	3	wiktionary
steer	course	candidate	108	corpus
steer	ship	candidate	87	corpus
steer	vessel	candidate	38	corpus
stem	tide	idiom	48	wiktionary
step	aside	collocation	3	wiktionary
step	foot	collocation	27	wiktionary
step	forward	idiom	4	wiktionary
step	out	phrasal-verb	58	corpus
step	pace	candidate	67	corpus
step	stone	candidate	91	corpus
step	up	phrasal-verb	39	corpus
stick	claw	candidate	22	corpus
stick	knife	candidate	65	corpus
stick	needle	candidate	42	corpus
stick	nose	candidate	37	corpus
stick	out	phrasal-verb	148	corpus
stick	pin	candidate	87	corpus
stick	pole	candidate	23	corpus
stick	up	phrasal-verb	54	corpus
stir	blood	collocation	47	wiktionary
stir	finger	collocation	8	wiktionary
stir	pot	collocation	15	wiktionary
stir	up	phrasal-verb	467	corpus
stoop	down	phrasal-verb	28	corpus
stop	bit	candidate	73	corpus
stop	bleeding	collocation	32	wiktionary
stop	bullet	idiom	13	wiktionary
stop	car	collocation	37	wiktionary
stop	clock	collocation	16	wiktionary
stop	coach	candidate	20	corpus
stop	course	candidate	48	corpus
stop	crying	candidate	23	corpus
stop	ear	candidate	141	corpus
stop	flow	candidate	39	corpus
stop	hole	candidate	32	corpus
stop	leak	candidate	20	corpus
stop	mouth	candidate	89	corpus
stop	progress	candidate	62	corpus
stop	stop	candidate	43	corpus
stop	traffic	collocation	9	wiktionary
stop	up	phrasal-verb	114	corpus
storm	castle	candidate	35	corpus
storm	fort	candidate	28	corpus
storm	wall	candidate	22	corpus
straighten	face	collocation	3	wiktionary
straighten	out	phrasal-verb	45	corpus
strain	ear	candidate	80	corpus
strain	eye	candidate	282	corpus
strain	muscle	candidate	34	corpus
strain	nerve	candidate	99	corpus
strain	point	collocation	11	wiktionary
straiten	breast	candidate	51	corpus
strangle	serpent	candidate	22	corpus
stream	down	phrasal-verb	93	corpus
stream	hair	candidate	44	corpus
strengthen	defence	candidate	21	corpus
strengthen	position	candidate	56	corpus
stretch	arm	candidate	259	corpus
stretch	branch	candidate	20	corpus
stretch	leg	candidate	115	corpus
stretch	length	candidate	23	corpus
stretch	limb	candidate	111	corpus
stretch	neck	candidate	132	corpus
stretch	out	phrasal-verb	1479	corpus
stretch	plain	candidate	21	corpus
stretch	point	collocation	13	wiktionary
stretch	rope	collocation	26	wiktionary
stretch	up	phrasal-verb	42	corpus
strew	ash	candidate	25	corpus
strew	floor	candidate	38	corpus
strew	flower	candidate	32	corpus
strew	ground	candidate	50	corpus
strike	back	collocation	12	wiktionary
strike	balance	collocation	15	wiktionary
strike	bargain	collocation	130	wiktionary
strike	blow	idiom	911	wiktionary
strike	camp	collocation	29	wiktionary
strike	chord	idiom	70	wiktionary
strike	down	phrasal-verb	123	corpus
strike	fancy	collocation	32	wiktionary
strike	fear	collocation	14	wiktionary
strike	flag	idiom	21	wiktionary
strike	flint	candidate	27	corpus
strike	gong	candidate	25	corpus
strike	light	idiom	171	wiktionary
strike	match	candidate	135	corpus
strike	off	phrasal-verb	284	corpus
strike	out	phrasal-verb	79	corpus
strike	sail	collocation	18	wiktionary
strike	stroke	collocation	50	wiktionary
strike	tent	idiom	68	wiktionary
strike	terror	candidate	130	corpus
strike	up	phrasal-verb	154	corpus
strike	work	collocation	7	wiktionary
string	bow	candidate	110	corpus
strip	armour	candidate	33	corpus
strip	bark	candidate	24	corpus
strip	off	phrasal-verb	196	corpus
strip	skin	candidate	26	corpus
stroke	beard	candidate	121	corpus
stroke	cheek	candidate	35	corpus
stroke	chin	candidate	29	corpus
stroke	fur	candidate	21	corpus
stroke	hair	candidate	164	corpus
stroke	neck	candidate	27	corpus
stroll	down	phrasal-verb	22	corpus
stub	toe	candidate	21	corpus
study	law	candidate	128	corpus
study	literature	candidate	20	corpus
study	map	candidate	26	corpus
study	medicine	candidate	59	corpus
study	philosophy	candidate	35	corpus
study	problem	candidate	22	corpus
study	science	candidate	25	corpus
stuff	pocket	candidate	20	corpus
stuff	skin	candidate	20	corpus
stumble	block	candidate	73	corpus
submit	case	candidate	21	corpus
submit	question	candidate	41	corpus
subserve	purpose	candidate	29	corpus
succeed	age	candidate	36	corpus
succeed	father	candidate	205	corpus
succeed	generation	candidate	34	corpus
suck	blood	candidate	186	corpus
suck	breast	candidate	22	corpus
suck	dry	idiom	4	wiktionary
suck	egg	candidate	26	corpus
suck	milk	candidate	23	corpus
suck	out	phrasal-verb	24	corpus
suck	thumb	candidate	33	corpus
suck	up	phrasal-verb	29	corpus
suckle	child	candidate	54	corpus
suffer	agony	candidate	80	corpus
suffer	damage	candidate	29	corpus
suffer	deal	candidate	62	corpus
suffer	defeat	candidate	95	corpus
suffer	distress	candidate	20	corpus
suffer	hardship	candidate	86	corpus
suffer	harm	candidate	65	corpus
suffer	hunger	candidate	59	corpus
suffer	inconvenience	candidate	22	corpus
suffer	indignity	candidate	20	corpus
suffer	injury	candidate	72	corpus
suffer	loss	candidate	156	corpus
suffer	martyrdom	candidate	48	corpus
suffer	misery	candidate	23	corpus
suffer	pain	candidate	232	corpus
suffer	pang	candidate	47	corpus
suffer	penalty	candidate	98	corpus
suffer	persecution	candidate	29	corpus
suffer	privation	candidate	21	corpus
suffer	punishment	candidate	115	corpus
suffer	shipwreck	candidate	27	corpus
suffer	torment	candidate	54	corpus
suffer	torture	candidate	79	corpus
suffice	thee	candidate	22	corpus
suffuse	face	candidate	21	corpus
suggest	comparison	candidate	20	corpus
suggest	derivation	candidate	21	corpus
suggest	dorothy	candidate	22	corpus
suggest	possibility	candidate	52	corpus
suggest	sam	candidate	36	corpus
suggest	tom	candidate	71	corpus
suit	action	candidate	99	corpus
suit	book	idiom	5	wiktionary
suit	convenience	candidate	38	corpus
suit	fancy	candidate	43	corpus
suit	purpose	candidate	76	corpus
suit	taste	candidate	118	corpus
sum	up	phrasal-verb	139	corpus
summon	assembly	candidate	20	corpus
summon	attendant	candidate	33	corpus
summon	council	candidate	63	corpus
summon	genie	candidate	28	corpus
summon	parliament	candidate	34	corpus
summon	physician	candidate	25	corpus
summon	up	phrasal-verb	75	corpus
summon	vizier	candidate	36	corpus
summon	wazir	candidate	30	corpus
superintend	education	candidate	22	corpus
superintend	operation	candidate	25	corpus
supply	defect	candidate	22	corpus
supply	deficiency	candidate	60	corpus
supply	demand	candidate	20	corpus
supply	link	candidate	20	corpus
supply	material	candidate	47	corpus
supply	need	candidate	71	corpus
supply	place	candidate	282	corpus
supply	want	candidate	44	corpus
support	dignity	candidate	21	corpus
support	family	candidate	105	corpus
support	heaven	candidate	38	corpus
support	interpretation	candidate	22	corpus
support	roof	candidate	101	corpus
support	theory	candidate	56	corpus
support	weight	candidate	49	corpus
suppose	spirit	candidate	116	corpus
suppress	rebellion	candidate	22	corpus
suppress	smile	candidate	20	corpus
surmount	difficulty	candidate	34	corpus
surmount	obstacle	candidate	27	corpus
surpass	beauty	candidate	120	corpus
surpass	loveliness	candidate	22	corpus
surpass	other	candidate	57	corpus
surround	text	candidate	26	corpus
survey	scene	candidate	58	corpus
suspect	danger	candidate	27	corpus
suspect	design	candidate	25	corpus
suspect	evil	candidate	22	corpus
suspect	intention	candidate	24	corpus
suspect	presence	candidate	24	corpus
suspect	treachery	candidate	45	corpus
suspect	trick	candidate	33	corpus
suspend	judgment	candidate	21	corpus
suspend	operation	candidate	22	corpus
sustain	defeat	candidate	24	corpus
sustain	injury	candidate	56	corpus
sustain	loss	candidate	38	corpus
sustain	siege	candidate	20	corpus
sustain	weight	candidate	36	corpus
swaddle	clothes	candidate	60	corpus
swallow	bait	candidate	24	corpus
swallow	draught	candidate	25	corpus
swallow	lump	candidate	36	corpus
swallow	morsel	candidate	20	corpus
swallow	mouthful	candidate	42	corpus
swallow	pill	candidate	25	corpus
swallow	pride	idiom	9	wiktionary
swallow	up	phrasal-verb	179	corpus
swamp	boat	candidate	20	corpus
sware	oath	candidate	24	corpus
swarm	up	phrasal-verb	35	corpus
sway	sceptre	candidate	26	corpus
swear	allegiance	candidate	43	corpus
swear	brotherhood	candidate	23	corpus
swear	fealty	candidate	58	corpus
swear	fidelity	candidate	45	corpus
swear	friendship	candidate	35	corpus
swear	oath	candidate	368	corpus
swear	peace	collocation	10	wiktionary
swear	vengeance	candidate	22	corpus
sweat	blood	idiom	7	conceptnet-5.7+epie+magpie+pie-english
sweep	board	idiom	8	magpie
sweep	deck	idiom	20	wiktionary
sweep	down	phrasal-verb	26	corpus
sweep	dust	candidate	29	corpus
sweep	field	candidate	20	corpus
sweep	floor	candidate	98	corpus
sweep	hearth	candidate	36	corpus
sweep	out	phrasal-verb	32	corpus
sweep	up	phrasal-verb	72	corpus
swell	river	candidate	36	corpus
swell	sail	candidate	24	corpus
swell	stream	candidate	29	corpus
swell	up	phrasal-verb	29	corpus
swim	river	candidate	74	corpus
swim	stream	candidate	31	corpus
swim	up	phrasal-verb	26	corpus
swing	around	collocation	3	conceptnet-5.7+oewn-2025+pwn-3.1
swing	axe	candidate	51	corpus
swing	back	idiom	3	wiktionary
swing	cane	candidate	25	corpus
swing	censer	candidate	24	corpus
swing	club	candidate	57	corpus
swing	hammer	candidate	31	corpus
swing	leg	candidate	37	corpus
switch	tail	candidate	37	corpus
swoop	down	phrasal-verb	39	corpus
take	action	light-verb	160	wiktionary
take	advantage	idiom	1509	conceptnet-5.7+oewn-2025+parseme-1.3-en+pwn-3.1+wiki50-vincze2011
take	affair	candidate	25	corpus
take	age	candidate	22	corpus
take	aim	idiom	557	wiktionary
take	air	light-verb	180	wiktionary
take	appearance	candidate	27	corpus
take	arm	idiom	526	wiktionary
take	away	phrasal-verb	624	corpus
take	back	light-verb	104	wiktionary
take	bait	light-verb	34	wiktionary
take	bath	idiom	241	wiktionary
take	battle	candidate	36	corpus
take	beating	light-verb	9	wiktionary
take	bench	light-verb	4	wiktionary
take	birth	candidate	64	corpus
take	biscuit	idiom	24	wiktionary
take	bite	idiom	145	wiktionary
take	bow	idiom	398	wiktionary
take	breath	light-verb	554	wiktionary
take	bullet	idiom	10	wiktionary
take	cake	idiom	90	wiktionary
take	captive	light-verb	79	wiktionary
take	care	light-verb	7159	wiktionary
take	chair	light-verb	209	wiktionary
take	chance	idiom	591	wiktionary
take	charge	light-verb	953	wiktionary
take	check	light-verb	13	wiktionary
take	cloth	light-verb	77	wiktionary
take	cold	light-verb	3	wiktionary
take	command	light-verb	474	wiktionary
take	control	light-verb	21	wiktionary
take	count	idiom	44	wiktionary
take	courage	light-verb	629	wiktionary
take	course	light-verb	530	wiktionary
take	cover	idiom	47	wiktionary
take	credit	idiom	71	wiktionary
take	cross	light-verb	45	wiktionary
take	cure	idiom	8	wiktionary
take	death	candidate	38	corpus
take	decision	light-verb	19	wiktionary
take	delivery	light-verb	3	wiktionary
take	deposition	light-verb	16	parseme-1.3-en
take	dip	light-verb	22	wiktionary
take	dislike	light-verb	87	parseme-1.3-en
take	dive	idiom	18	wiktionary
take	down	phrasal-verb	588	corpus
take	dust	candidate	28	corpus
take	ear	candidate	37	corpus
take	earth	candidate	61	corpus
take	ease	light-verb	141	wiktionary
take	effect	light-verb	278	wiktionary
take	end	candidate	111	corpus
take	exception	light-verb	46	wiktionary
take	eye	candidate	179	corpus
take	face	candidate	36	corpus
take	fall	idiom	18	wiktionary
take	fancy	light-verb	531	wiktionary
take	field	light-verb	314	wiktionary
take	fifth	idiom	4	wiktionary
take	fire	idiom	282	wiktionary
take	flight	idiom	573	wiktionary
take	floor	idiom	15	magpie+oewn-2025+pwn-3.1
take	foot	candidate	91	corpus
take	form	light-verb	1254	wiktionary
take	fright	light-verb	152	wiktionary
take	god	candidate	43	corpus
take	guard	idiom	15	wiktionary
take	hair	candidate	133	corpus
take	harm	candidate	46	corpus
take	heart	idiom	474	wiktionary
take	heat	light-verb	10	wiktionary
take	heaven	candidate	22	corpus
take	heed	idiom	901	wiktionary
take	helm	light-verb	98	wiktionary
take	hike	idiom	3	wiktionary
take	hint	idiom	165	wiktionary
take	hold	light-verb	1782	wiktionary
take	home	light-verb	342	wiktionary
take	hook	light-verb	31	wiktionary
take	horn	light-verb	150	wiktionary
take	horse	light-verb	1489	wiktionary
take	hostage	light-verb	19	wiktionary
take	in	phrasal-verb	63	corpus
take	initiative	idiom	68	wiktionary
take	inventory	light-verb	30	wiktionary
take	joke	idiom	30	wiktionary
take	kind	candidate	82	corpus
take	knee	light-verb	5	wiktionary
take	knowledge	candidate	27	corpus
take	lead	idiom	367	wiktionary
take	leave	light-verb	1994	wiktionary
take	leg	candidate	20	corpus
take	legend	candidate	31	corpus
take	liberty	idiom	451	wiktionary
take	licking	light-verb	6	wiktionary
take	life	idiom	971	wiktionary
take	light	candidate	103	corpus
take	look	idiom	798	wiktionary
take	love	candidate	44	corpus
take	meaning	idiom	40	wiktionary
take	medicine	idiom	153	wiktionary
take	mind	candidate	39	corpus
take	nap	idiom	280	wiktionary
take	nature	candidate	22	corpus
take	note	light-verb	552	wiktionary
take	notice	light-verb	1728	wiktionary
take	number	light-verb	147	wiktionary
take	oath	light-verb	775	wiktionary
take	occasion	light-verb	223	wiktionary
take	off	phrasal-verb	3014	corpus
take	offence	light-verb	118	wiktionary
take	offense	light-verb	34	wiktionary
take	offensive	idiom	65	wiktionary
take	office	light-verb	94	wiktionary
take	on	phrasal-verb	21	corpus
take	opinion	candidate	22	corpus
take	out	phrasal-verb	1945	corpus
take	over	phrasal-verb	24	corpus
take	part	idiom	3628	wiktionary
take	photo	light-verb	8	conceptnet-5.7+parseme-1.3-en
take	pick	idiom	38	wiktionary
take	picture	idiom	155	wiktionary
take	pill	light-verb	32	wiktionary
take	pitch	light-verb	13	wiktionary
take	pity	light-verb	603	wiktionary
take	place	idiom	13708	conceptnet-5.7+dimsum16+oewn-2025+parseme-1.3-en+pwn-3.1+wiki50-vincze2011
take	pleasure	light-verb	782	wiktionary
take	pledge	light-verb	42	wiktionary
take	plunge	idiom	47	wiktionary
take	point	idiom	63	wiktionary
take	possession	light-verb	2415	wiktionary
take	post	light-verb	149	wiktionary
take	powder	idiom	33	wiktionary
take	precedence	light-verb	94	conceptnet-5.7+lvc-tu-roth2011
take	pride	idiom	181	wiktionary
take	provision	light-verb	80	parseme-1.3-en
take	pull	light-verb	69	wiktionary
take	refuge	idiom	1500	wiktionary
take	responsibility	light-verb	95	wiktionary
take	revenge	light-verb	333	wiktionary
take	ride	idiom	134	wiktionary
take	right	candidate	41	corpus
take	rise	light-verb	158	wiktionary
take	risk	idiom	243	wiktionary
take	roll	idiom	52	wiktionary
take	root	idiom	369	conceptnet-5.7+magpie+oewn-2025+pwn-3.1+vnc-tokens-cook2008
take	sanctuary	light-verb	44	parseme-1.3-en
take	sea	candidate	36	corpus
take	seat	light-verb	1825	wiktionary
take	shape	light-verb	648	wiktionary
take	shilling	light-verb	27	wiktionary
take	ship	light-verb	493	wiktionary
take	shipping	light-verb	5	wiktionary
take	sick	light-verb	4	wiktionary
take	sight	light-verb	35	wiktionary
take	silk	idiom	6	wiktionary
take	sin	candidate	31	corpus
take	slave	light-verb	47	wiktionary
take	sleep	candidate	72	corpus
take	soil	light-verb	7	wiktionary
take	sort	candidate	59	corpus
take	spell	candidate	37	corpus
take	stage	light-verb	34	wiktionary
take	stand	idiom	456	wiktionary
take	star	candidate	21	corpus
take	stock	idiom	89	conceptnet-5.7+magpie+oewn-2025+pwn-3.1
take	stump	light-verb	10	wiktionary
take	sun	light-verb	24	wiktionary
take	tale	candidate	52	corpus
take	thought	candidate	168	corpus
take	time	idiom	1122	wiktionary
take	to	idiom	5	wiktionary
take	toll	idiom	64	wiktionary
take	tongue	candidate	40	corpus
take	tooth	candidate	47	corpus
take	tree	candidate	100	corpus
take	trouble	light-verb	532	wiktionary
take	tumble	idiom	23	wiktionary
take	turn	light-verb	818	wiktionary
take	umbrage	light-verb	25	wiktionary
take	up	phrasal-verb	6132	corpus
take	veil	idiom	91	wiktionary
take	view	light-verb	495	wiktionary
take	voice	candidate	21	corpus
take	walk	light-verb	641	wiktionary
take	water	light-verb	308	wiktionary
take	wheel	idiom	62	wiktionary
take	wicket	light-verb	3	wiktionary
take	wife	idiom	890	wiktionary
take	wind	light-verb	44	wiktionary
take	wing	light-verb	168	wiktionary
take	world	candidate	48	corpus
talk	deal	candidate	110	corpus
talk	english	candidate	46	corpus
talk	french	candidate	33	corpus
talk	language	candidate	62	corpus
talk	matter	candidate	213	corpus
talk	politics	candidate	27	corpus
talk	sense	collocation	35	wiktionary
talk	shop	idiom	7	conceptnet-5.7+magpie+oewn-2025+pwn-3.1
talk	talk	idiom	16	wiktionary
talk	thing	candidate	84	corpus
tame	bull	candidate	43	corpus
tan	hide	idiom	22	wiktionary
tan	skin	candidate	39	corpus
tap	forehead	candidate	27	corpus
tarry	day	candidate	52	corpus
tarry	while	candidate	31	corpus
taste	blood	idiom	54	conceptnet-5.7+magpie+pie-english
taste	flesh	candidate	25	corpus
taste	food	candidate	157	corpus
taste	fruit	candidate	39	corpus
taste	joy	candidate	32	corpus
taste	meat	candidate	37	corpus
taste	morsel	candidate	26	corpus
taste	pleasure	candidate	25	corpus
taste	porridge	candidate	27	corpus
taste	sweet	candidate	36	corpus
taste	wine	candidate	65	corpus
teach	agriculture	candidate	20	corpus
teach	art	candidate	140	corpus
teach	disciple	candidate	21	corpus
teach	doctrine	candidate	95	corpus
teach	lesson	candidate	272	corpus
teach	magic	candidate	20	corpus
teach	mankind	candidate	29	corpus
teach	manners	candidate	52	corpus
teach	pupil	candidate	40	corpus
teach	school	collocation	99	wiktionary
teach	science	candidate	30	corpus
tear	asunder	candidate	33	corpus
tear	clothes	candidate	119	corpus
tear	down	phrasal-verb	85	corpus
tear	flesh	candidate	70	corpus
tear	hair	collocation	195	wiktionary
tear	off	phrasal-verb	102	corpus
tear	out	phrasal-verb	147	corpus
tear	up	phrasal-verb	170	corpus
tell	all	idiom	14	wiktionary
tell	difference	collocation	28	wiktionary
tell	falsehood	candidate	69	corpus
tell	lie	candidate	381	corpus
tell	off	phrasal-verb	45	corpus
tell	story	collocation	6162	wiktionary
tell	tale	candidate	1808	corpus
tell	time	collocation	79	wiktionary
tell	truth	idiom	1700	wiktionary
tell	untruth	candidate	26	corpus
tempt	appetite	candidate	29	corpus
tempt	fate	idiom	19	wiktionary
tempt	providence	idiom	15	conceptnet-5.7+magpie
tend	cattle	candidate	50	corpus
tend	cow	candidate	27	corpus
tend	flock	candidate	113	corpus
tend	goat	candidate	29	corpus
tend	herd	candidate	20	corpus
tend	sheep	candidate	103	corpus
test	courage	candidate	33	corpus
test	skill	candidate	28	corpus
test	strength	candidate	49	corpus
test	water	collocation	3	wiktionary
testify	gratitude	candidate	30	corpus
tether	horse	candidate	70	corpus
thank	allah	candidate	22	corpus
thank	fairy	candidate	26	corpus
thank	god	candidate	411	corpus
thank	goodness	idiom	147	conceptnet-5.7+epie
thank	heaven	candidate	354	corpus
thank	star	candidate	85	corpus
thatch	roof	candidate	20	corpus
thee	counsel	candidate	40	corpus
thee	gift	candidate	25	corpus
thin	herd	idiom	3	wiktionary
thin	rank	candidate	29	corpus
think	deal	candidate	166	corpus
think	evil	candidate	49	corpus
think	fit	candidate	86	corpus
think	mair	candidate	27	corpus
think	matter	candidate	128	corpus
think	out	phrasal-verb	80	corpus
think	scorn	candidate	27	corpus
think	sir	candidate	49	corpus
think	up	phrasal-verb	22	corpus
thread	maze	candidate	21	corpus
thread	needle	idiom	85	wiktionary
thread	way	candidate	138	corpus
threaten	destruction	candidate	34	corpus
thresh	corn	candidate	49	corpus
thresh	floor	candidate	32	corpus
thrill	adventure	candidate	26	corpus
throb	heart	candidate	25	corpus
throng	street	candidate	39	corpus
throw	away	phrasal-verb	144	corpus
throw	back	collocation	7	wiktionary
throw	bowlful	candidate	23	corpus
throw	bridge	candidate	64	corpus
throw	dice	candidate	62	corpus
throw	dirt	collocation	38	wiktionary
throw	down	phrasal-verb	767	corpus
throw	eye	idiom	45	wiktionary
throw	fit	idiom	3	wiktionary
throw	handful	candidate	116	corpus
throw	handkerchief	collocation	41	wiktionary
throw	hatchet	collocation	3	wiktionary
throw	javelin	candidate	71	corpus
throw	kiss	idiom	21	wiktionary
throw	lasso	candidate	31	corpus
throw	off	phrasal-verb	412	corpus
throw	out	phrasal-verb	337	corpus
throw	party	collocation	9	wiktionary
throw	quoit	candidate	38	corpus
throw	ray	candidate	33	corpus
throw	salt	collocation	10	wiktionary
throw	shade	collocation	28	wiktionary
throw	snowball	candidate	27	corpus
throw	up	phrasal-verb	729	corpus
throw	voice	idiom	16	wiktionary
thrust	lance	candidate	20	corpus
thrust	nose	candidate	53	corpus
thrust	out	phrasal-verb	108	corpus
thrust	spear	candidate	86	corpus
thwart	plan	candidate	43	corpus
tickle	ear	idiom	12	wiktionary
tickle	fancy	collocation	8	wiktionary
tickle	nose	candidate	20	corpus
tie	cord	candidate	50	corpus
tie	handkerchief	candidate	64	corpus
tie	knot	idiom	170	wiktionary
tie	ribbon	candidate	39	corpus
tie	rope	candidate	133	corpus
tie	string	candidate	131	corpus
tie	thread	candidate	35	corpus
tie	tongue	candidate	22	corpus
tie	up	phrasal-verb	459	corpus
tighten	belt	collocation	44	wiktionary
tighten	girth	candidate	28	corpus
tighten	string	candidate	24	corpus
till	field	candidate	70	corpus
till	ground	candidate	84	corpus
till	land	candidate	51	corpus
till	soil	candidate	71	corpus
tinkle	bell	candidate	21	corpus
tip	hand	collocation	3	wiktionary
tip	hat	idiom	10	wiktionary
tip	scale	idiom	14	wiktionary
tip	wink	collocation	4	wiktionary
tire	out	phrasal-verb	48	corpus
toe	line	idiom	9	wiktionary
toe	mark	collocation	19	wiktionary
toil	up	phrasal-verb	43	corpus
toll	bell	candidate	73	corpus
toss	ball	candidate	52	corpus
toss	cap	candidate	29	corpus
toss	coin	collocation	11	wiktionary
toss	up	phrasal-verb	74	corpus
touch	base	idiom	3	wiktionary
touch	bottom	collocation	53	wiktionary
touch	chord	collocation	42	wiktionary
touch	cloth	collocation	5	wiktionary
touch	forehead	candidate	94	corpus
touch	forelock	collocation	7	wiktionary
touch	grass	collocation	14	wiktionary
touch	ground	candidate	455	corpus
touch	hem	collocation	11	wiktionary
touch	nerve	idiom	5	wiktionary
touch	pillow	candidate	31	corpus
touch	robe	collocation	12	wiktionary
touch	sky	candidate	68	corpus
touch	strand	candidate	21	corpus
touch	wood	idiom	11	wiktionary
tow	line	collocation	3	wiktionary
trace	ancestry	candidate	21	corpus
trace	descent	candidate	107	corpus
trace	development	candidate	34	corpus
trace	footstep	candidate	23	corpus
trace	genealogy	candidate	27	corpus
trace	origin	candidate	143	corpus
trace	out	phrasal-verb	34	corpus
trace	outline	candidate	31	corpus
trace	pedigree	candidate	24	corpus
trace	resemblance	candidate	25	corpus
trail	vine	candidate	24	corpus
train	gun	candidate	20	corpus
transact	business	candidate	141	corpus
transfer	affection	candidate	21	corpus
transfer	allegiance	candidate	20	corpus
transfer	disease	candidate	24	corpus
transgress	law	candidate	45	corpus
transgress	rule	candidate	20	corpus
translate	bible	candidate	24	corpus
translate	text	candidate	23	corpus
transport	goods	candidate	20	corpus
transport	palace	candidate	23	corpus
travel	light	collocation	13	wiktionary
travel	path	candidate	85	corpus
travel	road	candidate	69	corpus
travell	distance	candidate	27	corpus
travell	mile	candidate	31	corpus
traverse	country	candidate	57	corpus
traverse	desert	candidate	29	corpus
traverse	distance	candidate	33	corpus
traverse	forest	candidate	29	corpus
traverse	mile	candidate	31	corpus
traverse	plain	candidate	27	corpus
traverse	region	candidate	20	corpus
traverse	space	candidate	22	corpus
traverse	street	candidate	28	corpus
traverse	valley	candidate	22	corpus
tread	measure	collocation	17	wiktionary
tread	path	candidate	112	corpus
tread	soil	candidate	20	corpus
tread	stage	collocation	4	wiktionary
tread	street	candidate	23	corpus
tread	water	idiom	29	conceptnet-5.7+magpie
treasure	up	phrasal-verb	28	corpus
treat	patient	candidate	23	corpus
treat	subject	candidate	138	corpus
tremble	finger	candidate	25	corpus
tremble	lip	candidate	26	corpus
trickle	down	phrasal-verb	126	corpus
trim	lamp	candidate	35	corpus
trim	sail	candidate	31	corpus
trip	up	phrasal-verb	20	corpus
trump	up	phrasal-verb	21	corpus
try	effect	candidate	93	corpus
try	experiment	candidate	257	corpus
try	fortune	candidate	209	corpus
try	hand	idiom	180	wiktionary
try	luck	collocation	309	wiktionary
try	patience	collocation	73	wiktionary
try	remedy	candidate	55	corpus
try	skill	candidate	158	corpus
try	strength	candidate	199	corpus
tryst	place	candidate	25	corpus
tuck	up	phrasal-verb	130	corpus
tumble	down	phrasal-verb	33	corpus
tumble	off	phrasal-verb	26	corpus
tune	harp	candidate	20	corpus
turn	angle	candidate	28	corpus
turn	around	collocation	4	conceptnet-5.7+dimsum16+oewn-2025+pwn-3.1
turn	away	phrasal-verb	178	corpus
turn	back	phrasal-verb	36	corpus
turn	boat	idiom	56	wiktionary
turn	coat	collocation	20	wiktionary
turn	color	idiom	9	wiktionary
turn	corner	idiom	376	wiktionary
turn	crank	collocation	32	wiktionary
turn	crimson	candidate	22	corpus
turn	down	phrasal-verb	119	corpus
turn	flank	candidate	42	corpus
turn	gray	candidate	40	corpus
turn	hair	idiom	38	wiktionary
turn	head	idiom	1905	wiktionary
turn	homeward	candidate	196	corpus
turn	knife	collocation	5	wiktionary
turn	knob	candidate	27	corpus
turn	loose	idiom	10	wiktionary
turn	off	phrasal-verb	79	corpus
turn	on	phrasal-verb	28	corpus
turn	out	phrasal-verb	707	corpus
turn	over	phrasal-verb	155	corpus
turn	page	idiom	106	wiktionary
turn	pale	candidate	277	corpus
turn	phrase	idiom	3	wiktionary
turn	profit	idiom	3	wiktionary
turn	prow	candidate	33	corpus
turn	round	phrasal-verb	26	corpus
turn	scale	idiom	76	wiktionary
turn	scarlet	candidate	23	corpus
turn	screw	idiom	7	wiktionary
turn	somersault	candidate	157	corpus
turn	sour	candidate	22	corpus
turn	south	collocation	9	wiktionary
turn	spit	candidate	48	corpus
turn	table	idiom	145	parseme-1.3-en
turn	tail	idiom	108	wiktionary
turn	tide	idiom	81	wiktionary
turn	topsy	candidate	20	corpus
turn	traitor	collocation	42	wiktionary
turn	trick	idiom	12	wiktionary
turn	turtle	idiom	17	wiktionary
turn	turvy	candidate	23	corpus
turn	up	phrasal-verb	579	corpus
turn	upside	candidate	148	corpus
twine	arm	candidate	40	corpus
twine	wreath	candidate	33	corpus
twinkle	eye	candidate	66	corpus
twirl	moustache	collocation	5	wiktionary
twist	arm	idiom	19	conceptnet-5.7+magpie
twist	knife	idiom	3	magpie
twist	neck	candidate	66	corpus
twist	rope	candidate	29	corpus
twist	tail	candidate	26	corpus
twist	up	phrasal-verb	25	corpus
unbar	door	candidate	53	corpus
unbolt	door	candidate	31	corpus
unbuckle	belt	candidate	22	corpus
unbutton	coat	candidate	23	corpus
unclasp	hand	candidate	45	corpus
uncle	john	candidate	26	corpus
unclos	eye	candidate	32	corpus
uncork	bottle	candidate	25	corpus
uncover	face	candidate	87	corpus
undergo	alteration	candidate	21	corpus
undergo	change	candidate	240	corpus
undergo	examination	candidate	30	corpus
undergo	hardship	candidate	24	corpus
undergo	modification	candidate	33	corpus
undergo	operation	candidate	27	corpus
undergo	ordeal	candidate	34	corpus
undergo	penance	candidate	27	corpus
undergo	process	candidate	47	corpus
undergo	punishment	candidate	41	corpus
undergo	transformation	candidate	44	corpus
undergo	treatment	candidate	20	corpus
undergo	trial	candidate	26	corpus
understand	language	candidate	293	corpus
understand	meaning	candidate	197	corpus
understand	motive	candidate	28	corpus
understand	situation	candidate	64	corpus
undertake	adventure	candidate	78	corpus
undertake	affair	candidate	24	corpus
undertake	conquest	candidate	20	corpus
undertake	cure	candidate	24	corpus
undertake	defence	candidate	42	corpus
undertake	enterprise	candidate	63	corpus
undertake	expedition	candidate	111	corpus
undertake	job	candidate	35	corpus
undertake	journey	candidate	188	corpus
undertake	mission	candidate	53	corpus
undertake	operation	candidate	27	corpus
undertake	quest	candidate	26	corpus
undertake	task	candidate	212	corpus
undertake	voyage	candidate	79	corpus
undo	knot	candidate	23	corpus
undo	spell	candidate	28	corpus
undo	work	candidate	61	corpus
unfasten	door	candidate	44	corpus
unfold	paper	candidate	20	corpus
unfold	plan	candidate	48	corpus
unfurl	sail	candidate	27	corpus
unharness	horse	candidate	25	corpus
unite	force	candidate	41	corpus
unlace	helm	candidate	65	corpus
unlace	helmet	candidate	48	corpus
unlock	door	candidate	318	corpus
unlock	gate	candidate	43	corpus
unpack	trunk	candidate	20	corpus
unravel	mystery	candidate	41	corpus
unsaddle	horse	candidate	21	corpus
unsheathe	sword	candidate	60	corpus
untie	bundle	candidate	24	corpus
untie	cord	candidate	33	corpus
untie	knot	candidate	89	corpus
untie	rope	candidate	32	corpus
untie	sack	candidate	21	corpus
untie	string	candidate	59	corpus
unveil	face	candidate	32	corpus
unwill	part	candidate	20	corpus
unwritten	law	idiom	3	conceptnet-5.7+epie+oewn-2025+pwn-3.1
unyoke	horse	candidate	20	corpus
uphold	cause	candidate	20	corpus
uphold	law	candidate	20	corpus
uproot	tree	candidate	102	corpus
upset	boat	candidate	23	corpus
upset	pot	collocation	10	wiktionary
urge	steed	candidate	38	corpus
urge	suit	candidate	38	corpus
use	discretion	candidate	23	corpus
use	endeavor	candidate	23	corpus
use	endeavour	candidate	41	corpus
use	head	idiom	35	wiktionary
use	phrase	candidate	131	corpus
use	up	phrasal-verb	72	corpus
usurp	authority	candidate	21	corpus
usurp	throne	candidate	66	corpus
utter	complaint	candidate	55	corpus
utter	cry	candidate	1016	corpus
utter	curse	candidate	50	corpus
utter	ejaculation	candidate	22	corpus
utter	exclamation	candidate	272	corpus
utter	groan	candidate	81	corpus
utter	growl	candidate	39	corpus
utter	howl	candidate	33	corpus
utter	imprecation	candidate	24	corpus
utter	incantation	candidate	48	corpus
utter	moan	candidate	22	corpus
utter	prophecy	candidate	27	corpus
utter	roar	candidate	51	corpus
utter	scream	candidate	112	corpus
utter	shout	candidate	129	corpus
utter	shriek	candidate	103	corpus
utter	sigh	candidate	50	corpus
utter	syllable	candidate	37	corpus
utter	threat	candidate	33	corpus
utter	wail	candidate	23	corpus
utter	whoop	candidate	23	corpus
utter	word	candidate	1180	corpus
utter	yell	candidate	92	corpus
vanquish	enemy	candidate	48	corpus
vanquish	foe	candidate	22	corpus
vary	degree	candidate	38	corpus
vary	success	candidate	27	corpus
veil	face	candidate	107	corpus
vent	anger	candidate	25	corpus
vent	rage	candidate	34	corpus
vent	spite	candidate	23	corpus
vent	spleen	collocation	11	wiktionary
vent	wrath	candidate	21	corpus
verify	prediction	candidate	24	corpus
verify	statement	candidate	24	corpus
veto	bill	candidate	24	corpus
view	scene	candidate	41	corpus
violate	law	candidate	86	corpus
violate	oath	candidate	25	corpus
violate	rule	candidate	20	corpus
visit	egypt	candidate	45	corpus
visit	shrine	candidate	58	corpus
visit	tomb	candidate	89	corpus
volunteer	service	candidate	28	corpus
vomit	blood	collocation	25	wiktionary
vomit	fire	candidate	20	corpus
vouchsafe	reply	candidate	23	corpus
vow	revenge	candidate	26	corpus
vow	vengeance	candidate	106	corpus
vow	vow	candidate	40	corpus
wade	river	candidate	24	corpus
wag	dog	collocation	3	wiktionary
wag	finger	idiom	5	wiktionary
wag	head	candidate	158	corpus
wag	tail	candidate	441	corpus
wag	tongue	candidate	21	corpus
wage	battle	candidate	41	corpus
wage	war	candidate	446	corpus
wage	warfare	candidate	29	corpus
wait	approach	candidate	40	corpus
wait	arrival	candidate	70	corpus
wait	chance	candidate	23	corpus
wait	command	candidate	25	corpus
wait	maid	candidate	30	corpus
wait	order	candidate	31	corpus
wait	pleasure	candidate	26	corpus
wait	return	candidate	104	corpus
wait	turn	collocation	53	wiktionary
wake	dream	candidate	20	corpus
wake	echo	candidate	62	corpus
wake	sleeper	candidate	25	corpus
wake	up	phrasal-verb	406	corpus
walk	backward	candidate	73	corpus
walk	barefoot	candidate	34	corpus
walk	beat	idiom	4	wiktionary
walk	deck	candidate	46	corpus
walk	distance	candidate	160	corpus
walk	dog	idiom	5	wiktionary
walk	down	phrasal-verb	107	corpus
walk	floor	idiom	31	wiktionary
walk	homeward	candidate	39	corpus
walk	line	idiom	6	wiktionary
walk	mile	candidate	207	corpus
walk	plank	idiom	38	wiktionary
walk	round	candidate	40	corpus
walk	side	candidate	45	corpus
walk	step	candidate	57	corpus
walk	street	candidate	104	corpus
walk	up	phrasal-verb	266	corpus
wall	up	phrasal-verb	36	corpus
want	back	collocation	4	conceptnet-5.7+vpc-baldwin2008
want	minute	candidate	20	corpus
warble	song	candidate	22	corpus
ward	off	phrasal-verb	135	corpus
warm	heart	collocation	86	wiktionary
warn	reader	candidate	27	corpus
wash	away	phrasal-verb	33	corpus
wash	clothes	candidate	178	corpus
wash	dish	candidate	189	corpus
wash	down	phrasal-verb	36	corpus
wash	dust	candidate	25	corpus
wash	face	collocation	430	wiktionary
wash	linen	candidate	42	corpus
wash	off	phrasal-verb	52	corpus
wash	out	phrasal-verb	33	corpus
wash	shirt	candidate	25	corpus
wash	shore	candidate	26	corpus
wash	sin	candidate	34	corpus
wash	stain	candidate	20	corpus
wash	up	phrasal-verb	55	corpus
wash	wound	candidate	94	corpus
waste	breath	idiom	47	wiktionary
waste	country	candidate	75	corpus
waste	day	candidate	59	corpus
waste	field	candidate	25	corpus
waste	substance	candidate	36	corpus
waste	time	idiom	550	conceptnet-5.7+dimsum16+streusle-5.0
watch	antic	candidate	20	corpus
watch	ass	collocation	4	wiktionary
watch	chance	candidate	115	corpus
watch	doing	candidate	27	corpus
watch	motion	candidate	127	corpus
watch	mouth	idiom	6	wiktionary
watch	movement	candidate	324	corpus
watch	night	candidate	100	corpus
watch	opportunity	candidate	220	corpus
watch	over	phrasal-verb	46	corpus
watch	proceedings	candidate	126	corpus
watch	step	idiom	21	wiktionary
watch	sunset	candidate	27	corpus
wave	adieu	candidate	20	corpus
wave	banner	candidate	42	corpus
wave	cap	candidate	63	corpus
wave	fan	candidate	50	corpus
wave	farewell	candidate	42	corpus
wave	flag	candidate	77	corpus
wave	handkerchief	candidate	144	corpus
wave	hat	candidate	117	corpus
wave	plume	candidate	44	corpus
wave	torch	candidate	46	corpus
wave	wand	candidate	148	corpus
weaken	force	candidate	26	corpus
wear	apparel	candidate	39	corpus
wear	apron	candidate	51	corpus
wear	armor	candidate	65	corpus
wear	badge	candidate	58	corpus
wear	bonnet	candidate	58	corpus
wear	boot	candidate	97	corpus
wear	bracelet	candidate	39	corpus
wear	breech	candidate	31	corpus
wear	cap	candidate	382	corpus
wear	chaplet	candidate	21	corpus
wear	cloak	candidate	177	corpus
wear	clothing	candidate	68	corpus
wear	coat	candidate	247	corpus
wear	collar	candidate	75	corpus
wear	costume	candidate	73	corpus
wear	crown	candidate	487	corpus
wear	diadem	candidate	27	corpus
wear	doublet	candidate	24	corpus
wear	dress	candidate	532	corpus
wear	earring	candidate	20	corpus
wear	fillet	candidate	22	corpus
wear	frock	candidate	51	corpus
wear	garb	candidate	64	corpus
wear	garland	candidate	54	corpus
wear	garment	candidate	181	corpus
wear	girdle	candidate	56	corpus
wear	glove	candidate	55	corpus
wear	gown	candidate	122	corpus
wear	hat	candidate	356	corpus
wear	headdress	candidate	23	corpus
wear	helmet	candidate	104	corpus
wear	insignia	candidate	21	corpus
wear	jacket	candidate	66	corpus
wear	livery	candidate	28	corpus
wear	mantle	candidate	86	corpus
wear	mask	candidate	153	corpus
wear	mitre	candidate	23	corpus
wear	moccasin	candidate	23	corpus
wear	necklace	candidate	78	corpus
wear	off	phrasal-verb	30	corpus
wear	ornament	candidate	91	corpus
wear	out	phrasal-verb	267	corpus
wear	overcoat	candidate	22	corpus
wear	pants	collocation	6	wiktionary
wear	petticoat	candidate	50	corpus
wear	robe	candidate	271	corpus
wear	sandal	candidate	48	corpus
wear	scarf	candidate	34	corpus
wear	shirt	candidate	111	corpus
wear	shoe	candidate	201	corpus
wear	silk	candidate	39	corpus
wear	slipper	candidate	35	corpus
wear	stocking	candidate	42	corpus
wear	tiara	candidate	23	corpus
wear	trousers	idiom	43	magpie+oewn-2025+pwn-3.1
wear	tunic	candidate	66	corpus
wear	turban	candidate	56	corpus
wear	uniform	candidate	150	corpus
wear	wig	candidate	61	corpus
wear	wreath	candidate	100	corpus
weather	point	collocation	5	wiktionary
weather	storm	idiom	37	wiktionary
weave	basket	candidate	39	corpus
weave	cloth	candidate	60	corpus
weave	fabric	candidate	20	corpus
weave	garland	candidate	30	corpus
weave	garment	candidate	29	corpus
weave	net	candidate	41	corpus
weave	robe	candidate	31	corpus
weave	spell	candidate	53	corpus
weave	thread	candidate	38	corpus
weave	web	candidate	124	corpus
wed	daughter	candidate	91	corpus
wed	princess	candidate	36	corpus
weep	loss	candidate	22	corpus
weep	sore	candidate	114	corpus
weep	tear	candidate	355	corpus
weigh	anchor	collocation	107	wiktionary
weigh	down	phrasal-verb	31	corpus
weigh	ounce	candidate	25	corpus
weigh	out	phrasal-verb	34	corpus
weigh	pound	candidate	196	corpus
weigh	ton	collocation	57	wiktionary
welcome	back	collocation	9	wiktionary
welcome	guest	candidate	58	corpus
welcome	home	collocation	12	wiktionary
welcome	return	candidate	41	corpus
welcome	stranger	candidate	51	corpus
wend	homeward	candidate	29	corpus
wend	way	candidate	367	corpus
wet	bed	idiom	3	wiktionary
wet	foot	candidate	30	corpus
wet	lip	candidate	27	corpus
wet	whistle	idiom	9	wiktionary
wheel	chair	candidate	20	corpus
wheel	horse	candidate	72	corpus
wheel	round	collocation	5	wiktionary
whet	appetite	collocation	37	wiktionary
whet	beak	candidate	20	corpus
whet	knife	candidate	23	corpus
while	away	phrasal-verb	58	corpus
while	hour	candidate	33	corpus
while	time	candidate	27	corpus
whip	out	phrasal-verb	38	corpus
whip	up	phrasal-verb	52	corpus
whisk	tail	candidate	30	corpus
whistle	tune	candidate	60	corpus
whoop	cough	candidate	70	corpus
widen	circle	candidate	23	corpus
wield	axe	candidate	40	corpus
wield	club	candidate	29	corpus
wield	hammer	candidate	20	corpus
wield	influence	candidate	28	corpus
wield	spear	candidate	46	corpus
wield	sword	candidate	130	corpus
wield	weapon	candidate	33	corpus
win	admiration	candidate	54	corpus
win	affection	candidate	100	corpus
win	applause	candidate	25	corpus
win	back	idiom	14	wiktionary
win	bet	candidate	21	corpus
win	bride	candidate	58	corpus
win	day	idiom	133	magpie
win	fame	candidate	110	corpus
win	favor	candidate	84	corpus
win	favour	candidate	108	corpus
win	fleece	candidate	40	corpus
win	heart	collocation	391	wiktionary
win	laurel	candidate	20	corpus
win	princess	candidate	112	corpus
win	prize	candidate	363	corpus
win	race	candidate	205	corpus
win	renown	candidate	83	corpus
win	spur	candidate	47	corpus
win	victory	candidate	445	corpus
win	wager	candidate	51	corpus
win	wish	candidate	53	corpus
wind	horn	candidate	53	corpus
wind	path	candidate	23	corpus
wind	thread	candidate	28	corpus
wind	up	phrasal-verb	81	corpus
wing	flight	candidate	52	corpus
wing	way	candidate	119	corpus
wink	eye	candidate	142	corpus
wipe	away	phrasal-verb	82	corpus
wipe	brow	candidate	49	corpus
wipe	drop	candidate	24	corpus
wipe	eye	idiom	373	wiktionary
wipe	forehead	candidate	73	corpus
wipe	mouth	candidate	63	corpus
wipe	nose	idiom	22	wiktionary
wipe	off	phrasal-verb	22	corpus
wipe	out	phrasal-verb	134	corpus
wipe	perspiration	candidate	72	corpus
wipe	sweat	candidate	49	corpus
wipe	tear	candidate	341	corpus
wish	joy	candidate	75	corpus
wish	luck	candidate	47	corpus
wish	other	candidate	23	corpus
wish	success	candidate	58	corpus
wish	well	collocation	11	wiktionary
withdraw	bolt	candidate	20	corpus
withdraw	support	candidate	22	corpus
withdraw	troops	candidate	77	corpus
withdraw	veil	candidate	20	corpus
wither	leaf	candidate	22	corpus
withhold	rain	candidate	22	corpus
withstand	assault	candidate	25	corpus
withstand	attack	candidate	41	corpus
withstand	shock	candidate	25	corpus
witness	ceremony	candidate	109	corpus
witness	combat	candidate	23	corpus
witness	contest	candidate	20	corpus
witness	departure	candidate	30	corpus
witness	execution	candidate	35	corpus
witness	performance	candidate	36	corpus
witness	scene	candidate	123	corpus
witness	spectacle	candidate	44	corpus
wonder	eye	candidate	78	corpus
wonder	jew	candidate	25	corpus
wonder	sort	candidate	25	corpus
wonder	tribe	candidate	23	corpus
woo	daughter	candidate	55	corpus
work	backward	collocation	10	wiktionary
work	bellow	candidate	30	corpus
work	change	candidate	48	corpus
work	charm	candidate	38	corpus
work	cure	candidate	53	corpus
work	evil	candidate	59	corpus
work	gun	candidate	31	corpus
work	harm	candidate	29	corpus
work	hole	collocation	6	wiktionary
work	line	collocation	3	wiktionary
work	magic	idiom	57	wiktionary
work	metal	candidate	25	corpus
work	mine	candidate	44	corpus
work	miracle	candidate	169	corpus
work	mischief	candidate	69	corpus
work	oracle	collocation	3	wiktionary
work	out	phrasal-verb	270	corpus
work	passage	collocation	27	wiktionary
work	spell	candidate	59	corpus
work	up	phrasal-verb	51	corpus
work	way	collocation	377	wiktionary
work	woe	candidate	28	corpus
work	wonder	candidate	101	corpus
worm	way	candidate	25	corpus
worship	deity	candidate	20	corpus
worship	god	candidate	159	corpus
worship	goddess	candidate	25	corpus
worship	idol	candidate	39	corpus
worship	image	candidate	31	corpus
worship	sun	candidate	36	corpus
worshipp	apollo	candidate	25	corpus
worshipp	deity	candidate	67	corpus
worshipp	god	candidate	177	corpus
worshipp	goddess	candidate	66	corpus
worshipp	idol	candidate	23	corpus
worshipp	sun	candidate	63	corpus
wound	up	phrasal-verb	34	corpus
wrap	blanket	candidate	56	corpus
wrap	cloak	candidate	62	corpus
wrap	mantle	candidate	31	corpus
wrap	shawl	candidate	34	corpus
wrap	up	phrasal-verb	168	corpus
wreak	vengeance	candidate	183	corpus
wreck	ship	candidate	114	corpus
wreck	vessel	candidate	44	corpus
wring	hand	candidate	729	corpus
wring	neck	candidate	158	corpus
wrinkle	brow	candidate	33	corpus
wrinkle	face	candidate	42	corpus
wrinkle	forehead	candidate	25	corpus
wrinkle	nose	candidate	23	corpus
wrinkle	up	phrasal-verb	34	corpus
write	biography	candidate	22	corpus
write	book	idiom	634	wiktionary
write	comedy	candidate	30	corpus
write	commentary	candidate	24	corpus
write	composition	candidate	33	corpus
write	down	phrasal-verb	164	corpus
write	epistle	candidate	25	corpus
write	epitaph	candidate	23	corpus
write	essay	candidate	56	corpus
write	history	candidate	312	corpus
write	letter	candidate	1338	corpus
write	memoir	candidate	22	corpus
write	novel	candidate	40	corpus
write	ode	candidate	25	corpus
write	out	phrasal-verb	131	corpus
write	pamphlet	candidate	28	corpus
write	poem	candidate	306	corpus
write	poetry	candidate	122	corpus
write	preface	candidate	34	corpus
write	tragedy	candidate	42	corpus
write	treatise	candidate	123	corpus
write	up	phrasal-verb	26	corpus
write	verse	candidate	210	corpus
yell	tom	candidate	20	corpus
yield	consent	candidate	23	corpus
yield	crop	candidate	23	corpus
yield	field	collocation	3	wiktionary
yield	fruit	candidate	42	corpus
yield	harvest	candidate	27	corpus
yield	obedience	candidate	40	corpus
yield	result	collocation	26	parseme-1.3-en
yield	up	phrasal-verb	134	corpus
yoke	chariot	candidate	25	corpus
yoke	horse	candidate	67	corpus
