# register children: words used far more than in the reference (log-odds, informative Dirichlet prior; Monroe et al. 2008); world register-stats
# register corpus 1200 books, 67029749 tokens; reference 1651 books, 114249470 tokens
# License: derived counts from public-domain texts; free, part of the open release.
you	486.64
we	278.98
had	272.82
don	264.49
was	237.56
it	225.35
said	222.20
up	216.39
ll	205.03
captain	192.80
get	191.83
mr	191.20
think	184.22
little	182.02
could	182.00
do	180.97
mrs	176.48
just	172.61
yes	171.05
going	164.77
ve	161.68
can	158.50
about	158.29
know	157.83
boys	157.30
out	152.91
miss	151.36
boat	151.24
boy	148.78
tom	144.40
oh	144.23
got	143.92
want	143.23
if	141.57
would	140.10
down	139.16
very	138.04
jack	136.59
look	136.33
what	134.87
go	133.90
were	132.49
re	131.93
to	131.67
didn	130.91
dick	127.31
seemed	126.21
room	123.05
enough	121.84
back	121.18
sure	119.42
quite	118.24
off	117.51
too	115.78
looked	115.50
moment	115.44
doctor	115.05
felt	114.84
frank	113.84
over	113.49
minutes	113.32
at	111.77
something	111.69
looking	111.55
anything	110.76
board	109.18
won	109.17
did	108.52
deck	108.17
uncle	108.07
way	107.83
much	107.01
exclaimed	106.85
she	106.54
he	106.43
us	105.70
well	104.84
cried	104.30
harry	103.03
good	102.95
school	102.37
but	102.09
course	102.06
been	101.92
right	101.15
better	100.31
few	99.66
big	98.95
aunt	98.87
wouldn	98.66
suppose	97.69
party	97.34
isn	97.15
try	97.08
here	96.74
why	95.84
thought	95.77
there	94.69
getting	94.57
feel	93.91
asked	92.82
your	92.81
along	92.71
glad	92.45
fellow	92.12
half	91.42
not	90.67
have	90.32
pretty	90.27
ship	89.67
keep	89.55
mean	89.01
soon	87.94
couldn	86.58
em	86.54
away	85.16
guns	84.44
our	84.12
as	83.82
afternoon	83.65
minute	83.42
time	83.12
hope	82.72
almost	82.09
help	81.96
shot	81.95
fellows	81.72
officer	81.66
run	81.35
girls	81.04
now	80.47
boats	80.26
like	79.78
ned	79.68
lad	79.53
they	79.35
say	79.26
gun	79.17
lieutenant	78.89
breakfast	78.69
cabin	78.61
sam	78.60
colonel	78.52
shouted	77.88
bob	77.88
dear	77.11
bit	77.05
crew	76.47
camp	76.41
tone	76.37
papa	76.33
ahead	76.25
make	76.22
on	75.68
ready	75.64
chance	74.92
haven	74.83
face	74.50
talk	74.41
forward	74.07
hour	73.99
afraid	73.80
trying	73.62
sorry	73.07
work	73.00
dollars	72.65
paul	72.64
whispered	72.59
yards	72.51
nice	72.24
knew	72.10
tell	71.63
thank	71.57
guess	71.43
joe	70.31
see	70.30
hard	70.28
am	70.24
take	69.88
tea	69.36
again	69.20
slowly	69.13
rifle	69.11
likely	69.09
wanted	69.06
stop	69.03
that	68.84
mate	68.02
doing	68.02
lads	68.00
added	67.94
morning	67.89
quietly	67.84
mamma	67.71
miles	67.70
come	67.54
while	67.54
wasn	67.53
officers	67.48
doesn	67.42
jim	67.33
chapter	67.23
poor	67.15
any	66.78
more	66.26
turned	66.00
laughed	65.85
deal	65.83
distance	65.70
across	65.50
daisy	65.32
how	65.08
dozen	65.00
feeling	64.99
wish	64.89
nearly	64.73
business	64.35
start	64.34
roger	63.93
once	63.89
started	63.85
no	63.80
surprise	63.67
really	63.54
sail	63.46
dave	63.42
replied	63.40
smile	63.07
some	62.92
ain	62.92
side	62.80
clock	62.67
stopped	62.29
ice	62.26
direction	62.11
fired	61.88
hours	61.75
fred	61.74
remarked	61.50
quiet	61.01
ought	61.00
fun	60.72
skipper	60.63
eagerly	60.60
bad	60.56
thing	60.31
anxious	60.28
tim	60.25
gone	60.24
rapidly	60.22
suddenly	60.12
next	59.76
close	59.73
steamer	59.63
week	59.57
talking	59.21
short	58.92
began	58.92
charlie	58.87
walked	58.63
quickly	58.59
rather	58.50
major	58.41
window	58.39
fort	58.27
george	58.18
rollo	57.71
nodded	57.59
nothing	57.32
bill	57.30
position	56.84
shore	56.79
bushes	56.69
watch	56.62
betty	56.60
anybody	56.60
ralph	56.59
believe	56.57
please	56.40
elsie	56.33
excitement	56.18
chair	55.96
dinner	55.94
french	55.92
tired	55.90
door	55.86
rope	55.86
front	55.68
quick	55.62
must	55.61
wait	55.60
mile	55.52
busy	55.34
attack	55.23
everything	55.20
polly	55.08
sort	55.04
able	55.00
behind	54.97
caught	54.93
might	54.89
walk	54.88
hadn	54.85
trouble	54.83
jane	54.54
schooner	54.45
expected	54.43
continued	54.33
directly	53.79
oliver	53.79
pocket	53.70
yourself	53.33
prescott	53.31
understand	53.18
long	53.14
sailor	52.96
though	52.95
muttered	52.90
several	52.81
instant	52.75
be	52.73
watching	52.54
alice	52.54
maybe	52.45
coming	52.42
hotel	52.39
waiting	52.33
water	52.17
eyes	52.12
smiled	52.08
admiral	52.06
hurried	52.02
two	51.99
cousin	51.97
thinking	51.69
dropped	51.64
gentleman	51.58
turning	51.49
lucy	51.48
couple	51.44
phil	51.43
home	51.28
andy	51.17
evidently	51.01
ben	51.00
flag	50.98
glanced	50.98
round	50.97
sharply	50.89
brig	50.83
alongside	50.82
plenty	50.73
always	50.71
plan	50.64
raft	50.48
sharp	50.47
laughing	50.39
friends	50.31
comfortable	50.14
tried	50.07
hurry	50.02
pleasant	49.98
aboard	49.95
stairs	49.86
paper	49.85
pony	49.79
shouldn	49.65
laugh	49.57
somebody	49.48
dan	49.38
heavy	49.32
care	49.31
molly	49.11
young	49.06
around	49.03
running	49.02
companion	48.79
stay	48.78
craft	48.74
firing	48.70
expect	48.66
billy	48.63
than	48.50
manage	48.38
everybody	48.24
marjorie	48.21
cuthbert	48.13
growled	48.03
before	48.00
yer	47.97
liked	47.96
certainly	47.83
moments	47.82
somehow	47.79
mind	47.78
girl	47.55
managed	47.53
rover	47.52
never	47.41
hat	47.36
decided	47.33
rough	47.29
duty	47.26
stepped	47.24
perhaps	47.09
steady	47.07
safe	47.02
put	46.99
tremendous	46.97
trip	46.90
making	46.88
remember	46.74
supper	46.73
somewhere	46.53
so	46.34
hoped	46.23
matter	46.13
kate	46.12
anxiously	45.94
plans	45.89
anyway	45.85
wonder	45.83
small	45.64
best	45.56
done	45.37
shook	45.33
smiling	45.28
followed	45.27
vessel	45.22
reply	45.10
coffee	45.08
frigate	45.07
quarter	45.02
canvas	44.94
corner	44.93
pulled	44.88
port	44.86
mary	44.78
lee	44.78
ashore	44.77
aren	44.76
funny	44.65
baby	44.62
robert	44.58
top	44.46
weeks	44.44
risk	44.39
goin	44.36
open	44.28
susan	44.17
conversation	44.17
passengers	44.11
anchor	44.09
danger	44.07
will	43.94
jerry	43.91
trail	43.89
wants	43.85
wreck	43.84
bottom	43.67
stern	43.66
edge	43.65
fanny	43.64
hot	43.53
wagon	43.51
pull	43.50
queer	43.44
nobody	43.43
scout	43.43
patty	43.40
navy	43.36
gale	43.35
woods	43.33
cavalry	43.30
voice	43.23
promptly	43.21
steadily	43.18
lesson	43.17
news	43.13
fresh	43.07
toward	43.06
bullet	43.06
adams	43.06
overboard	43.04
bobby	42.97
brown	42.96
box	42.93
low	42.73
aft	42.70
gentlemen	42.66
lessons	42.65
fortunately	42.64
thankful	42.63
hauled	42.62
glance	42.60
for	42.59
scarcely	42.52
possible	42.48
gasped	42.44
scouts	42.42
rate	42.36
interested	42.34
last	42.29
kit	42.27
meant	42.27
breeze	42.26
team	42.22
kitty	42.19
preston	42.18
arm	42.17
orders	42.05
hurt	42.02
demanded	41.98
steam	41.97
reach	41.88
picked	41.85
carriage	41.77
nora	41.73
watched	41.72
prisoners	41.69
friend	41.63
oars	41.47
pistol	41.39
monsieur	41.39
inquired	41.33
nat	41.28
anxiety	41.16
gravely	41.16
regiment	41.14
catch	41.13
seconds	41.13
inside	41.13
sergeant	41.10
easy	41.08
yacht	41.06
mike	41.02
satisfaction	40.91
street	40.82
escape	40.80
evening	40.76
brace	40.75
hear	40.73
anyhow	40.71
rifles	40.61
weather	40.53
retorted	40.50
bank	40.48
jimmy	40.40
elizabeth	40.19
looks	40.17
bye	40.12
judy	40.12
bay	40.09
move	40.03
stood	39.95
shots	39.94
desk	39.82
dad	39.80
tommy	39.80
dark	39.76
answered	39.70
ran	39.69
else	39.69
snap	39.69
interrupted	39.64
kept	39.59
find	39.58
feet	39.50
hold	39.50
until	39.47
canoe	39.40
earnestly	39.39
write	39.35
snow	39.35
perfectly	39.33
taking	39.28
pirate	39.26
ruth	39.25
sails	39.25
seamen	39.25
glass	39.24
willing	39.23
nonsense	39.20
paused	39.19
folks	39.15
worse	39.13
straight	39.10
jonas	39.06
excitedly	39.00
station	38.96
line	38.93
observed	38.86
louise	38.82
train	38.70
randolph	38.62
let	38.60
dollar	38.51
below	38.42
enemy	38.37
dashed	38.24
thoughtfully	38.12
emma	38.05
tony	38.03
murmured	38.02
spaniards	38.00
alarm	37.98
hasn	37.97
needn	37.94
lot	37.76
christy	37.75
reade	37.71
nancy	37.70
boston	37.60
stared	37.56
larry	37.55
henry	37.54
ammunition	37.49
earnest	37.46
pick	37.37
captured	37.37
myself	37.35
dorothy	37.34
landing	37.32
declared	37.27
puzzled	37.26
wire	37.25
mustn	37.18
troops	37.16
signal	37.12
cannon	37.04
badly	37.03
only	37.01
engine	36.99
savages	36.93
barney	36.92
dora	36.90
lowered	36.87
eager	36.86
bullets	36.83
naval	36.80
burst	36.77
british	36.68
should	36.66
flushed	36.60
reached	36.55
tad	36.50
hearty	36.38
washington	36.38
rush	36.35
president	36.34
tones	36.33
ourselves	36.31
hurrah	36.27
chum	36.24
bart	36.17
blue	36.16
grin	36.15
opened	36.11
shoulder	36.07
anne	36.00
returned	36.00
them	35.97
laura	35.97
exactly	35.96
job	35.94
yard	35.93
battery	35.92
wrong	35.91
rigging	35.90
excited	35.86
desperate	35.83
philip	35.79
slipped	35.76
john	35.75
showed	35.74
ask	35.72
awfully	35.71
warm	35.71
lawrence	35.70
pink	35.70
rear	35.69
disappointed	35.68
sighed	35.68
gazing	35.61
cents	35.56
johnnie	35.55
uniform	35.54
fast	35.54
martha	35.51
haul	35.49
engineer	35.47
christie	35.46
letter	35.43
opportunity	35.41
jump	35.39
robinson	35.36
blacks	35.33
reckon	35.32
keeping	35.27
yelled	35.27
large	35.20
charley	35.14
kathleen	35.11
attention	35.11
left	35.08
dot	35.06
legs	35.05
masts	35.02
me	34.96
yell	34.95
intend	34.94
stores	34.93
standing	34.89
shout	34.87
pose	34.85
silence	34.85
leaped	34.85
softly	34.82
moving	34.81
heartily	34.76
worry	34.75
cautiously	34.72
effort	34.70
thoroughly	34.70
jasper	34.66
although	34.58
nic	34.58
agreed	34.56
wondering	34.50
rupert	34.48
boatswain	34.47
stove	34.41
shoot	34.33
five	34.32
seaman	34.31
spoke	34.25
hit	34.21
thick	34.18
cottage	34.16
berth	34.14
listened	34.14
kenneth	34.11
sailors	34.11
warmly	34.02
virginia	34.01
peggy	34.00
disappointment	33.98
money	33.97
oswald	33.95
row	33.92
paddle	33.91
holland	33.91
smoke	33.90
nearer	33.87
regular	33.86
papers	33.78
jolly	33.78
lunch	33.76
difficulty	33.75
into	33.73
pushed	33.72
helped	33.70
dutch	33.69
coolly	33.68
grandma	33.65
reuben	33.64
announced	33.63
patsy	33.62
russell	33.58
greg	33.56
suggested	33.56
hesitated	33.55
pistols	33.49
jem	33.49
hungry	33.46
cheers	33.46
rooms	33.45
after	33.42
angrily	33.41
cruise	33.36
kitchen	33.32
cargo	33.32
peterkin	33.28
uncomfortable	33.22
heavily	33.18
hazel	33.18
pirates	33.13
circus	33.11
besides	33.08
floor	33.06
starboard	33.04
reginald	33.03
surprised	33.03
julia	33.00
talked	32.99
glancing	32.96
edith	32.95
join	32.93
shelter	32.92
cutter	32.92
effie	32.90
swim	32.89
gently	32.88
sight	32.86
hut	32.85
cricket	32.82
uttered	32.76
football	32.73
stanley	32.69
capture	32.68
walter	32.67
max	32.67
vincent	32.62
passed	32.61
serious	32.60
ejaculated	32.60
ay	32.56
humphrey	32.54
reef	32.50
harbour	32.46
outside	32.44
hastily	32.43
prospect	32.43
spot	32.43
needed	32.39
lincoln	32.38
anywhere	32.37
forget	32.35
drawing	32.32
cheerful	32.29
intense	32.29
tight	32.27
batteries	32.20
oscar	32.19
parlor	32.19
pete	32.18
send	32.16
leaving	32.16
pa	32.16
machine	32.16
wet	32.15
tiny	32.11
rail	32.10
however	32.10
martin	32.09
sounded	32.07
things	32.05
awful	32.04
sandford	32.00
mistake	31.99
lookout	31.98
dodge	31.95
upstairs	31.95
eh	31.95
morton	31.93
pointing	31.85
steve	31.83
irene	31.82
joke	31.81
midshipman	31.74
senor	31.71
tightly	31.71
amy	31.65
bother	31.60
infantry	31.59
dexter	31.56
ball	31.56
anna	31.56
responded	31.55
spend	31.46
revolver	31.45
wharf	31.42
joined	31.36
blankets	31.34
sudden	31.33
pockets	31.30
darling	31.30
whisper	31.24
sprang	31.20
maud	31.18
commander	31.15
finished	31.15
electric	31.12
insisted	31.12
sigh	31.12
attempt	31.11
yours	31.09
grumbled	31.09
table	31.04
staring	31.02
confederate	31.01
pilot	30.96
piece	30.95
appeared	30.91
powder	30.91
tackle	30.87
provisions	30.80
farther	30.79
instead	30.78
step	30.75
pulling	30.74
york	30.73
astern	30.73
jessie	30.73
engaged	30.71
read	30.69
cable	30.68
faster	30.67
decks	30.62
lulu	30.60
nelly	30.56
slightest	30.52
fitz	30.51
hole	30.47
nothin	30.44
negro	30.43
cool	30.41
inch	30.41
bet	30.40
sternly	30.38
post	30.37
whistle	30.37
slip	30.36
advance	30.35
daylight	30.34
chris	30.32
jones	30.30
shan	30.28
listening	30.27
squadron	30.25
fairly	30.24
rogers	30.23
hugh	30.20
gets	30.20
worked	30.17
trap	30.16
through	30.11
climb	30.09
growing	30.05
clara	30.03
evelyn	30.02
humph	30.01
carry	29.98
swept	29.95
carefully	29.93
gypsy	29.92
forecastle	29.91
frenchmen	29.86
artillery	29.85
shaking	29.85
rocks	29.79
swung	29.78
chances	29.78
darted	29.71
narrow	29.69
trust	29.68
calmly	29.66
mast	29.66
halt	29.64
crack	29.62
dining	29.61
archie	29.60
gray	29.58
josh	29.57
decidedly	29.57
muskets	29.54
startled	29.54
jackson	29.53
glided	29.51
motor	29.47
steering	29.46
jumped	29.46
happy	29.45
remark	29.45
downstairs	29.42
annie	29.42
lots	29.40
tent	29.39
amused	29.35
chairs	29.35
crusoe	29.33
edward	29.31
launch	29.30
hoisted	29.28
hilary	29.24
hallo	29.22
channel	29.20
desmond	29.20
beth	29.19
grandpa	29.16
blanket	29.16
barrel	29.10
slavery	29.10
drop	29.08
marco	29.08
putting	29.06
lantern	29.03
putnam	29.02
cleared	28.98
yankee	28.98
shut	28.96
gertrude	28.94
england	28.94
chuckled	28.93
stuff	28.90
francois	28.89
handkerchief	28.89
strong	28.88
crowd	28.87
vessels	28.80
chester	28.79
splash	28.78
spanish	28.78
tramp	28.75
carleton	28.73
american	28.72
afloat	28.70
hurriedly	28.70
calm	28.67
grinned	28.63
hilda	28.63
sylvia	28.59
winthrop	28.57
coat	28.57
one	28.56
louis	28.55
stopping	28.55
mates	28.55
ladder	28.54
halted	28.53
baxter	28.51
fighting	28.51
exclamation	28.50
new	28.48
patrol	28.48
telegraph	28.40
cotton	28.40
bully	28.38
punch	28.38
milly	28.37
yesterday	28.34
books	28.30
windows	28.28
impatiently	28.27
ledge	28.24
boxes	28.17
sloop	28.17
kick	28.16
six	28.13
caleb	28.13
opening	28.09
picnic	28.08
slight	28.08
catching	28.05
nose	28.04
forgot	28.04
rest	28.02
eliza	28.01
grace	28.01
saxe	28.00
slope	27.96
miriam	27.95
frenchman	27.94
idea	27.92
americans	27.92
boots	27.92
marian	27.91
herself	27.90
careful	27.88
platform	27.87
twenty	27.86
gazed	27.86
explosion	27.85
massa	27.84
ham	27.80
comfort	27.79
oar	27.78
clump	27.78
leslie	27.76
brigade	27.75
gwyn	27.74
hove	27.73
prairie	27.73
emily	27.69
hudson	27.69
begin	27.67
railroad	27.65
surface	27.60
point	27.60
feller	27.59
pause	27.55
knocked	27.55
cadet	27.54
hardly	27.53
awkward	27.50
flat	27.49
shock	27.49
spars	27.44
wondered	27.43
holidays	27.41
hullo	27.40
holmes	27.38
air	27.38
mister	27.38
hull	27.37
holiday	27.36
scared	27.33
rosalind	27.33
track	27.31
protested	27.30
doll	27.29
search	27.28
relieved	27.26
feelings	27.25
peter	27.24
efforts	27.24
altogether	27.21
rangers	27.19
beach	27.18
volley	27.13
bulwarks	27.12
detective	27.12
jake	27.09
arrangements	27.09
kim	27.07
musket	27.03
faces	26.95
constance	26.93
crash	26.90
frightened	26.90
starting	26.89
missed	26.84
somewhat	26.84
sentry	26.82
youngster	26.80
theodore	26.79
hurrying	26.74
cold	26.71
dean	26.70
screw	26.70
push	26.69
evident	26.68
worst	26.68
dalzell	26.68
smart	26.68
dock	26.67
regiments	26.65
interest	26.64
poole	26.61
extra	26.61
roar	26.60
towards	26.59
cheerfully	26.58
dimple	26.56
enthusiasm	26.56
fancy	26.56
kind	26.56
senior	26.54
quebec	26.54
comfortably	26.53
sound	26.53
exciting	26.53
sofa	26.53
allow	26.49
intently	26.48
fore	26.48
junior	26.46
realized	26.45
pack	26.45
nick	26.44
crews	26.43
kitten	26.43
murray	26.42
boarding	26.42
trapper	26.40
dull	26.39
easily	26.39
movement	26.38
pier	26.37
pat	26.36
rushing	26.34
irishman	26.34
panted	26.32
edgar	26.31
charge	26.29
onondaga	26.29
chums	26.28
garrison	26.23
naughty	26.23
satisfied	26.21
weren	26.20
teddy	26.20
helping	26.20
square	26.20
luncheon	26.19
rapid	26.17
trees	26.16
dash	26.12
ranch	26.12
waited	26.12
mess	26.12
roared	26.09
unpleasant	26.09
mademoiselle	26.05
invitation	26.02
saved	26.02
alfred	26.01
leigh	26.00
situation	25.99
growl	25.98
driver	25.98
flash	25.98
holding	25.98
grunted	25.98
slightly	25.97
doubt	25.96
cheery	25.94
pipe	25.93
indignantly	25.91
david	25.89
flora	25.88
expecting	25.86
log	25.84
cadets	25.80
obliged	25.79
franklin	25.78
disagreeable	25.77
roy	25.76
terribly	25.71
sara	25.71
dory	25.70
lilac	25.66
dolls	25.66
landed	25.66
jeffreys	25.65
ted	25.64
squire	25.57
dale	25.56
raymond	25.56
jacket	25.56
visitors	25.53
napoleon	25.53
secured	25.52
gig	25.46
gallop	25.45
rovers	25.44
climbing	25.43
sat	25.43
steps	25.42
center	25.41
nigel	25.40
rolled	25.38
glasses	25.37
cream	25.33
dressing	25.33
least	25.31
abruptly	25.30
faint	25.29
packed	25.27
stowed	25.23
dirty	25.23
chaps	25.23
loaded	25.22
accustomed	25.21
ripley	25.19
closed	25.18
closer	25.17
likes	25.16
wilderness	25.16
rushed	25.16
fancied	25.13
broke	25.10
delightful	25.09
went	25.09
youngsters	25.09
watson	25.08
perkins	25.07
sending	25.06
cook	25.03
unusually	25.03
unexpected	25.03
envelope	25.02
ethel	25.01
telling	25.00
logs	25.00
wilton	25.00
upset	24.99
interfere	24.98
primrose	24.94
stiff	24.94
seen	24.93
busily	24.92
queried	24.91
randy	24.91
picking	24.91
holes	24.90
groaned	24.89
comrades	24.88
trigger	24.87
griggs	24.86
fog	24.79
worried	24.79
sally	24.77
heave	24.77
crept	24.76
barn	24.74
baggage	24.73
terence	24.71
sol	24.71
columbus	24.69
fugitives	24.68
corporal	24.66
auntie	24.63
windward	24.60
sunshine	24.59
nellie	24.59
questions	24.58
shouting	24.57
wildly	24.57
steamers	24.55
philadelphia	24.55
dreadfully	24.55
mas	24.54
confident	24.52
her	24.52
tin	24.52
hello	24.51
pace	24.49
block	24.49
game	24.48
englishman	24.47
reaching	24.47
hauling	24.43
turn	24.41
willy	24.40
trousers	24.39
interposed	24.38
wyatt	24.37
pounds	24.35
dense	24.35
impossible	24.34
speed	24.34
roosevelt	24.31
teacher	24.30
hatch	24.30
sympathy	24.30
orange	24.29
broadside	24.28
scrambled	24.28
cliff	24.27
sobbed	24.27
bang	24.24
frock	24.23
biscuit	24.16
neat	24.16
spite	24.15
pierre	24.14
head	24.14
nurse	24.14
kicked	24.13
ports	24.12
accident	24.10
trunk	24.10
preparations	24.09
natured	24.06
nest	24.06
college	24.03
policeman	24.03
visitor	24.03
margery	24.03
pushing	24.03
instantly	24.01
patch	23.99
rebecca	23.99
dropping	23.98
carlos	23.91
sahib	23.90
nelson	23.90
stephen	23.90
pleasantly	23.86
marion	23.85
pump	23.85
useful	23.85
knows	23.84
soldier	23.83
telegram	23.82
scrape	23.82
tonight	23.81
trot	23.81
maynard	23.80
boom	23.75
mercer	23.74
vacation	23.70
tack	23.69
telephone	23.68
leaned	23.66
tough	23.65
signals	23.65
serge	23.64
sleigh	23.62
blockade	23.62
checked	23.61
shake	23.61
danny	23.60
lugger	23.59
matilda	23.58
noticed	23.58
overhead	23.57
arranged	23.55
sandy	23.54
james	23.51
colored	23.51
susy	23.51
fond	23.50
commodore	23.49
indians	23.49
albert	23.48
rob	23.48
smooth	23.44
jennie	23.44
genevieve	23.41
sadly	23.40
rosie	23.40
occupants	23.40
hetty	23.39
guessed	23.35
farm	23.35
stupid	23.35
leeward	23.33
passenger	23.29
jasmine	23.29
giles	23.28
richmond	23.27
paddles	23.26
struggle	23.26
kid	23.25
gangway	23.25
obed	23.25
fully	23.24
candy	23.24
pencil	23.23
bible	23.20
happen	23.18
hoarsely	23.16
rubber	23.14
dare	23.12
need	23.12
eleanor	23.11
canada	23.08
shove	23.08
sitting	23.05
newspaper	23.04
heels	23.04
harbor	23.04
faced	23.03
fuss	23.01
doris	23.01
cary	23.00
hook	22.99
someone	22.99
road	22.99
completely	22.98
shoved	22.97
hands	22.97
plymouth	22.96
railway	22.94
leave	22.91
confidence	22.91
knock	22.90
automobile	22.90
erskine	22.89
drill	22.88
wagons	22.88
faintly	22.86
inches	22.86
soldiers	22.86
grasped	22.85
shooting	22.85
came	22.81
dragged	22.81
mistaken	22.81
crowded	22.80
uniforms	22.80
tilly	22.79
mabel	22.79
zoe	22.79
cars	22.77
panther	22.77
shelf	22.76
rowing	22.76
pie	22.76
suspect	22.73
sneak	22.72
coal	22.71
johnny	22.70
lawyer	22.69
scoundrel	22.68
supply	22.68
nod	22.67
english	22.64
inquiringly	22.63
guide	22.63
shepard	22.63
handy	22.63
luc	22.62
sailing	22.61
griselda	22.58
nervously	22.58
harder	22.57
coach	22.56
climbed	22.55
concluded	22.55
sugar	22.55
delighted	22.54
swamp	22.53
gas	22.53
happened	22.53
ponies	22.52
flashed	22.52
fifty	22.52
musketry	22.51
thin	22.51
thet	22.51
sheets	22.50
trifle	22.48
forts	22.48
syd	22.47
cheering	22.47
snug	22.46
jefferson	22.46
wonderfully	22.44
brush	22.42
hesitation	22.41
grimly	22.37
sand	22.37
asleep	22.36
rodd	22.36
headquarters	22.34
belle	22.34
phyllis	22.33
marched	22.32
bentley	22.32
davis	22.32
notice	22.30
working	22.30
ensign	22.30
wounded	22.30
steer	22.27
herbert	22.27
usual	22.26
arrival	22.26
neil	22.25
pepper	22.24
juanita	22.24
ob	22.22
shipmates	22.21
daresay	22.21
sydney	22.19
mollie	22.16
still	22.15
occurred	22.15
jumping	22.13
quarters	22.11
hannah	22.11
prisoner	22.10
struggling	22.10
strolled	22.10
wonderingly	22.07
seriously	22.05
texas	22.05
cameron	22.03
juniors	22.02
trunks	22.02
jib	22.00
hooker	22.00
hammock	21.99
squad	21.98
sized	21.96
veranda	21.96
harvey	21.94
waiter	21.93
pen	21.93
gee	21.93
examining	21.92
firmly	21.92
saturday	21.90
kangaroo	21.90
lyons	21.90
scarlett	21.88
melchior	21.87
schoolroom	21.87
dennis	21.86
corny	21.84
biddy	21.84
clark	21.83
lighthouse	21.83
antonio	21.82
pointed	21.81
merrick	21.80
cab	21.80
anyone	21.80
owen	21.80
plainly	21.79
marines	21.79
march	21.77
kentucky	21.76
glimpse	21.74
tomorrow	21.74
madge	21.74
maggie	21.74
eagerness	21.74
package	21.74
sheet	21.73
ranger	21.73
nell	21.71
fifteen	21.69
store	21.69
damage	21.66
dallas	21.66
spaniard	21.65
card	21.64
engineers	21.63
cart	21.63
ticket	21.62
tons	21.61
end	21.60
git	21.58
dryly	21.56
horace	21.56
tracks	21.55
smugglers	21.54
soft	21.54
chateau	21.53
forester	21.52
approaching	21.52
gerald	21.52
snapped	21.51
clearing	21.50
hans	21.49
waved	21.49
wished	21.49
button	21.48
garret	21.48
dicky	21.47
voyage	21.44
whale	21.42
trotted	21.42
ten	21.42
mud	21.41
rigged	21.41
directions	21.40
coleman	21.40
katharine	21.39
made	21.39
lewis	21.38
warren	21.36
drake	21.35
heard	21.35
surgeon	21.35
paddled	21.34
relief	21.33
overton	21.31
sentries	21.31
companions	21.31
thoughtful	21.31
ropes	21.31
somethin	21.31
swinging	21.29
movements	21.27
wires	21.26
captors	21.26
norton	21.26
collar	21.26
sarah	21.24
gaff	21.24
grandmamma	21.23
mills	21.22
locker	21.21
cheerily	21.20
begun	21.19
crazy	21.19
armstrong	21.19
muzzle	21.18
dab	21.17
hopeful	21.16
smoking	21.13
reading	21.13
cigar	21.12
depend	21.12
jerk	21.10
nicely	21.09
presently	21.09
determined	21.08
comrade	21.07
manager	21.07
hundreds	21.07
bertram	21.06
clear	21.06
governess	21.06
steamboat	21.04
thad	21.03
gunwale	21.01
stanhope	21.01
hampton	21.00
bright	21.00
canoes	21.00
hal	21.00
stammered	20.98
silently	20.97
balloon	20.96
settled	20.94
bunny	20.93
alert	20.93
josephine	20.91
drummond	20.90
fence	20.89
pursuers	20.89
buck	20.89
letting	20.88
pixie	20.87
bunk	20.86
becky	20.86
pair	20.84
nerves	20.84
patted	20.84
ernest	20.82
kicking	20.80
shep	20.78
bertha	20.77
jet	20.77
savagely	20.77
outfit	20.76
ahoy	20.75
rowed	20.75
hester	20.75
montague	20.74
neatly	20.74
chuckle	20.73
defenders	20.73
boss	20.72
camping	20.70
hodge	20.70
walking	20.69
browning	20.69
affair	20.69
lucien	20.68
blowing	20.68
settlers	20.68
backed	20.67
hah	20.67
cut	20.67
vane	20.65
joel	20.65
bigger	20.63
telescope	20.62
twinkle	20.62
submarine	20.62
struggled	20.62
posted	20.62
squall	20.60
piano	20.60
midshipmen	20.60
lagoon	20.60
burr	20.57
fritz	20.57
ever	20.57
agnes	20.55
rose	20.55
yan	20.54
readiness	20.54
fine	20.53
plank	20.53
katie	20.50
tumble	20.50
packing	20.50
minnie	20.46
enthusiastic	20.45
unless	20.45
illustrated	20.44
tidy	20.42
cromwell	20.42
steered	20.41
violet	20.41
abe	20.41
lennox	20.40
considerably	20.37
success	20.36
desperately	20.36
frigates	20.36
shuffles	20.36
twice	20.35
bah	20.34
peered	20.33
winona	20.33
exhausted	20.33
canyon	20.33
sounds	20.32
breakers	20.31
wade	20.30
leading	20.30
cheered	20.30
swimming	20.29
laughingly	20.29
slipping	20.29
grinning	20.28
polite	20.28
coil	20.27
russians	20.26
grocery	20.26
caterpillar	20.26
ones	20.25
pet	20.24
adair	20.23
gymnasium	20.22
moved	20.22
dolly	20.22
patting	20.22
wind	20.21
staggered	20.21
nasty	20.21
ada	20.20
birthday	20.20
inclined	20.19
faltered	20.18
dangerous	20.18
troopers	20.18
paddling	20.17
boone	20.17
uv	20.17
priscilla	20.16
hoping	20.16
cis	20.16
tumbled	20.15
another	20.14
corrie	20.12
olga	20.12
discovered	20.12
wolfe	20.11
dry	20.10
marlborough	20.10
uneasily	20.08
mutiny	20.08
biscuits	20.08
topsail	20.07
stand	20.06
galloped	20.06
puff	20.04
fellers	20.04
cove	20.03
flushing	20.02
terrible	20.02
amusement	20.00
astonishment	20.00
cordelia	20.00
carey	19.99
silas	19.97
helpless	19.97
spent	19.96
riddell	19.96
chick	19.95
poop	19.95
breathlessly	19.94
kenrick	19.93
trappers	19.93
fleet	19.92
matches	19.92
arn	19.92
considerable	19.92
morrow	19.92
tunnel	19.92
barrels	19.90
seward	19.90
maurice	19.90
thompson	19.90
loading	19.88
miranda	19.88
alarmed	19.87
encampment	19.87
volunteered	19.86
abreast	19.86
uneasy	19.84
keenly	19.83
dinah	19.82
enable	19.82
azalea	19.81
walt	19.80
springing	19.80
yelling	19.80
mutineers	19.77
rescue	19.77
hats	19.77
bedroom	19.77
dears	19.77
rum	19.76
silent	19.76
severely	19.76
echoed	19.76
crashing	19.75
easier	19.74
cheer	19.74
baltimore	19.73
curtis	19.72
odd	19.71
brightly	19.71
jerked	19.70
betsy	19.70
training	19.70
kingston	19.69
lumber	19.69
attacked	19.69
dona	19.68
behave	19.68
lively	19.68
jeanne	19.68
clean	19.68
kennedy	19.67
vigorously	19.67
hamilton	19.67
earnestness	19.66
coldly	19.65
forenoon	19.64
campaign	19.63
joanna	19.63
gus	19.62
harriet	19.62
rolling	19.61
barque	19.60
scoundrels	19.60
whiskers	19.58
enjoying	19.57
briskly	19.57
rang	19.57
bonnet	19.56
santa	19.55
drive	19.55
leopold	19.55
pay	19.54
chloe	19.54
larger	19.54
nearest	19.53
albany	19.53
riley	19.53
casks	19.53
cabins	19.53
wheel	19.52
marston	19.51
behaved	19.51
rap	19.51
miner	19.51
gliding	19.50
colony	19.50
winn	19.48
hoarse	19.47
creek	19.47
caution	19.47
emergency	19.46
temper	19.45
adrift	19.45
rooney	19.45
cousins	19.44
whistled	19.43
dumps	19.42
wheeled	19.42
depot	19.41
timber	19.41
explorers	19.40
club	19.40
flush	19.39
slide	19.38
ugh	19.38
herr	19.37
pennie	19.37
chatting	19.37
todd	19.37
christmas	19.36
anchored	19.35
eggs	19.35
sheikh	19.35
hoist	19.34
eleven	19.34
bits	19.32
connie	19.31
derrick	19.30
stockade	19.30
aroused	19.29
gif	19.29
nathan	19.28
approached	19.27
doubtfully	19.27
hartley	19.26
horizon	19.26
slaver	19.26
kemp	19.24
carpenter	19.24
meeting	19.22
brigantine	19.22
sid	19.21
blocks	19.20
stepping	19.20
gained	19.19
cartridges	19.18
play	19.18
tumbling	19.17
orleans	19.16
rajah	19.16
bows	19.15
basket	19.14
salle	19.10
ann	19.09
pauline	19.09
gasp	19.09
rascals	19.07
alvarez	19.06
bag	19.05
iss	19.04
splendid	19.04
awake	19.04
redskins	19.02
hunters	19.02
cutlass	19.01
leaning	19.01
pumps	19.01
governor	19.00
cared	19.00
keith	18.99
speaker	18.99
sneered	18.98
exertions	18.98
hospital	18.97
enjoyed	18.97
yells	18.96
battalion	18.95
yorke	18.93
luggage	18.93
studying	18.92
caspar	18.92
politely	18.91
peering	18.90
assistance	18.89
building	18.88
brightened	18.88
boarders	18.87
annapolis	18.86
clinging	18.84
cocoa	18.83
advanced	18.81
nap	18.81
trio	18.81
sewing	18.81
office	18.80
interview	18.79
trained	18.78
tug	18.77
cortez	18.76
wistfully	18.75
mildred	18.75
finish	18.75
cabot	18.74
stout	18.74
maryland	18.72
perspiration	18.71
sensation	18.71
announcement	18.71
briggs	18.70
gage	18.68
ronald	18.68
load	18.67
davy	18.67
farley	18.66
stick	18.66
mason	18.65
bobtail	18.65
snarled	18.65
fortnight	18.63
afford	18.62
ashamed	18.62
warde	18.61
sinking	18.61
drawer	18.60
floating	18.59
progress	18.58
noll	18.58
grange	18.58
discipline	18.58
assailants	18.57
leader	18.56
despatches	18.54
rocket	18.54
ester	18.53
stunned	18.53
jimmie	18.52
torpedo	18.52
delia	18.52
yale	18.52
sauntered	18.51
gary	18.51
tall	18.51
lisle	18.50
bell	18.50
fur	18.50
flannel	18.50
longer	18.49
maria	18.49
haynes	18.49
lose	18.48
bounce	18.48
choking	18.48
pressed	18.46
matty	18.46
escaped	18.45
fastened	18.44
hakim	18.44
ella	18.41
montcalm	18.41
escaping	18.41
skinny	18.41
ribbon	18.40
sled	18.39
kenton	18.38
staying	18.38
handkerchiefs	18.36
excursion	18.36
grip	18.35
wos	18.35
disgust	18.35
thornton	18.33
dashing	18.31
frowned	18.31
confederates	18.31
sidewalk	18.30
schoolhouse	18.29
spectacles	18.28
crouched	18.27
biggest	18.27
slid	18.26
scene	18.25
aunty	18.24
mainsail	18.24
smaller	18.23
sheltered	18.22
patiently	18.21
sides	18.21
nodding	18.20
rosamund	18.18
conrad	18.18
noddy	18.18
sophy	18.18
spar	18.18
leather	18.17
shallow	18.17
shrugged	18.17
optic	18.16
lester	18.16
holt	18.16
army	18.15
energy	18.15
sah	18.14
seymour	18.14
blunt	18.12
manned	18.12
stockings	18.12
pleased	18.12
corridor	18.11
lovell	18.11
firearms	18.10
hotly	18.09
sammy	18.09
nassau	18.09
hush	18.09
stuck	18.09
match	18.08
knowed	18.08
commented	18.08
husky	18.06
already	18.05
handle	18.04
rene	18.04
emphasis	18.03
toast	18.02
pond	18.02
mother	18.02
teams	18.02
quartermaster	18.02
gruffly	18.02
dunno	18.01
apiece	18.01
gruff	18.00
fairfield	18.00
topsails	17.99
julie	17.99
laying	17.98
cuba	17.98
successful	17.97
eight	17.97
unusual	17.96
give	17.96
locked	17.96
mayn	17.94
hiding	17.94
carriages	17.92
chilian	17.92
undergrowth	17.92
traps	17.91
bein	17.91
thickly	17.90
commenced	17.89
skates	17.89
ankle	17.88
gloves	17.87
ludar	17.87
cordially	17.87
overland	17.87
willet	17.86
resistance	17.85
affectionate	17.85
destination	17.85
huguenots	17.85
abel	17.85
katy	17.85
gascoyne	17.84
convinced	17.84
horribly	17.81
bounded	17.81
whatever	17.80
theresa	17.80
ascertain	17.79
enthusiastically	17.79
hailed	17.76
glynn	17.75
traveling	17.75
shure	17.75
jose	17.75
chart	17.75
triumphantly	17.74
sorts	17.74
tew	17.74
bowsprit	17.74
electricity	17.74
publishers	17.73
excuse	17.72
housekeeper	17.72
neal	17.72
ryan	17.71
foreman	17.70
lanthorn	17.69
breaker	17.69
wrecked	17.68
response	17.68
sharks	17.67
piazza	17.67
cocked	17.66
tode	17.66
freshman	17.65
shoal	17.64
shouts	17.64
fletcher	17.64
dinny	17.63
cruiser	17.62
soup	17.61
cape	17.61
gloomily	17.60
clover	17.59
florence	17.59
cheeks	17.59
waving	17.58
furiously	17.58
nugget	17.58
socks	17.57
buy	17.56
violently	17.56
mammy	17.55
cicely	17.54
ducks	17.53
rachel	17.52
advancing	17.52
splashing	17.52
propose	17.51
leg	17.50
hatchway	17.50
grub	17.50
southward	17.50
kendall	17.49
jed	17.49
chat	17.48
intended	17.48
shirley	17.48
pursuit	17.47
loman	17.46
level	17.46
voices	17.45
brook	17.45
miserable	17.44
everyone	17.44
hank	17.43
disposed	17.42
netherlands	17.42
sank	17.41
struck	17.41
laughter	17.41
pausing	17.40
bottle	17.40
stuart	17.39
overheard	17.38
cover	17.38
forrester	17.38
visit	17.37
magnet	17.37
walrus	17.37
doorway	17.37
corvette	17.36
panting	17.36
bills	17.36
ached	17.35
column	17.35
palmerston	17.35
cruising	17.34
wellington	17.34
somers	17.33
protestants	17.33
shoes	17.33
tiller	17.33
call	17.32
lawless	17.32
safely	17.31
shanter	17.30
clam	17.30
francisco	17.30
nerve	17.29
naturalist	17.29
shy	17.28
lucky	17.27
godfrey	17.27
thoughts	17.27
wiping	17.27
willoughby	17.26
packages	17.25
retreat	17.25
learn	17.25
crackers	17.25
revolvers	17.24
pee	17.24
pierson	17.23
damaged	17.22
nub	17.22
instructions	17.22
main	17.21
scrambling	17.21
neared	17.21
soberly	17.21
realize	17.20
scare	17.19
potatoes	17.18
use	17.18
nautical	17.17
grateful	17.17
questioned	17.16
range	17.16
compton	17.16
tools	17.15
trent	17.15
commandant	17.15
rhoda	17.15
northward	17.15
exertion	17.14
injun	17.14
rising	17.13
crawl	17.13
injuns	17.13
advantage	17.12
horrified	17.12
crossed	17.11
francesca	17.10
messmates	17.09
size	17.09
gorman	17.08
seizing	17.08
cooking	17.08
campus	17.07
pani	17.07
rufus	17.06
trick	17.05
cliffs	17.05
walters	17.04
oughtn	17.03
warner	17.03
ailie	17.02
floated	17.02
lights	17.01
bowie	17.01
trim	17.01
stiffly	17.00
ambrose	17.00
lizzie	17.00
pennington	17.00
bluff	16.99
aware	16.99
sambo	16.99
leisurely	16.97
harpoon	16.97
dodo	16.97
venture	16.97
nicer	16.96
knife	16.96
question	16.96
adelaide	16.96
crawled	16.96
wyndham	16.96
terrific	16.94
report	16.94
buoy	16.94
gaining	16.94
gunboat	16.94
stumps	16.94
intensely	16.93
jungle	16.93
daddy	16.93
portsmouth	16.92
gunner	16.92
lace	16.92
towed	16.92
damp	16.92
sticking	16.91
abner	16.91
tiresome	16.91
straightened	16.89
undertone	16.88
obeyed	16.87
josiah	16.86
clothes	16.86
avenue	16.86
mainmast	16.86
color	16.85
dickon	16.84
gaston	16.83
umbrella	16.83
arnold	16.83
realised	16.83
topmast	16.83
screwed	16.82
assist	16.82
fever	16.81
assented	16.81
larboard	16.81
parade	16.81
steerage	16.80
remainder	16.79
sunday	16.79
bayonets	16.79
consultation	16.78
muddy	16.78
slade	16.77
messmate	16.77
hugged	16.77
puritans	16.77
florida	16.77
safer	16.77
bradley	16.77
courtenay	16.77
slow	16.76
stirring	16.75
pants	16.75
larva	16.75
mortimer	16.74
denham	16.74
planks	16.74
chaise	16.74
ellen	16.73
affectionately	16.73
grizzly	16.72
hake	16.72
swing	16.71
kittens	16.71
squirrels	16.70
dragging	16.68
invalid	16.67
shabby	16.66
attractive	16.65
privateers	16.64
grenfell	16.63
attacking	16.63
kindly	16.63
canal	16.62
privateer	16.61
huts	16.61
scouting	16.60
dewey	16.59
berths	16.58
grog	16.58
arctic	16.58
saving	16.57
insects	16.57
hooray	16.56
whereabouts	16.56
yah	16.56
weston	16.56
flank	16.55
skating	16.54
dormitory	16.54
carson	16.54
conductor	16.52
rudolph	16.52
handing	16.52
hammocks	16.52
saw	16.52
pillow	16.52
fitted	16.51
intentions	16.50
accompany	16.50
screws	16.50
burglar	16.49
chicago	16.49
hodson	16.49
cutlasses	16.48
thure	16.48
cummings	16.48
galloping	16.47
lifeboat	16.46
finding	16.46
georgie	16.46
frewen	16.45
succeeded	16.44
shanty	16.44
whistling	16.44
pasha	16.44
timbers	16.42
bess	16.41
tickets	16.41
reefs	16.41
chocolate	16.41
pleaded	16.40
huskily	16.40
punt	16.40
cartridge	16.39
expedition	16.39
arter	16.39
meekly	16.38
jessica	16.38
assure	16.38
dillon	16.38
planning	16.37
annoyed	16.36
mustang	16.36
pickles	16.36
jeff	16.36
bladud	16.36
bert	16.36
foremast	16.36
breathless	16.36
burke	16.35
wych	16.35
mebbe	16.34
suspiciously	16.34
america	16.34
gutenberg	16.34
lined	16.34
nieces	16.33
whoop	16.33
packet	16.32
magazines	16.31
whew	16.31
yankees	16.31
vince	16.31
seniors	16.31
bass	16.30
retreating	16.28
noise	16.28
bucket	16.27
plucky	16.27
naturedly	16.26
merchantmen	16.25
douglass	16.24
rascal	16.24
hopkins	16.24
lumley	16.23
englishmen	16.23
ventured	16.23
hesitating	16.22
malcolm	16.22
honest	16.22
command	16.22
stanton	16.20
congratulate	16.20
manoeuvre	16.20
massachusetts	16.20
suspicious	16.19
beds	16.19
humor	16.18
heathcote	16.18
sweeping	16.18
carrie	16.18
cavendish	16.17
stream	16.17
elbow	16.17
luis	16.16
explained	16.16
gladys	16.16
leonard	16.14
hug	16.14
codfish	16.14
friendly	16.13
susie	16.13
connor	16.13
academy	16.13
huh	16.12
retreated	16.11
lieutenants	16.10
reinforcements	16.10
sheridan	16.09
carelessly	16.07
chuck	16.07
selfish	16.06
rah	16.05
soundly	16.05
blake	16.04
curiosity	16.04
lloyd	16.04
bicycle	16.04
hitting	16.04
squaws	16.04
plantation	16.04
elfric	16.03
compelled	16.03
gregory	16.02
programme	16.01
barracks	16.00
choked	15.99
cowardly	15.99
useless	15.98
elise	15.98
butler	15.97
shrubbery	15.97
winnie	15.97
tremendously	15.95
templeton	15.94
wally	15.94
shopping	15.94
drifted	15.93
dotted	15.93
cork	15.91
thinkin	15.91
strawberries	15.90
floe	15.90
wingate	15.90
giving	15.89
meade	15.89
katherine	15.88
fremont	15.88
fairfax	15.88
tucked	15.88
endeavouring	15.87
clumsy	15.87
suspense	15.86
pail	15.86
assistant	15.85
cynthia	15.85
scrap	15.84
prospero	15.84
steak	15.82
today	15.82
towing	15.82
impatient	15.82
jackets	15.82
hurricane	15.81
coxswain	15.81
car	15.80
ride	15.80
toes	15.79
sandwiches	15.79
mart	15.79
startling	15.79
carter	15.78
brilliant	15.76
cad	15.76
indies	15.75
squarely	15.75
disturbed	15.75
doin	15.75
admiringly	15.74
odds	15.73
maple	15.73
bayonet	15.73
nance	15.72
lasso	15.71
cruisers	15.71
coote	15.71
fists	15.71
keel	15.70
esmeralda	15.70
thrill	15.70
kite	15.70
portia	15.70
inglis	15.69
approval	15.69
lawn	15.69
hopeless	15.69
hain	15.68
settle	15.68
rona	15.68
starve	15.67
cupboard	15.67
meal	15.67
josie	15.67
opposite	15.66
inga	15.66
carroll	15.66
melbourne	15.66
ee	15.65
iceberg	15.65
headway	15.65
force	15.65
sponge	15.65
gulch	15.64
soap	15.64
steamed	15.63
showing	15.63
gentlemanly	15.62
frown	15.62
prompt	15.61
henley	15.61
aps	15.61
hisself	15.61
boarded	15.60
patricia	15.60
bangs	15.60
fleetwood	15.60
stumpy	15.59
frantically	15.59
vegetables	15.59
valise	15.59
edwards	15.59
freddy	15.58
gradually	15.57
detachment	15.57
watty	15.57
mynheer	15.57
texan	15.56
claud	15.56
reproachfully	15.56
grasping	15.55
sophia	15.55
trenches	15.54
bustle	15.54
philippa	15.54
brick	15.54
onto	15.54
check	15.53
company	15.53
cask	15.53
pleasanter	15.53
camera	15.53
determination	15.53
cornwallis	15.53
frocks	15.53
task	15.52
grunt	15.52
outdoor	15.52
squaw	15.52
searching	15.52
noel	15.51
mizzen	15.51
fireworks	15.51
haye	15.50
rations	15.50
van	15.50
father	15.50
jetson	15.50
dummy	15.50
amazement	15.49
mused	15.49
charles	15.48
cnut	15.48
helplessly	15.48
driving	15.47
skylark	15.47
creeping	15.47
drifting	15.47
click	15.47
illustration	15.47
pounders	15.45
sepoys	15.44
defiant	15.44
glared	15.43
pup	15.43
docks	15.43
deepened	15.43
smashed	15.42
comical	15.41
active	15.39
pinned	15.39
bessie	15.38
kincaid	15.38
proved	15.37
brute	15.37
planned	15.37
chatted	15.36
rapids	15.36
attempting	15.35
millar	15.35
brushed	15.34
finishing	15.33
increased	15.33
elwood	15.33
voyageurs	15.32
maisie	15.32
colonial	15.32
switch	15.32
difficult	15.32
furs	15.31
curiously	15.31
chuckling	15.30
benjamin	15.30
forgive	15.29
claudio	15.29
puzzle	15.29
fag	15.28
lying	15.27
lemonade	15.27
pounder	15.26
ard	15.26
advise	15.25
dodger	15.25
thankfulness	15.24
hugging	15.23
sterling	15.23
pedro	15.23
neutrality	15.22
harding	15.22
johnson	15.21
sick	15.21
risks	15.21
uncommonly	15.21
bunting	15.21
enjoy	15.19
without	15.19
committee	15.18
benson	15.18
pringle	15.18
puffing	15.17
pets	15.17
blubber	15.17
joyce	15.16
snell	15.16
prospects	15.16
restaurant	15.15
ellsworth	15.15
reckless	15.15
worrying	15.13
absolutely	15.13
bunker	15.12
forsyth	15.12
drily	15.12
whip	15.11
deep	15.11
far	15.10
farmer	15.10
missy	15.10
gridley	15.10
securely	15.09
bobolink	15.09
sulky	15.09
urged	15.09
spending	15.09
trader	15.09
shriek	15.08
regardless	15.07
lanterns	15.07
breaking	15.07
karen	15.06
hustle	15.05
jelly	15.05
edges	15.05
ruthven	15.05
cowboys	15.05
blank	15.05
havana	15.05
hoisting	15.04
dwight	15.04
eyeing	15.04
sledge	15.04
regulars	15.03
saville	15.03
bloomfield	15.03
bravo	15.02
muata	15.02
indeed	15.02
fortunate	15.02
athletics	15.01
dandy	15.01
doubleday	15.00
motherly	15.00
bassanio	15.00
gunboats	14.99
crofton	14.99
bending	14.98
coast	14.98
buggy	14.97
braddock	14.97
boards	14.97
curls	14.97
gwen	14.96
giraffe	14.96
hopes	14.95
pupils	14.95
simpson	14.95
scramble	14.95
pussy	14.94
austrians	14.94
pooh	14.94
flying	14.94
pelham	14.94
engines	14.93
rabbits	14.93
daybreak	14.92
levi	14.92
shipped	14.92
bella	14.91
scrub	14.91
dorcas	14.90
bump	14.90
dress	14.90
shouldered	14.90
gunners	14.89
guy	14.89
frowning	14.88
clung	14.87
brooke	14.87
lowering	14.86
timidly	14.86
benjy	14.86
coolness	14.86
skylight	14.85
goot	14.85
stationed	14.84
sizes	14.84
dotty	14.84
smartly	14.84
dimly	14.83
adjutant	14.82
fault	14.82
expression	14.82
steaming	14.82
chattering	14.82
werner	14.81
imogen	14.81
gully	14.80
cecilia	14.80
anchorage	14.80
drag	14.80
pitch	14.79
fireplace	14.78
tripped	14.78
blues	14.77
sullenly	14.77
eunice	14.77
hesitatingly	14.77
scaife	14.77
talbot	14.77
noiselessly	14.76
uttering	14.76
clare	14.76
dingy	14.75
amelia	14.75
motionless	14.74
wheels	14.74
drawled	14.74
pitched	14.74
jean	14.74
wheelbarrow	14.74
parlour	14.74
crawford	14.73
skiff	14.73
all	14.73
bravely	14.72
hancock	14.72
spoiled	14.72
braine	14.71
shelves	14.71
tease	14.71
mug	14.71
handed	14.71
boiler	14.70
arrived	14.70
celia	14.69
factory	14.69
seventeen	14.69
hopefully	14.69
shuddered	14.68
explosions	14.68
beef	14.68
tramped	14.67
heavier	14.67
othello	14.67
playground	14.67
genoese	14.67
pork	14.66
interruption	14.65
exclamations	14.65
maggot	14.64
brief	14.63
loop	14.63
rube	14.63
aleck	14.62
carrying	14.61
streets	14.61
intention	14.61
natty	14.60
asking	14.60
marching	14.60
henri	14.59
arrange	14.59
raggedy	14.58
emigrants	14.58
approvingly	14.57
burnham	14.57
raps	14.57
bounding	14.55
adele	14.55
osprey	14.54
sailed	14.54
lilian	14.53
grandfather	14.53
drilled	14.53
buffaloes	14.53
cyril	14.53
algiers	14.52
shark	14.52
chauffeur	14.52
proposed	14.51
gresham	14.51
matteo	14.50
pitching	14.50
rebels	14.50
lar	14.50
appearance	14.50
ritter	14.49
leaping	14.49
esau	14.49
increasing	14.49
thinks	14.49
furniture	14.48
waldron	14.48
ink	14.48
cottages	14.47
bobbie	14.47
muscle	14.47
freight	14.46
navigation	14.45
losing	14.45
gowan	14.44
barry	14.44
stump	14.44
crisp	14.43
rails	14.42
goosey	14.42
antonia	14.42
float	14.41
barely	14.41
ruby	14.41
contemptuously	14.41
fit	14.40
utterly	14.39
risky	14.39
poker	14.39
garfield	14.39
mornin	14.39
glances	14.38
bait	14.38
positively	14.38
cost	14.37
tactics	14.37
singleton	14.37
lost	14.36
etcetera	14.36
foresail	14.36
www	14.36
rustling	14.35
sash	14.34
babies	14.34
freshmen	14.34
lannes	14.33
ashley	14.33
steaks	14.33
niggers	14.33
stooping	14.32
wonderful	14.32
awning	14.32
ragged	14.31
gordon	14.30
becalmed	14.30
ridge	14.30
convoy	14.30
hepsy	14.29
locomotive	14.29
injured	14.28
surly	14.28
mott	14.28
caps	14.28
garden	14.27
thayer	14.27
nervous	14.27
shipmate	14.26
repeated	14.26
baseball	14.25
fulton	14.25
exploded	14.24
stoutly	14.24
chad	14.23
lemon	14.23
heaving	14.23
shank	14.23
swimmer	14.22
wireless	14.22
picket	14.22
file	14.22
operations	14.22
berg	14.22
trains	14.21
cleaning	14.21
thrilling	14.20
unexpectedly	14.20
overhaul	14.20
nate	14.20
tip	14.19
hastings	14.19
donald	14.19
coon	14.18
annoyance	14.18
amanda	14.18
improved	14.17
fluff	14.17
fleury	14.17
patches	14.16
waller	14.16
ze	14.16
underwood	14.15
preparing	14.15
sedley	14.14
motioned	14.14
selina	14.13
goodbye	14.13
colonies	14.12
indignation	14.12
wentworth	14.12
rita	14.12
pressing	14.11
zee	14.11
shiftless	14.11
flossy	14.10
apologize	14.10
trusted	14.10
tink	14.10
artie	14.10
smuggler	14.10
arranging	14.09
trimble	14.09
margot	14.08
rebel	14.08
wistful	14.08
vivian	14.08
capsized	14.07
charlton	14.07
arrivals	14.06
rubbing	14.06
reloaded	14.06
fenton	14.05
spink	14.05
jacques	14.05
dutchman	14.05
sighted	14.04
burmese	14.04
edna	14.04
dismally	14.04
flagship	14.04
curly	14.03
mickey	14.03
pike	14.03
chip	14.02
capstan	14.01
grumble	14.01
difficulties	14.01
sob	14.01
soda	14.01
scowled	14.00
bevan	14.00
reddy	14.00
darry	14.00
wery	14.00
acting	13.99
staunton	13.98
negroes	13.98
volunteers	13.98
momentary	13.98
sneer	13.97
arrest	13.97
hatches	13.97
caroline	13.97
chimed	13.97
circumstances	13.96
resumed	13.96
plunging	13.96
felucca	13.96
intending	13.95
islander	13.95
muscles	13.94
sulkily	13.94
vill	13.93
objected	13.93
wink	13.93
adventurers	13.92
speak	13.92
pantry	13.92
machines	13.91
earn	13.91
shiver	13.91
tightened	13.91
tennis	13.90
ruffian	13.90
atlantic	13.89
whaler	13.89
disgusted	13.89
kids	13.89
humbug	13.89
amuse	13.89
mentally	13.89
jest	13.88
dolefully	13.88
countenance	13.87
piled	13.87
locate	13.87
overhauled	13.87
zip	13.86
abby	13.86
intendant	13.86
campfire	13.86
ramon	13.86
sooner	13.86
apaches	13.85
shifted	13.84
catholics	13.84
appreciate	13.83
redskin	13.83
tailed	13.83
bandaged	13.82
reefed	13.82
frankly	13.82
recruits	13.82
tut	13.82
wow	13.81
gondola	13.81
topgallant	13.81
muslin	13.80
reflectively	13.80
straightforward	13.79
pad	13.79
coachman	13.78
frederick	13.78
schooners	13.78
suspected	13.78
blair	13.78
orderly	13.78
crockett	13.77
runaway	13.76
barret	13.76
oz	13.76
barricade	13.76
shack	13.75
scrooge	13.75
broadway	13.75
harris	13.75
tippet	13.75
alley	13.75
twitter	13.74
dominic	13.74
cudjo	13.74
poles	13.74
cleaned	13.73
dirs	13.72
archy	13.72
sep	13.72
buttons	13.72
deeply	13.71
newcomers	13.71
listen	13.71
porch	13.71
missouri	13.71
fist	13.71
hogan	13.70
texans	13.69
gracie	13.69
dodged	13.68
mite	13.68
mortgage	13.68
clair	13.68
encouragingly	13.68
grosvenor	13.67
millionaire	13.67
tolerably	13.67
meals	13.67
evesham	13.67
using	13.66
gander	13.65
wiped	13.65
bridgie	13.65
alligators	13.64
brill	13.64
indiaman	13.64
seamanship	13.64
clumps	13.64
thud	13.63
drew	13.63
flotilla	13.62
military	13.62
htm	13.62
floes	13.62
brisk	13.61
careless	13.61
clambered	13.61
allison	13.61
defiantly	13.61
prussians	13.60
akka	13.60
enabled	13.60
curled	13.60
protestant	13.60
lazy	13.60
afternoons	13.60
soothingly	13.59
gravity	13.59
broad	13.59
creature	13.59
zeppa	13.59
escort	13.59
sleepy	13.59
peeped	13.59
baskets	13.58
sartin	13.58
moored	13.58
carl	13.58
damper	13.57
indignant	13.57
exploring	13.57
puritan	13.57
melville	13.57
bluntly	13.57
ticonderoga	13.57
republicans	13.57
breastwork	13.56
shotgun	13.56
rockets	13.56
hodenosaunee	13.56
raby	13.56
bates	13.56
convict	13.56
bothered	13.55
edwy	13.55
growling	13.54
bush	13.53
rugged	13.53
river	13.53
marmaduke	13.53
clever	13.53
ariel	13.52
dusty	13.52
merchantman	13.52
tossed	13.52
suzanne	13.51
chunky	13.51
esquimau	13.51
middy	13.50
bickford	13.50
stare	13.50
sneaking	13.49
braced	13.49
boyish	13.49
spray	13.49
perry	13.48
halliday	13.48
mullins	13.48
neighborhood	13.48
bombardment	13.48
ladies	13.47
proceeded	13.47
monitors	13.47
modestly	13.47
greenfield	13.46
masthead	13.46
tutor	13.45
rocky	13.45
nesbit	13.45
larvae	13.45
reload	13.44
burglars	13.44
nappy	13.44
poked	13.44
postpaid	13.43
ruffians	13.43
pictures	13.43
cables	13.43
dismay	13.43
improve	13.42
pemberton	13.42
sha	13.42
dominick	13.42
endicott	13.42
knots	13.41
howled	13.41
marcus	13.41
outing	13.40
eskimos	13.40
amount	13.40
shoving	13.40
starved	13.39
shrouds	13.39
antwerp	13.38
deliberately	13.38
merritt	13.38
stooped	13.38
guard	13.38
where	13.38
hilliard	13.37
hunt	13.37
lottie	13.37
chesapeake	13.37
ours	13.37
crawling	13.37
dresses	13.36
comin	13.36
chase	13.36
hendrik	13.36
nests	13.35
hawser	13.35
bunks	13.35
paget	13.35
sociable	13.35
sawyer	13.35
jaguar	13.34
haydon	13.34
drilling	13.34
fiercely	13.34
alacrity	13.33
ginger	13.32
fasten	13.32
peril	13.31
alma	13.31
mississippi	13.31
cautious	13.31
hooper	13.31
phelps	13.31
penny	13.29
rectus	13.29
tippoo	13.29
screamed	13.29
prefects	13.29
horses	13.29
nabob	13.29
cry	13.28
craven	13.28
stroll	13.28
trafford	13.27
veronica	13.26
inlet	13.26
micky	13.26
bent	13.25
booms	13.25
crabtree	13.24
glaring	13.24
radisson	13.24
anthea	13.23
leak	13.23
energetically	13.23
grinder	13.23
vicarage	13.23
dynamite	13.23
huguenot	13.23
disappeared	13.23
tete	13.22
grabbed	13.22
lazily	13.21
nettleship	13.21
arcy	13.21
riflemen	13.21
wayne	13.21
rocking	13.21
timbo	13.20
prettier	13.20
missing	13.20
rochford	13.20
howl	13.20
encouraging	13.19
jamaica	13.18
scowling	13.18
prim	13.18
yarmouth	13.17
capturing	13.17
foam	13.17
mugford	13.16
flagstaff	13.15
thot	13.15
chee	13.15
bars	13.14
slower	13.14
prizes	13.14
boating	13.14
old	13.14
bed	13.14
abbie	13.13
riders	13.13
bursting	13.12
amidships	13.12
promotion	13.12
tramps	13.12
thorne	13.12
volcano	13.12
bax	13.11
admiration	13.10
piped	13.09
eugenia	13.09
route	13.09
vance	13.08
nina	13.08
gents	13.07
grumbling	13.07
voted	13.07
wearily	13.07
scrimmage	13.07
cracks	13.07
safety	13.07
packs	13.06
show	13.06
erick	13.06
champlain	13.06
remembered	13.05
norte	13.05
alcohol	13.05
surrender	13.05
colden	13.04
rug	13.04
employer	13.03
tube	13.03
speedily	13.03
longed	13.03
gilks	13.03
lighter	13.02
soaked	13.01
corps	13.01
plunge	13.01
ogden	13.01
troop	13.00
breath	13.00
desks	12.99
jist	12.99
gaze	12.99
flossie	12.98
vos	12.98
drift	12.98
rattler	12.98
seated	12.97
emilie	12.97
slap	12.97
troubles	12.97
nita	12.97
nicest	12.97
sampson	12.97
telegraphed	12.96
chicory	12.95
fatty	12.95
enderby	12.94
halfway	12.93
panic	12.93
allowed	12.93
juvenile	12.93
hague	12.93
tumbler	12.93
saddles	12.93
molasses	12.93
edred	12.93
overcoat	12.93
impressively	12.93
cosy	12.93
lump	12.92
joses	12.92
niver	12.91
matters	12.91
irons	12.91
jumbo	12.91
light	12.91
dive	12.91
miners	12.90
dozens	12.90
dickey	12.90
surroundings	12.90
current	12.90
hooks	12.89
sill	12.89
decisively	12.89
grass	12.88
arrested	12.88
backs	12.87
reluctantly	12.87
briscoe	12.87
sentinel	12.87
exchanged	12.87
warn	12.86
antoine	12.85
sledges	12.85
firemen	12.85
fearfully	12.85
tryin	12.85
taut	12.85
arden	12.85
tacked	12.85
angelo	12.84
closing	12.84
pies	12.83
sit	12.83
teaspoonful	12.83
dubiously	12.83
coats	12.82
break	12.82
bronzed	12.82
muff	12.81
meantime	12.81
debris	12.81
mum	12.81
glendower	12.81
condor	12.81
eclipse	12.81
despatch	12.80
drawers	12.80
tacks	12.80
comed	12.80
sunny	12.80
amiable	12.80
cripps	12.79
webster	12.79
buckets	12.79
thurston	12.79
butter	12.78
cap	12.78
perpendicular	12.78
rowboat	12.77
watts	12.77
letitia	12.77
gleefully	12.77
chips	12.76
magnolia	12.76
remarkably	12.76
firm	12.76
crust	12.75
colonists	12.75
huldah	12.75
eddie	12.75
rattled	12.75
virginian	12.75
launched	12.75
trudged	12.75
prepared	12.74
feebly	12.74
hitch	12.74
keg	12.74
santiago	12.74
cracked	12.74
clutched	12.74
strapped	12.73
blown	12.73
marina	12.73
doggedly	12.73
regret	12.72
skate	12.72
schoolfellows	12.71
chinks	12.71
series	12.71
duffer	12.71
jenkins	12.70
jeannette	12.70
forgetting	12.70
fairchild	12.70
blaze	12.69
blouse	12.69
zeb	12.69
merriman	12.69
washburn	12.68
sidewise	12.67
gratefully	12.67
spoon	12.67
trotting	12.67
purser	12.67
skirmishers	12.67
joking	12.66
happier	12.66
utrecht	12.66
agatha	12.66
braces	12.65
calico	12.65
apologetically	12.65
aim	12.65
wheelwright	12.64
newcomer	12.63
slice	12.63
ships	12.63
dickson	12.62
hurst	12.62
hissed	12.62
butt	12.62
occupied	12.62
cowan	12.62
battleship	12.62
peddler	12.61
warning	12.61
hawley	12.61
thanksgiving	12.60
poking	12.60
satisfactory	12.60
cooler	12.59
peanuts	12.59
volunteer	12.59
marteau	12.59
barking	12.59
enlisted	12.59
alligator	12.59
scores	12.58
olivia	12.57
acquaintance	12.57
complacently	12.57
potomac	12.57
strained	12.57
regretfully	12.57
lancers	12.57
vent	12.57
shutters	12.56
scuttle	12.56
khaki	12.56
detour	12.56
garcia	12.56
panton	12.56
backwoods	12.56
chicken	12.56
involuntarily	12.55
penn	12.55
winslow	12.54
umph	12.54
pudding	12.54
verney	12.54
louisa	12.54
ruefully	12.53
beautifully	12.53
needham	12.53
bedtime	12.53
benedick	12.53
scowl	12.53
indoors	12.53
tobacco	12.52
lashed	12.52
rattling	12.52
manhattan	12.52
cigars	12.52
davenant	12.51
crossing	12.51
plebe	12.51
tarpaulin	12.51
sixpence	12.51
chinaman	12.51
bery	12.50
slices	12.50
backing	12.50
horatio	12.50
weak	12.50
silly	12.50
cherry	12.50
salary	12.50
aground	12.49
squeeze	12.49
disabled	12.48
cruden	12.48
crisis	12.48
barnett	12.48
interfered	12.48
compliment	12.48
conway	12.48
stateroom	12.47
beaming	12.47
bewildered	12.47
cob	12.47
acquaintances	12.47
barrington	12.46
diary	12.46
sweep	12.46
glare	12.46
stations	12.46
buildings	12.46
blankly	12.46
overtake	12.45
wreckage	12.45
hammond	12.45
necktie	12.45
yachts	12.45
jamestown	12.45
liking	12.45
volleys	12.45
unable	12.44
deane	12.44
rapidity	12.44
bubbles	12.44
ow	12.43
yez	12.43
kettle	12.43
fenn	12.43
dangle	12.43
detroit	12.43
cortes	12.43
fido	12.42
kindergarten	12.42
leetle	12.42
ferrers	12.42
kink	12.42
planter	12.42
yawned	12.41
inquiring	12.41
bumped	12.41
fuse	12.41
aeroplane	12.41
rumple	12.41
hotels	12.40
others	12.40
morley	12.40
recapture	12.40
smoothly	12.40
cardboard	12.40
clinton	12.39
immensely	12.39
pale	12.39
library	12.39
battalions	12.38
scream	12.37
boxall	12.37
homesick	12.37
gillie	12.37
patience	12.36
waggon	12.36
cracker	12.36
dived	12.36
depended	12.35
ambulance	12.35
anticipated	12.34
lettice	12.34
comment	12.34
dalton	12.33
jam	12.33
smash	12.33
stukely	12.32
daren	12.32
shocked	12.32
valve	12.32
brookes	12.32
contented	12.31
alister	12.31
hissing	12.30
hummock	12.30
ft	12.30
basil	12.30
nursery	12.30
seats	12.30
ohio	12.29
waterford	12.29
pearce	12.29
sympathized	12.29
broken	12.29
masther	12.29
muster	12.29
crank	12.28
pendleton	12.28
gettysburg	12.28
then	12.27
merrily	12.27
cantor	12.27
clint	12.26
erie	12.26
giggled	12.26
brushwood	12.25
dinghy	12.24
propeller	12.24
biarne	12.24
arithmetic	12.23
liverpool	12.23
warmer	12.23
planking	12.22
perch	12.22
parcels	12.22
whack	12.22
sniff	12.22
hooked	12.21
eastward	12.21
knives	12.21
taffrail	12.20
sloped	12.19
tugging	12.18
fireman	12.18
bickers	12.18
pencils	12.18
helena	12.18
ermengarde	12.18
morrison	12.18
studding	12.17
marlowe	12.17
contentedly	12.17
snarl	12.17
yarns	12.17
brutes	12.17
fluke	12.17
scrapes	12.17
jabez	12.16
fire	12.16
keen	12.16
professor	12.15
cobb	12.15
hum	12.15
wallop	12.14
greendale	12.14
hadley	12.14
stackpole	12.14
brightening	12.13
mattered	12.13
mercier	12.13
sleepily	12.13
pizarro	12.13
icebergs	12.13
swamped	12.13
langton	12.13
forgotten	12.12
clutching	12.12
lipans	12.12
grasp	12.11
smothered	12.11
apparently	12.11
ramrod	12.11
ramble	12.11
weymouth	12.11
horrible	12.10
shillings	12.10
whined	12.10
petruchio	12.10
ion	12.09
doc	12.09
shawnees	12.09
winced	12.09
zero	12.08
darcy	12.08
park	12.08
egerton	12.08
bahama	12.08
wass	12.07
black	12.07
vot	12.07
manning	12.07
starving	12.06
bomb	12.06
rock	12.05
humouredly	12.05
testily	12.05
cheap	12.05
sidney	12.05
knowing	12.04
farrell	12.04
resting	12.04
ferris	12.04
gingham	12.04
https	12.04
frying	12.04
wake	12.03
bumpus	12.03
scraping	12.03
rested	12.02
told	12.02
bales	12.02
touche	12.01
samson	12.01
thermometer	12.00
louisiana	12.00
gettin	12.00
senhor	12.00
tornado	12.00
grown	12.00
proposal	12.00
squeak	11.99
midget	11.99
gridiron	11.99
muzzles	11.99
hike	11.98
nevers	11.98
armature	11.97
staggering	11.97
angle	11.97
sniffed	11.97
lew	11.97
chimney	11.97
percy	11.96
shyly	11.96
bowling	11.96
lindsay	11.95
ripping	11.95
adela	11.95
colby	11.95
painfully	11.95
monitor	11.95
waring	11.94
lubin	11.94
taken	11.94
surveying	11.94
bascomb	11.94
thwarts	11.94
pumped	11.93
impulsively	11.93
effectually	11.93
squirrel	11.93
bruin	11.93
appealingly	11.93
allowance	11.92
purty	11.92
whitney	11.92
puffs	11.92
playing	11.92
ellice	11.92
solid	11.91
victoire	11.91
boathouse	11.91
gosh	11.90
waded	11.90
desperation	11.90
prudy	11.89
shrubs	11.89
belgian	11.88
underbrush	11.88
goodwin	11.88
costume	11.88
jobs	11.88
glacier	11.88
confidential	11.87
everett	11.87
khoja	11.87
pumping	11.87
messages	11.86
gorge	11.86
whopper	11.86
sombrero	11.86
explorer	11.86
corners	11.86
czar	11.85
cordial	11.85
searchingly	11.84
hendrick	11.84
proctor	11.84
horrid	11.84
vicinity	11.84
shylock	11.84
balboa	11.83
lighting	11.83
parcel	11.83
pioneers	11.83
tempted	11.83
eddy	11.82
shutting	11.82
mohawks	11.82
brushing	11.81
dervishes	11.81
badger	11.81
patriots	11.80
length	11.80
clapperton	11.80
ballast	11.80
heerd	11.79
jerking	11.79
shirt	11.79
hickathrift	11.79
battered	11.78
assisted	11.78
doubled	11.78
marm	11.78
diameter	11.78
lay	11.78
hailing	11.77
mester	11.77
tub	11.77
cowboy	11.77
louder	11.77
carstairs	11.77
dearborn	11.76
stretcher	11.76
engineering	11.75
gluck	11.75
sturdy	11.75
cuban	11.75
jackanapes	11.74
cushions	11.74
gilpin	11.74
blushed	11.74
flags	11.73
bandage	11.73
seams	11.73
slackened	11.73
adolphus	11.73
fairbairn	11.72
trout	11.72
sheik	11.72
oysters	11.72
chimo	11.72
referee	11.72
confidently	11.72
grandpapa	11.71
halting	11.71
nohow	11.71
doyle	11.71
wilkins	11.71
alamo	11.71
staircase	11.71
sticky	11.71
jemima	11.70
suddenness	11.69
windlass	11.69
bowled	11.69
bug	11.69
discouraged	11.69
rubbish	11.68
cannonade	11.68
overwhelming	11.68
ruffled	11.68
patriotic	11.67
mccoy	11.67
snugly	11.67
blower	11.66
racket	11.66
occasional	11.66
shif	11.66
towel	11.66
loopholes	11.65
dodging	11.65
heading	11.65
signalling	11.65
banged	11.64
belt	11.64
winter	11.64
stroking	11.63
realise	11.63
coulter	11.63
attracted	11.63
mittens	11.63
gertie	11.63
answering	11.63
jay	11.63
woodwork	11.62
untidy	11.62
weldon	11.62
collinson	11.61
mending	11.61
fani	11.61
zay	11.61
spare	11.60
pocketbook	11.60
romeo	11.59
critters	11.59
prussian	11.59
sprained	11.59
roused	11.58
lips	11.58
freshened	11.58
mckay	11.58
scow	11.58
dromio	11.58
costumes	11.57
saunders	11.57
prevent	11.56
canadians	11.56
dain	11.56
quintal	11.56
cacama	11.55
apron	11.55
million	11.54
possibly	11.54
failure	11.54
fraid	11.54
morse	11.54
luckily	11.54
reminded	11.54
lopez	11.54
bandages	11.53
runaways	11.53
inshore	11.53
mcclellan	11.53
failed	11.53
chest	11.53
wore	11.53
dabney	11.53
clarissa	11.52
carts	11.52
settler	11.52
beat	11.52
snapping	11.52
real	11.51
quicker	11.51
sliding	11.51
jiffy	11.51
albatross	11.50
chickens	11.50
protest	11.50
rosamond	11.49
flynn	11.49
alf	11.49
acted	11.49
demurely	11.49
discussing	11.48
venison	11.48
arrah	11.48
tow	11.48
pickets	11.48
inspection	11.48
knox	11.48
thorold	11.48
waterproof	11.48
remained	11.48
carbine	11.47
woodward	11.47
benbow	11.47
musingly	11.47
entrance	11.46
decatur	11.46
countenances	11.46
watkins	11.45
sophie	11.45
charleston	11.45
lurch	11.45
darlin	11.45
thirty	11.45
swimmers	11.45
velo	11.44
thicket	11.44
slate	11.44
ladders	11.44
gravel	11.44
cozy	11.44
winch	11.43
attract	11.43
puppy	11.43
admiring	11.43
silenced	11.43
merrimac	11.43
brigades	11.42
tories	11.42
sink	11.42
electrical	11.42
grouse	11.41
isobel	11.41
hamet	11.41
sherman	11.41
jammed	11.41
moustache	11.41
royalists	11.41
lyman	11.40
beulah	11.40
tourists	11.40
mystified	11.40
managing	11.39
braxton	11.39
labrador	11.39
anchors	11.39
admirals	11.38
dirt	11.38
regan	11.37
resolutely	11.37
shovel	11.37
invitations	11.37
prairies	11.37
rally	11.36
bronx	11.36
grating	11.36
talks	11.36
curve	11.35
prize	11.35
emery	11.35
diving	11.34
paint	11.34
parrots	11.34
folded	11.34
senorita	11.34
boris	11.33
liz	11.33
minchin	11.33
sixteen	11.33
rounding	11.32
dinsmore	11.32
abaft	11.32
halyards	11.32
scampering	11.32
trevor	11.31
andrew	11.31
impressed	11.31
snort	11.30
lieve	11.30
henty	11.30
spy	11.29
popham	11.29
sufficient	11.29
unkind	11.28
hopped	11.28
pamela	11.28
buttoned	11.28
heeled	11.28
glue	11.28
largest	11.28
oranges	11.28
edison	11.27
lorna	11.27
missis	11.27
dose	11.27
coward	11.27
rift	11.26
terry	11.26
disliked	11.26
pressure	11.26
indian	11.25
wild	11.25
marianne	11.25
traders	11.25
monroe	11.25
lockers	11.24
varmints	11.24
beacon	11.24
ramsgate	11.24
redding	11.24
knocking	11.24
eighteen	11.24
prowling	11.23
gunpowder	11.23
sobered	11.23
conyers	11.23
smilingly	11.23
utmost	11.23
thorough	11.22
grate	11.22
wingfield	11.22
havin	11.22
steamship	11.22
sights	11.22
leila	11.22
thar	11.22
bergs	11.21
gigi	11.21
classmates	11.21
automobiles	11.20
scheme	11.20
anders	11.20
canister	11.20
crofter	11.20
bedding	11.20
woodville	11.19
dorchester	11.19
shafto	11.19
diggory	11.19
viciously	11.18
appreciated	11.18
stampede	11.18
chubby	11.18
ashby	11.18
pansy	11.18
recovered	11.18
etienne	11.18
certe	11.18
nuts	11.17
alden	11.17
gerda	11.16
sarcasm	11.16
cept	11.16
hurts	11.16
grumbles	11.15
tackles	11.15
blandly	11.15
granny	11.15
binnacle	11.15
tripp	11.14
girlish	11.14
burnett	11.14
bumble	11.13
wharves	11.13
gits	11.13
explore	11.13
coughed	11.13
tramping	11.13
twinkled	11.13
manville	11.13
scornfully	11.13
jail	11.13
lodbrok	11.13
unselfish	11.12
montreal	11.12
rodney	11.11
signaled	11.10
davenport	11.10
emphatically	11.10
humpy	11.09
smashing	11.09
driggs	11.09
boudoir	11.09
loophole	11.09
richelieu	11.09
reloading	11.09
joining	11.09
hapgood	11.09
leverett	11.09
humoured	11.08
sarcastic	11.08
lumpy	11.08
bothering	11.08
whipped	11.07
mob	11.07
raced	11.07
hargrave	11.07
hacienda	11.07
islets	11.07
inquiries	11.07
teach	11.07
mathematics	11.06
surveyed	11.06
feverish	11.06
junk	11.06
sawed	11.06
gratified	11.05
signalled	11.05
sarcastically	11.05
zebra	11.05
rolfe	11.05
shag	11.05
castaways	11.04
austrian	11.04
directed	11.04
dugout	11.04
navigate	11.04
nailed	11.04
senora	11.04
picture	11.04
congratulations	11.03
rudder	11.03
stumbled	11.03
nervousness	11.03
paulina	11.02
cake	11.02
larder	11.02
gulliver	11.02
symes	11.02
belton	11.02
machinery	11.01
bartlett	11.01
mediation	11.01
higginson	11.01
spect	11.01
frozen	11.01
suspicions	11.00
claire	11.00
gibraltar	11.00
pinkie	11.00
cissy	11.00
ainger	11.00
annas	11.00
bags	10.99
inez	10.99
ditson	10.99
canter	10.99
marshall	10.99
sourly	10.99
ability	10.99
critically	10.99
trips	10.98
anstey	10.98
tenderly	10.98
snarling	10.98
greeted	10.97
path	10.97
veteran	10.97
vastly	10.97
assisting	10.97
skipping	10.97
plantations	10.97
maxfield	10.97
ferguson	10.96
cookies	10.96
astonished	10.96
oriana	10.96
change	10.95
wishing	10.95
waist	10.94
promptness	10.94
mahogany	10.94
emerson	10.94
deb	10.94
recovering	10.94
reconnoitre	10.93
lynton	10.92
gayly	10.92
redoubt	10.92
creepers	10.92
located	10.91
talmage	10.91
cautioned	10.91
duquesne	10.91
madame	10.91
jennings	10.91
warships	10.90
pupa	10.90
darkness	10.90
bracing	10.89
ericsson	10.89
noisy	10.89
cleo	10.88
persisted	10.87
bobbing	10.87
snubbed	10.87
bulldog	10.87
shaky	10.87
chatter	10.87
tossing	10.87
ngati	10.87
marcella	10.86
philippe	10.86
pigskin	10.86
streak	10.86
sprawling	10.85
zaki	10.85
spots	10.84
mcmaster	10.84
housekeeping	10.84
pin	10.84
mam	10.84
tape	10.83
sahibs	10.83
severe	10.83
ordered	10.82
leap	10.82
sonny	10.82
shawl	10.82
iago	10.82
sloping	10.82
hockey	10.82
sentinels	10.82
amateur	10.82
desdemona	10.82
thicker	10.81
coral	10.81
barrelled	10.81
mcgee	10.81
brackett	10.81
chattered	10.81
wedged	10.81
dreadful	10.81
pshaw	10.81
tempting	10.80
tugged	10.80
sleighs	10.80
aching	10.80
phew	10.79
farnsworth	10.79
resist	10.79
beastly	10.79
storekeeper	10.78
rayner	10.78
ione	10.78
beamed	10.77
custard	10.77
harlowe	10.77
hamed	10.77
deserted	10.77
cadwallader	10.77
cutting	10.77
sebastopol	10.77
turkeys	10.77
trolley	10.76
railways	10.76
vicksburg	10.76
grumpy	10.76
felicia	10.75
knuckles	10.75
reined	10.74
wilder	10.74
buns	10.74
broadsides	10.74
renegade	10.73
leontes	10.73
dreamily	10.73
significantly	10.73
travelling	10.73
cronies	10.73
spurt	10.73
moderated	10.73
storm	10.73
hm	10.72
seaward	10.72
unaccustomed	10.72
bottles	10.71
chalk	10.71
freddie	10.71
westward	10.71
yur	10.70
armitage	10.70
hallway	10.70
morny	10.70
darlings	10.70
dipper	10.70
wheeling	10.70
dig	10.70
ravine	10.69
suit	10.69
huge	10.69
subsided	10.69
understood	10.69
dignified	10.69
hardware	10.69
expensive	10.69
licking	10.69
snowshoes	10.69
rousing	10.68
motion	10.68
trapping	10.68
jill	10.68
ellison	10.68
poppy	10.68
camellia	10.68
blazing	10.68
freda	10.68
manton	10.68
cargoes	10.68
cassio	10.68
firefly	10.68
laconically	10.68
guthrum	10.68
shilling	10.67
truck	10.67
pablo	10.67
dicey	10.67
lenox	10.67
depressed	10.67
resolute	10.66
laurence	10.66
sincerely	10.66
stow	10.66
islet	10.66
fooling	10.66
ave	10.65
hummocks	10.65
beyond	10.65
innocently	10.65
mignon	10.65
widgeon	10.65
alie	10.65
grammar	10.64
cardigan	10.64
conservatory	10.64
crestfallen	10.64
stella	10.64
robbins	10.64
slung	10.63
plug	10.63
hers	10.63
pacing	10.63
hyenas	10.63
cabinet	10.63
bumping	10.63
score	10.63
burgoyne	10.63
overhauling	10.62
collingwood	10.62
swiftly	10.62
mischievously	10.62
cockpit	10.62
wilmington	10.62
loud	10.62
corney	10.62
chowne	10.62
sanborn	10.62
bradford	10.61
dolores	10.61
harewood	10.61
breech	10.61
emancipation	10.60
butterfly	10.60
congratulating	10.60
perplexed	10.60
ago	10.59
sleeves	10.59
crackling	10.59
dunstan	10.59
pax	10.59
tightening	10.59
chautauqua	10.59
martineau	10.58
stowing	10.58
nary	10.58
buren	10.58
stunt	10.58
searchlight	10.58
wulfhere	10.58
timothy	10.58
closet	10.58
counter	10.57
elmer	10.56
iris	10.56
nuisance	10.56
crater	10.56
evenings	10.56
discharged	10.56
tisn	10.56
slavers	10.56
hubba	10.55
cans	10.55
blurt	10.55
dislike	10.54
wendy	10.54
belligerent	10.54
deserters	10.54
stuffed	10.54
brushes	10.54
confidentially	10.54
hustled	10.54
ugly	10.54
monday	10.53
stockades	10.53
offing	10.52
dolman	10.52
frontier	10.52
niagara	10.52
june	10.51
salem	10.51
promenade	10.51
rosalie	10.51
gaucho	10.50
gallantly	10.50
afforded	10.50
ducky	10.50
madam	10.50
gag	10.50
limp	10.50
scenery	10.50
lor	10.50
portuguese	10.50
grit	10.50
royalist	10.49
willin	10.49
khalifa	10.49
denton	10.49
haf	10.49
falkirk	10.49
theer	10.49
signaling	10.49
alger	10.49
deerskin	10.49
nuggets	10.49
straps	10.48
headed	10.48
lashings	10.48
flapp	10.48
lock	10.48
sharpshooters	10.48
trowbridge	10.48
covered	10.48
barby	10.48
gingerbread	10.48
tackled	10.48
mariano	10.47
chestnut	10.47
quarterdeck	10.47
loveday	10.47
landslide	10.47
uf	10.47
hildegarde	10.47
kerosene	10.47
cellar	10.47
crouching	10.46
maroon	10.45
spluttered	10.45
sniffing	10.45
luff	10.45
canned	10.44
leastwise	10.44
jacky	10.44
buttered	10.44
oi	10.44
flemming	10.44
charteris	10.44
freshening	10.44
tins	10.43
consternation	10.43
carbon	10.43
gladstone	10.43
splendidly	10.43
jokes	10.43
noticing	10.43
nehemiah	10.42
eventful	10.42
toilet	10.42
income	10.42
canning	10.41
instinctively	10.41
width	10.41
rollin	10.41
mona	10.41
hermia	10.40
tubby	10.40
sakes	10.40
golf	10.40
slammed	10.40
fallen	10.40
cards	10.40
harrow	10.40
fortifications	10.40
calhoun	10.40
worries	10.40
bivouac	10.39
winked	10.39
masses	10.39
sumter	10.39
engravings	10.39
coaxing	10.38
perdita	10.38
beany	10.38
cora	10.37
flashing	10.37
occupant	10.37
shivering	10.37
rockwell	10.37
nils	10.37
langley	10.37
hanging	10.37
osten	10.36
thur	10.36
ostrich	10.36
wrenched	10.36
antipholus	10.36
frames	10.36
gorilla	10.36
bungalow	10.36
prevented	10.36
tomba	10.35
mustache	10.35
slowed	10.35
barker	10.35
onslow	10.35
hitched	10.35
concussion	10.35
springfield	10.35
bullying	10.35
phipps	10.35
manoeuvres	10.34
hesitate	10.34
blowed	10.34
wonderland	10.34
trimmed	10.34
collision	10.34
sophomore	10.34
yees	10.34
recalled	10.33
generals	10.33
edmund	10.33
hotter	10.33
languidly	10.33
rejoinder	10.33
sufficiently	10.32
steward	10.32
projecting	10.32
gaspar	10.32
newspapers	10.31
filling	10.31
corsairs	10.30
palisade	10.30
frighten	10.30
agin	10.30
yerself	10.30
argyll	10.29
teased	10.29
cartagena	10.28
restful	10.28
shiny	10.28
openings	10.28
tododaho	10.28
stevenson	10.28
bookkeeper	10.28
bayou	10.27
darting	10.27
lifted	10.27
lucilla	10.27
throwing	10.27
overhanging	10.27
culm	10.27
jackman	10.27
southerners	10.27
letty	10.27
hopelessly	10.26
despite	10.26
robins	10.26
mackerel	10.26
coaches	10.25
parasol	10.25
crozier	10.25
encamped	10.25
starch	10.25
clenched	10.25
elbows	10.25
baccy	10.25
bookcase	10.24
duncan	10.24
bullen	10.24
quivered	10.23
chores	10.23
action	10.23
manuela	10.23
harmar	10.22
guv	10.22
uraga	10.22
pillows	10.22
ewing	10.22
funnel	10.22
shrug	10.21
breakwater	10.21
holkar	10.21
hint	10.21
rodolph	10.21
dink	10.21
rowdy	10.21
coorse	10.21
trucks	10.20
teapot	10.20
maitre	10.20
dynevor	10.20
callers	10.20
stitch	10.20
shrieking	10.20
dol	10.20
splashed	10.19
creep	10.19
levies	10.19
mingo	10.19
caldecott	10.19
coaxed	10.19
myers	10.19
roughly	10.18
lounging	10.18
chilly	10.18
vernon	10.18
impulsive	10.18
sturdily	10.18
wrench	10.18
wharton	10.17
turkey	10.17
poodles	10.17
evie	10.17
shoals	10.17
royals	10.17
spirited	10.17
information	10.17
rugs	10.16
homemade	10.16
depression	10.16
improving	10.16
emerged	10.16
furled	10.16
groan	10.16
unpack	10.16
dere	10.15
accommodations	10.15
yellowstone	10.15
amusing	10.15
schoolmates	10.15
detectives	10.15
mulatto	10.15
hayward	10.15
missie	10.15
studio	10.15
paws	10.14
macnab	10.14
esquimaux	10.14
cramped	10.14
enlist	10.14
fix	10.14
leastways	10.13
verner	10.13
monkeys	10.13
kegs	10.13
eva	10.12
cartwright	10.12
scamp	10.12
dooty	10.12
mopsey	10.12
dynamo	10.12
stunning	10.12
piratical	10.12
shaw	10.12
luther	10.12
crippled	10.12
risking	10.11
dudley	10.11
listlessly	10.11
neutral	10.11
alva	10.11
cornwood	10.11
whizzed	10.10
apologise	10.10
disappoint	10.10
crossly	10.10
cot	10.10
peachy	10.10
abrupt	10.09
routine	10.09
tennant	10.09
guerillas	10.09
alarming	10.09
grosset	10.09
planters	10.08
hatchet	10.08
foliage	10.08
fashionable	10.08
exultantly	10.08
livin	10.07
dinwiddie	10.07
duties	10.07
yarn	10.07
piracy	10.07
curtly	10.06
swish	10.06
grampus	10.06
longingly	10.06
gabe	10.06
puzzles	10.05
interrupt	10.05
popping	10.05
levee	10.05
prettiest	10.05
skipped	10.04
resolved	10.04
marvin	10.04
mizen	10.04
class	10.03
paw	10.03
whisked	10.03
compliments	10.02
buzz	10.02
hired	10.02
canfield	10.02
bouncer	10.02
cresswell	10.02
mahrattas	10.02
quaker	10.01
disturb	10.01
nettie	10.01
sportsman	10.01
conny	10.01
stem	10.01
facing	10.00
oui	10.00
portmanteau	10.00
snapper	10.00
deafening	10.00
shootin	10.00
teasing	10.00
melee	10.00
bushy	10.00
crevasse	10.00
clearwater	10.00
redwald	9.99
thrash	9.99
unlocked	9.99
harvard	9.99
lisette	9.98
relapsed	9.98
princeton	9.98
propelled	9.98
outskirts	9.98
henderson	9.98
gasoline	9.98
gyp	9.98
rodgers	9.98
thorwald	9.97
wilford	9.97
stems	9.97
scanning	9.97
awakened	9.97
veterans	9.97
postmaster	9.97
bearings	9.96
progressed	9.96
noon	9.96
escapade	9.96
strips	9.96
interpreter	9.96
houston	9.96
twinkling	9.96
mining	9.95
fightin	9.95
witt	9.95
despairingly	9.95
tars	9.95
lobster	9.95
appealing	9.95
boilers	9.95
newsboy	9.95
livingstone	9.95
bewilderment	9.95
betsey	9.95
critter	9.94
thrashing	9.94
listener	9.94
antelopes	9.94
antennae	9.94
dressed	9.94
duck	9.93
harson	9.93
stacy	9.93
stolid	9.93
tableaux	9.92
loomed	9.92
belongings	9.91
projected	9.91
fishing	9.91
temptation	9.91
lomax	9.91
blenheim	9.91
rugg	9.91
margaret	9.91
straggling	9.91
penfold	9.91
davits	9.90
fagged	9.90
hulk	9.90
policemen	9.90
stalking	9.90
gurgled	9.90
restlessly	9.90
trenton	9.90
bougainville	9.90
launches	9.90
positions	9.90
winking	9.90
encamp	9.90
buoys	9.89
eclectic	9.89
archduke	9.89
scarfe	9.89
dripping	9.89
corsair	9.88
jinks	9.88
glistening	9.88
fancying	9.88
bennington	9.87
bim	9.87
rutter	9.87
attentively	9.87
heidrek	9.87
grapnel	9.87
barked	9.86
somewheres	9.86
jackie	9.86
project	9.86
doria	9.86
wiry	9.86
attempted	9.86
squalls	9.86
outdoors	9.86
puckered	9.85
sedgwick	9.85
toady	9.85
tropics	9.85
pittsburg	9.85
stocking	9.85
swarmed	9.85
intercept	9.85
stalked	9.85
neber	9.84
torpedoes	9.84
racing	9.84
scheldt	9.84
stevens	9.84
osmund	9.84
result	9.83
sobbing	9.83
lancey	9.82
precipice	9.82
tinder	9.82
peabody	9.82
dirk	9.82
hedge	9.82
timon	9.82
considerate	9.82
key	9.81
whine	9.81
widened	9.81
soak	9.81
students	9.80
mistakes	9.80
ruyter	9.80
uncomfortably	9.80
chatty	9.80
mathieson	9.80
humoredly	9.80
dockyard	9.79
sou	9.79
menagerie	9.79
unloading	9.79
bedrooms	9.79
phone	9.78
touring	9.78
oyster	9.78
scampered	9.78
seating	9.78
tippy	9.78
ojibway	9.77
slapping	9.77
nan	9.77
lifting	9.77
warship	9.77
phebe	9.77
carbines	9.77
locket	9.77
delightfully	9.76
nearing	9.76
floundering	9.76
stealing	9.75
franco	9.75
thump	9.75
clams	9.75
posthumus	9.75
spool	9.75
bedside	9.75
lengths	9.75
khartoum	9.75
incredulously	9.75
fluffy	9.75
harpoons	9.75
philpot	9.75
sylva	9.75
smoker	9.75
wyoming	9.75
darker	9.75
lookin	9.75
handsomely	9.75
palmetto	9.74
crashed	9.74
travel	9.74
bullies	9.74
thrusting	9.74
jersey	9.74
unwonted	9.73
scratch	9.73
bracebridge	9.73
lumbering	9.72
ried	9.72
chubb	9.72
chrissie	9.72
postage	9.72
events	9.72
toni	9.72
composure	9.71
compressed	9.71
griswold	9.71
owned	9.71
pointer	9.70
faintest	9.70
scindia	9.70
travellers	9.70
colonels	9.70
schuyler	9.70
marksmen	9.70
gunter	9.69
outburst	9.69
southerner	9.69
lumberman	9.69
cornet	9.69
whipcord	9.69
aleut	9.69
brilliantly	9.69
declined	9.69
ghent	9.68
malinche	9.68
muddle	9.68
poke	9.68
ebo	9.68
basement	9.68
painful	9.67
dhow	9.67
diplomatic	9.67
thrust	9.67
unpacking	9.67
electro	9.66
specks	9.66
metternich	9.66
filed	9.66
spicer	9.66
halliards	9.66
raking	9.66
blackboard	9.65
disappointments	9.65
tomato	9.65
hurting	9.65
frederic	9.65
nuffin	9.65
dime	9.65
abolitionists	9.65
werry	9.65
holliday	9.64
welton	9.64
luxuries	9.64
necessary	9.64
starvation	9.64
shrieked	9.64
mick	9.63
jordan	9.63
flannels	9.63
tain	9.63
hallett	9.63
clambering	9.63
tropical	9.63
mayne	9.62
dessay	9.62
sober	9.62
mutinous	9.62
mahan	9.62
perseverance	9.62
valparaiso	9.61
vesuvius	9.61
graduated	9.61
required	9.61
frame	9.61
sneaked	9.60
wading	9.60
yawn	9.60
suggestion	9.60
capsize	9.60
pikes	9.60
allie	9.60
plodded	9.60
busted	9.60
cod	9.59
karr	9.59
flip	9.59
blocked	9.59
doggie	9.59
salaman	9.59
stuffy	9.59
farragut	9.59
drivers	9.59
fender	9.58
formidable	9.58
hadden	9.58
avoid	9.58
headache	9.58
velasquez	9.57
waggons	9.57
bragg	9.57
herkimer	9.56
rosebud	9.56
guerrilla	9.56
shells	9.56
oaklands	9.56
vigilant	9.56
darley	9.56
nizam	9.55
bunkers	9.55
cougar	9.55
uninjured	9.55
democrats	9.55
lara	9.54
tableau	9.54
paying	9.54
scuffle	9.54
beresford	9.54
photograph	9.54
ahem	9.54
lem	9.54
laundry	9.54
recklessly	9.54
cruz	9.54
blurted	9.54
zeeland	9.54
fernald	9.54
horton	9.54
recaptured	9.54
fordham	9.53
exhaustion	9.53
embarrassed	9.53
brocas	9.53
spike	9.53
janie	9.53
mosquitoes	9.52
queerest	9.52
emphatic	9.52
brixton	9.52
listeners	9.52
harmer	9.52
radio	9.52
patriot	9.52
knack	9.52
trailing	9.52
anticipation	9.51
violin	9.51
lenoir	9.51
succeed	9.51
ross	9.51
mantel	9.51
convicts	9.51
marley	9.50
warehouses	9.50
cantered	9.50
topmasts	9.50
tarts	9.50
seasick	9.49
smithers	9.49
tickled	9.49
blazed	9.48
specialities	9.48
knitting	9.48
brigs	9.48
helmsman	9.48
annoying	9.48
stubbornly	9.47
standstill	9.47
fugitive	9.47
whoops	9.47
barreled	9.46
scuppers	9.46
flanagan	9.46
lounge	9.46
sayin	9.46
threatening	9.46
sophomores	9.46
vivid	9.45
garage	9.45
orde	9.45
calculate	9.45
placidly	9.44
needles	9.44
disconsolately	9.44
lining	9.44
lascelles	9.44
steadied	9.44
bulkhead	9.44
flap	9.44
banker	9.44
currants	9.44
telegrams	9.44
rockies	9.44
does	9.44
elevator	9.43
saloon	9.43
burt	9.43
notebook	9.43
late	9.42
repairs	9.42
raising	9.42
funniest	9.42
orchids	9.41
spalpeen	9.41
bitterly	9.41
togs	9.41
vigilance	9.40
rejoin	9.40
honestly	9.40
wriggled	9.40
captor	9.40
verendrye	9.39
throb	9.39
industriously	9.39
trimming	9.39
trooped	9.39
scraps	9.38
explode	9.38
coligny	9.38
sewall	9.38
swab	9.38
sidewalks	9.38
assailant	9.38
fatherly	9.38
neighbors	9.38
throat	9.37
allus	9.37
dunning	9.37
sheered	9.37
tenderfoot	9.37
career	9.37
shading	9.37
dut	9.37
shirts	9.36
smoked	9.36
bless	9.35
awkwardly	9.35
rafts	9.35
walton	9.35
hozier	9.34
brooks	9.34
railroads	9.34
despondent	9.34
dent	9.34
firelight	9.34
crib	9.33
boarder	9.33
haldor	9.33
sputtered	9.33
tully	9.32
brander	9.32
stowaway	9.32
graines	9.32
jeered	9.32
dearie	9.32
algerine	9.32
vote	9.32
aloft	9.32
collins	9.32
petted	9.32
halloran	9.31
pettishly	9.31
farmhouse	9.31
handspike	9.31
cynthy	9.31
manoeuvring	9.31
silva	9.30
refreshing	9.30
solemnly	9.30
leaks	9.30
spithead	9.30
ups	9.30
popped	9.30
discovery	9.30
babs	9.29
layer	9.29
meaningly	9.29
instructor	9.29
wasp	9.29
sterry	9.29
edgeworth	9.28
mahratta	9.28
campers	9.28
snowballs	9.28
quixote	9.28
maltese	9.28
gilder	9.28
clew	9.28
mormons	9.27
alias	9.27
scuffling	9.27
fudge	9.27
levis	9.27
independence	9.27
dominique	9.27
hallam	9.27
sneering	9.26
timid	9.26
unpleasantly	9.26
defences	9.25
chilians	9.25
fastening	9.25
zinc	9.25
fust	9.25
missionary	9.25
speculating	9.24
raed	9.24
objection	9.24
patterson	9.24
injin	9.24
niece	9.23
freckled	9.23
discontented	9.23
peeping	9.23
tooley	9.23
grimy	9.23
smeaton	9.23
latch	9.22
walsham	9.22
carrington	9.22
questioningly	9.22
raspberry	9.22
rustle	9.22
makin	9.22
seminary	9.22
bolted	9.21
duster	9.21
mias	9.21
nicolas	9.21
yachting	9.21
anxieties	9.21
picard	9.21
phin	9.21
mustangs	9.21
flashlight	9.20
pounce	9.20
patriotism	9.20
jaguars	9.20
hofe	9.20
peleg	9.20
punching	9.20
posts	9.19
bland	9.19
ballantyne	9.19
clancy	9.19
blow	9.19
opportunities	9.18
fidgeted	9.18
ushered	9.18
ikey	9.18
victorine	9.18
purchases	9.18
nigger	9.18
posy	9.18
henny	9.18
pgdp	9.18
despondently	9.17
safest	9.17
shudder	9.17
moorings	9.17
unceremoniously	9.17
ranche	9.17
haw	9.17
mines	9.17
rockland	9.17
knob	9.17
fittings	9.16
alberta	9.16
relieve	9.16
duff	9.15
overseer	9.15
willows	9.15
uneasiness	9.15
merrill	9.15
oakum	9.15
antoinette	9.15
vendome	9.14
dolphin	9.14
narrowly	9.14
drove	9.14
warningly	9.14
footsteps	9.14
clasped	9.14
carronades	9.13
denning	9.13
fours	9.13
revolution	9.13
beorn	9.13
huddled	9.13
stamping	9.13
typewriter	9.13
miamis	9.13
magnets	9.12
romp	9.12
eruption	9.12
humored	9.12
chintz	9.12
rougher	9.12
kentuckian	9.12
ache	9.12
currant	9.12
peep	9.12
haddo	9.11
loftily	9.11
earned	9.11
bosh	9.11
handcuffs	9.11
priming	9.11
darn	9.11
agoin	9.11
careworn	9.11
flaps	9.11
rangoon	9.11
polk	9.11
breakfasts	9.11
henshaw	9.11
obstinate	9.11
drownded	9.11
eliot	9.11
ravenscroft	9.11
slush	9.10
poorhouse	9.10
claflin	9.10
tangle	9.10
suited	9.10
tapped	9.10
pitt	9.10
grizzel	9.10
smoothing	9.09
kinsella	9.09
leonato	9.09
stillness	9.09
mantelpiece	9.09
pattering	9.09
belts	9.09
comforting	9.09
interfering	9.09
angekok	9.08
forced	9.08
thankfully	9.08
rallied	9.08
shutter	9.08
whirled	9.07
finances	9.07
orchard	9.07
dane	9.07
recruit	9.07
delight	9.07
luce	9.07
finley	9.07
cockatoo	9.07
scored	9.07
cusack	9.06
exasperating	9.06
bodo	9.06
gurgling	9.06
keane	9.06
laud	9.06
buller	9.06
audley	9.06
roundheads	9.06
arabi	9.05
bombs	9.05
lavender	9.05
derisive	9.05
questioning	9.05
marais	9.04
stylish	9.04
goldthwaite	9.04
monkey	9.04
cuffy	9.04
drury	9.04
mckinley	9.04
cracking	9.03
trading	9.03
foaming	9.03
scold	9.03
exchanging	9.03
voyageur	9.03
marsham	9.03
pemmican	9.03
solly	9.03
hillo	9.02
elinor	9.02
woodsman	9.02
avast	9.02
mischief	9.02
paralysed	9.02
seem	9.02
rumble	9.02
gym	9.01
tick	9.01
energetic	9.01
elastic	9.01
reindeer	9.01
suppressed	9.01
acrobat	9.01
decide	9.01
euclid	9.01
punched	9.00
saratoga	9.00
gregorio	9.00
hasty	9.00
carnegie	9.00
crusty	9.00
galvez	9.00
doughnuts	9.00
picketed	8.99
defensive	8.99
upsetting	8.99
delicious	8.99
mugger	8.99
shipowner	8.99
respectful	8.99
throats	8.99
privateering	8.98
arbroath	8.98
colbert	8.98
worth	8.98
stifling	8.98
four	8.98
netting	8.98
applause	8.98
marengo	8.98
drawback	8.97
tubbs	8.96
slippery	8.96
marmalade	8.96
varmint	8.96
bowman	8.95
whining	8.95
hanson	8.95
replying	8.95
hotspur	8.95
bullied	8.95
mackey	8.95
uneventful	8.95
caretaker	8.95
bream	8.95
aides	8.95
blacking	8.95
cowman	8.94
woodburn	8.94
ostriches	8.94
tact	8.94
finally	8.94
needle	8.94
beefsteak	8.94
millville	8.93
teaser	8.93
benoit	8.93
shivered	8.93
chorused	8.93
atwater	8.93
peanut	8.93
dusting	8.93
tadpoles	8.93
edi	8.93
poona	8.92
calvin	8.92
balloons	8.92
wrists	8.92
picnics	8.92
dispatches	8.92
chastel	8.92
spose	8.92
snooze	8.92
tail	8.91
burley	8.91
marryat	8.91
rowe	8.91
somber	8.91
muffins	8.91
straining	8.90
cache	8.90
niven	8.90
madelaine	8.90
breakfasted	8.90
selle	8.90
mill	8.90
bunch	8.90
erling	8.89
snorted	8.89
knapsacks	8.89
dragoons	8.89
pickle	8.89
sortie	8.89
foller	8.89
blizzard	8.89
veered	8.89
pannikin	8.89
shipping	8.89
florry	8.89
alick	8.89
orton	8.89
jubilant	8.89
banging	8.88
igloo	8.88
bonaparte	8.88
delayed	8.88
chaffing	8.88
screwing	8.88
suitcase	8.87
vanilla	8.87
gaily	8.86
geraniums	8.86
cub	8.86
crumbs	8.86
sheer	8.86
coastguard	8.86
mended	8.86
pinafore	8.86
sor	8.85
smarting	8.85
afghans	8.85
tapping	8.84
eggleston	8.84
mohawk	8.84
wur	8.84
jeb	8.84
secession	8.84
weathered	8.84
gringo	8.84
unpacked	8.84
auctioneer	8.84
limped	8.84
motto	8.84
zappa	8.83
cruised	8.83
seein	8.83
pursed	8.83
ney	8.83
egmont	8.83
bayliss	8.83
cuddled	8.83
crony	8.83
miami	8.83
choke	8.83
jab	8.83
gudrid	8.83
months	8.82
negotiations	8.82
delightedly	8.82
asahel	8.82
chateaugay	8.82
layton	8.82
grated	8.81
tiptoe	8.81
audrey	8.81
bennett	8.81
eddystone	8.81
remain	8.80
hilbert	8.80
quadrangle	8.80
shovels	8.80
tablespoonful	8.80
grand	8.79
quartette	8.79
salesman	8.79
atmosphere	8.79
petronella	8.79
provoking	8.79
marianna	8.79
molloy	8.78
yourselves	8.78
creighton	8.78
stubbs	8.78
danby	8.78
dobbin	8.78
ethan	8.78
crushing	8.78
wester	8.78
canteen	8.78
nuna	8.78
taters	8.78
pulley	8.78
diggin	8.78
quinine	8.78
flapping	8.78
tyler	8.78
dobson	8.78
palings	8.78
blakeley	8.77
howld	8.77
somersault	8.77
downes	8.77
gizeh	8.77
stairway	8.76
pennies	8.76
blinking	8.76
lick	8.75
kennebec	8.75
casualties	8.75
hosses	8.75
otto	8.75
microscope	8.75
rushton	8.75
purchased	8.75
fences	8.75
gadarn	8.74
davidson	8.74
customer	8.74
canary	8.74
peen	8.73
dunlop	8.73
herder	8.73
engagement	8.73
decent	8.73
mildly	8.73
halfden	8.73
earshot	8.73
inning	8.73
skated	8.73
holster	8.73
telephoned	8.73
fleda	8.73
cleverly	8.73
classroom	8.72
graduation	8.72
simmons	8.72
geese	8.72
dip	8.72
momentarily	8.72
capitally	8.72
deserve	8.72
abigail	8.72
milwaukee	8.72
biplane	8.72
frampton	8.72
gaspard	8.72
sealskin	8.72
tiffany	8.72
pounding	8.72
discomfort	8.72
hume	8.72
sparkling	8.71
hawkins	8.71
apprehensively	8.71
intervals	8.71
cordage	8.71
scanned	8.71
vesey	8.70
unconcerned	8.70
risked	8.70
dutcher	8.70
langlade	8.70
sedate	8.70
tearing	8.70
shoulders	8.70
gartney	8.70
spruce	8.70
gripping	8.70
bremner	8.70
sailboat	8.70
greatly	8.69
arrive	8.69
fowling	8.69
ingleton	8.69
remonstrated	8.68
hims	8.68
sheepishly	8.68
gardening	8.67
rodman	8.67
soudanese	8.67
elgiva	8.67
scrubbed	8.67
standish	8.67
stronger	8.67
teeth	8.67
nickel	8.66
motioning	8.66
teague	8.66
booming	8.66
deary	8.66
rescuers	8.66
delicate	8.66
capitan	8.66
rochelle	8.66
eureka	8.66
except	8.66
manfully	8.66
patrols	8.66
companies	8.66
slag	8.65
shrank	8.65
lymington	8.65
toppled	8.65
gaines	8.65
takin	8.65
raked	8.65
varley	8.64
operator	8.64
jr	8.64
clarence	8.64
exam	8.64
appetites	8.64
bustling	8.63
shyness	8.63
depressing	8.63
brooklyn	8.63
wardrobe	8.63
summer	8.63
touched	8.63
blinked	8.63
tomahawks	8.63
asbiorn	8.62
newnham	8.62
ladybug	8.62
shuffling	8.62
glowing	8.62
jacks	8.61
relaxed	8.61
innings	8.61
kindest	8.61
ellis	8.61
hansom	8.61
browned	8.61
hartington	8.61
swagger	8.61
felipe	8.61
eatin	8.61
treat	8.61
crumpled	8.61
sieu	8.61
wyandots	8.61
slugs	8.60
steeper	8.60
colors	8.60
dempster	8.60
pawnbroker	8.60
edging	8.60
pouted	8.60
sachem	8.60
gull	8.60
miguel	8.60
dismasted	8.59
grover	8.59
lariat	8.59
mostyn	8.59
naturalists	8.59
settlement	8.59
flashes	8.59
agreeable	8.59
righting	8.59
chop	8.59
giddy	8.59
newport	8.58
algerines	8.58
dalny	8.58
injins	8.58
realizing	8.58
eclipses	8.58
patchwork	8.58
shortly	8.58
ingvar	8.58
crewe	8.57
dressmaker	8.57
merriam	8.57
dormitories	8.57
independents	8.57
tummus	8.57
ephraim	8.57
fatiguing	8.57
belgrave	8.56
ducking	8.56
tabitha	8.56
partially	8.56
clapped	8.56
wildcats	8.56
chopped	8.56
vendee	8.55
barnacle	8.55
missiles	8.55
tiptoed	8.55
quong	8.55
sylph	8.55
cooped	8.55
unscrupulous	8.55
napping	8.55
lathe	8.55
stub	8.55
pigtail	8.55
exploding	8.55
jarman	8.54
horsemen	8.54
polar	8.54
madras	8.54
piling	8.54
proofreading	8.54
higson	8.53
longboat	8.53
carr	8.53
slapped	8.53
grayson	8.53
striker	8.53
irving	8.53
fidgeting	8.53
blockading	8.53
givin	8.52
westerner	8.52
engrossed	8.52
hyder	8.52
bainbridge	8.52
chaloner	8.52
steadiness	8.52
inaction	8.52
alric	8.52
embarrassing	8.51
evenly	8.51
winton	8.51
ranchero	8.51
heregar	8.51
squeal	8.51
savings	8.51
vaugirard	8.51
permit	8.51
careened	8.50
roanoke	8.50
tion	8.50
ringing	8.50
battering	8.50
persevered	8.50
flyaway	8.50
volcanoes	8.50
upwards	8.50
dutchmen	8.49
kettles	8.49
windmill	8.49
cigarettes	8.49
roughing	8.49
soundings	8.49
burman	8.49
waistcoat	8.49
hurray	8.49
providentially	8.49
mouthful	8.49
digby	8.49
virginians	8.49
delafield	8.49
osric	8.49
pacheco	8.49
skees	8.49
dump	8.49
kestrel	8.49
stumped	8.48
imagine	8.48
petulantly	8.48
plunged	8.48
gos	8.48
scurried	8.48
wagged	8.48
hysterically	8.48
vell	8.48
adriana	8.48
pincher	8.47
cubicle	8.47
buccaneers	8.47
drayne	8.47
approve	8.47
postman	8.47
decoys	8.47
bowline	8.47
prowler	8.46
coasting	8.46
wrist	8.46
muggins	8.46
totty	8.46
collie	8.46
reg	8.46
halifax	8.45
backwoodsman	8.45
scratching	8.45
diagonally	8.45
wheeler	8.45
phoebe	8.45
chocolates	8.45
funds	8.44
wiser	8.44
philander	8.44
flatboat	8.44
pouring	8.43
cabul	8.43
hilarious	8.43
jacksonville	8.43
desperadoes	8.43
whiz	8.43
whipple	8.43
yourn	8.43
gunwales	8.43
sanford	8.43
grandmother	8.43
lehigh	8.43
charades	8.42
fusillade	8.42
cushioned	8.42
clothing	8.42
mules	8.42
gigs	8.42
toots	8.42
occasionally	8.42
stunts	8.41
annesley	8.41
promptitude	8.41
saucy	8.41
jolliest	8.41
saucers	8.41
online	8.41
tlascalans	8.41
skinning	8.40
hawse	8.40
scrubbing	8.40
automatic	8.40
tumbu	8.40
tubs	8.39
recommenced	8.39
shower	8.39
polixenes	8.39
rocker	8.39
chimneys	8.39
ridiculous	8.39
pensionary	8.39
forks	8.39
rhinoceros	8.39
neatness	8.39
enviously	8.38
errands	8.38
schomberg	8.38
wulfric	8.38
thanks	8.38
hickory	8.38
snowshoe	8.38
mop	8.38
disappearing	8.38
brimmer	8.38
homelike	8.38
petroff	8.38
insubordination	8.37
batchelor	8.37
babby	8.37
flattened	8.37
varsity	8.37
whoa	8.37
sputtering	8.37
perspiring	8.37
skimming	8.37
tromp	8.37
lanky	8.37
bulmer	8.37
fannin	8.37
hopefulness	8.37
bagged	8.37
digging	8.36
luxuriously	8.36
artillerymen	8.36
perrin	8.36
loudly	8.36
calculations	8.36
bowler	8.36
blackguard	8.36
noses	8.36
navigator	8.36
hicks	8.36
schoolgirl	8.36
pole	8.36
swamps	8.36
garibaldi	8.35
recitations	8.35
balls	8.35
experience	8.35
film	8.35
wiley	8.35
behaving	8.35
aisy	8.34
congratulated	8.34
ravenshaw	8.34
classmate	8.34
tarbox	8.34
envelopes	8.34
meditatively	8.34
forbes	8.33
nesta	8.33
gesticulating	8.33
sausage	8.33
gammon	8.33
federals	8.33
mops	8.33
griffeth	8.33
reynolds	8.33
lacy	8.33
viola	8.32
gorges	8.32
hayden	8.32
pisani	8.31
larkin	8.31
cocking	8.31
parkman	8.31
chunk	8.31
songbird	8.31
snowed	8.31
stolidly	8.31
chattanooga	8.31
larkspur	8.31
hobbs	8.31
bermuda	8.31
blackguards	8.31
crowding	8.31
silvia	8.30
hardships	8.30
repton	8.30
stonewall	8.30
kezia	8.30
montez	8.30
strange	8.30
younker	8.30
smuggling	8.30
smartest	8.29
patronising	8.29
fathoms	8.29
encouragement	8.29
coax	8.29
wyclif	8.29
wiggin	8.29
nineteen	8.28
remonstrance	8.28
peyster	8.28
financial	8.28
parlors	8.28
winfield	8.28
grenadiers	8.28
collapsed	8.28
owens	8.28
smack	8.28
howard	8.28
swordsman	8.28
cheeky	8.28
dolph	8.28
shingles	8.27
tomahawk	8.27
mingled	8.27
putty	8.27
villains	8.27
sparkled	8.27
canals	8.27
peg	8.27
bolsover	8.26
suspicion	8.26
omnibus	8.26
wegg	8.26
scolding	8.26
steep	8.26
conceited	8.26
fraulein	8.26
lonesome	8.26
parole	8.25
carpet	8.25
peppers	8.25
dikes	8.25
talboys	8.25
soaking	8.25
redoubts	8.25
baling	8.25
roswell	8.25
tuh	8.25
responsibility	8.25
creaking	8.25
barricades	8.25
palefaces	8.25
reassuring	8.25
sensitive	8.25
famously	8.24
curl	8.24
bruce	8.24
quieted	8.24
carnaby	8.24
crusader	8.24
chile	8.24
aggravating	8.24
munroe	8.24
warned	8.24
helm	8.24
indifference	8.24
disconcerting	8.24
rancho	8.24
seaton	8.24
inexperienced	8.24
reptile	8.23
flukes	8.23
manila	8.23
pendulum	8.22
bushnell	8.22
stationery	8.22
general	8.22
fascinated	8.22
toby	8.22
paces	8.22
galleon	8.22
everglades	8.21
wiggins	8.21
jost	8.21
orsino	8.21
rounded	8.21
shuffled	8.20
stopper	8.20
clere	8.20
shrinking	8.19
wahb	8.19
flitted	8.19
housemaid	8.19
accountant	8.19
bulb	8.19
canadian	8.19
soldered	8.19
fink	8.19
gillam	8.19
reliant	8.19
navigating	8.19
mistaking	8.19
excursions	8.19
surlily	8.19
bourne	8.18
cotter	8.18
outposts	8.18
explored	8.18
mightn	8.18
lanthorns	8.18
crutches	8.18
tops	8.18
donkey	8.18
gasping	8.17
concert	8.17
pieter	8.17
trailer	8.17
wickets	8.17
moodily	8.17
bushrangers	8.17
retired	8.16
delaney	8.16
jip	8.16
disciplined	8.16
saya	8.16
foothold	8.16
statesmen	8.16
mormon	8.15
parton	8.15
secretary	8.15
logan	8.15
belinda	8.15
creams	8.15
blouses	8.15
runner	8.15
lafayette	8.15
chump	8.15
hobbled	8.15
webb	8.15
algebra	8.14
medlock	8.14
jug	8.14
thoughtfulness	8.14
entirely	8.14
unload	8.13
actively	8.13
redwood	8.13
curtains	8.13
responsibilities	8.12
ashe	8.12
corinne	8.12
callao	8.12
gowrie	8.12
iver	8.12
patter	8.12
abstractedly	8.12
ayah	8.12
latimer	8.12
moss	8.12
syrup	8.12
bounced	8.12
tybalt	8.11
roll	8.11
feelin	8.11
hartford	8.11
brussels	8.11
guerrillas	8.11
noue	8.11
airship	8.11
drying	8.11
skinned	8.11
stalker	8.11
savonarola	8.11
yorktown	8.11
calmness	8.10
parapet	8.10
absolutism	8.10
cuffs	8.10
reappeared	8.10
mexicans	8.10
willis	8.10
panama	8.10
northwest	8.10
pounced	8.10
pinnace	8.09
freeze	8.09
tool	8.09
longshoreman	8.09
oxygen	8.09
ignoring	8.09
receipt	8.09
frances	8.09
fumbled	8.09
smedley	8.09
athletic	8.08
tavish	8.08
tucker	8.08
straightening	8.08
stretched	8.08
sanguine	8.08
grimshaw	8.08
lobo	8.08
clayton	8.08
patterdale	8.08
hemingway	8.08
ungava	8.08
armchair	8.08
elderly	8.08
encouraged	8.08
chasers	8.07
wrapper	8.07
thrasher	8.07
gooseberry	8.07
aristocratic	8.07
lechmere	8.07
stoves	8.07
chirp	8.07
shrieks	8.07
silvery	8.07
magellan	8.07
watter	8.07
telegraphic	8.07
merton	8.06
harlow	8.06
luxemburg	8.06
timmins	8.06
harmon	8.06
phelim	8.06
assortment	8.06
forcing	8.06
amounted	8.06
poncho	8.06
loose	8.06
meself	8.06
regulators	8.05
fidget	8.05
rascally	8.05
landon	8.05
licked	8.05
skaters	8.05
pursuer	8.04
toned	8.04
stanfield	8.04
aviator	8.04
rustlers	8.04
whitey	8.04
hearties	8.03
sweater	8.03
lama	8.03
hatty	8.03
threatened	8.03
fidgety	8.02
ears	8.02
spanker	8.02
cos	8.02
daggett	8.01
invincibles	8.01
baird	8.01
middies	8.01
nothink	8.01
stuffing	8.01
advice	8.01
promised	8.01
burroughs	8.01
ernst	8.00
clicking	8.00
scraper	8.00
ironed	8.00
intrenchments	8.00
pastor	8.00
ironclad	8.00
sailer	8.00
kangaroos	8.00
piter	8.00
schoolfellow	8.00
truthfully	8.00
clapp	8.00
jauntily	8.00
drills	8.00
films	8.00
pampas	8.00
kellogg	8.00
blanco	8.00
guerilla	8.00
sallie	8.00
moxley	8.00
peek	8.00
radford	8.00
giffard	8.00
neckties	8.00
taff	8.00
cheque	7.99
apache	7.99
credit	7.99
barclay	7.99
faix	7.99
evarts	7.99
quagga	7.99
norseman	7.99
excelsior	7.98
bottomed	7.98
spout	7.98
cupboards	7.98
strap	7.98
zir	7.98
resuming	7.98
nip	7.98
disconcerted	7.97
raw	7.97
chestnuts	7.97
fatigue	7.97
holsters	7.97
lennard	7.96
mctavish	7.96
torngak	7.96
havre	7.96
chronometer	7.96
keziah	7.96
rag	7.95
hamblin	7.95
downs	7.95
whig	7.95
turpentine	7.95
benton	7.94
wadsworth	7.94
throbbing	7.94
squatter	7.94
tacking	7.94
osman	7.94
brokenly	7.94
tipping	7.94
squads	7.94
lanes	7.94
villars	7.94
hollanders	7.94
becoming	7.93
pleadingly	7.93
complimented	7.93
tide	7.93
confronted	7.93
bristow	7.93
abeam	7.93
jule	7.93
lazaro	7.93
peaches	7.92
grab	7.92
fork	7.92
martell	7.92
polishing	7.92
diamond	7.92
parachute	7.92
lens	7.91
forage	7.91
himself	7.91
batting	7.91
woodshed	7.91
drinkwater	7.90
marine	7.90
batter	7.90
mule	7.90
resolutions	7.90
barlow	7.90
gashly	7.90
expostulated	7.90
howland	7.90
toboggan	7.90
examine	7.90
carrack	7.89
sobs	7.89
bobbed	7.89
leaked	7.89
thumping	7.89
gyda	7.89
henniker	7.89
chatillon	7.89
heeling	7.89
caribou	7.89
goody	7.89
flo	7.89
questioner	7.89
twos	7.88
scurrying	7.88
damped	7.88
gills	7.88
nipped	7.88
sawdust	7.88
org	7.88
schoolboys	7.88
byes	7.88
putt	7.88
browns	7.88
ricketts	7.88
rollers	7.87
swinton	7.87
dollies	7.87
flutter	7.87
twitched	7.87
protege	7.87
steamboats	7.87
irritably	7.87
spliced	7.87
ketched	7.87
lashing	7.87
gittin	7.86
janet	7.86
unnoticed	7.86
whizzing	7.86
croaker	7.86
solder	7.86
outpost	7.85
waltz	7.85
ironing	7.85
schoolmate	7.85
motors	7.85
nough	7.85
slingsby	7.85
elegant	7.85
glow	7.85
observing	7.85
breathing	7.85
nerissa	7.84
peon	7.84
bandits	7.84
tariff	7.84
cots	7.84
impatience	7.84
arnheim	7.84
becaus	7.84
letters	7.83
lighted	7.83
sofas	7.83
girty	7.83
jeanette	7.83
frenchy	7.83
shotted	7.83
apologized	7.83
lifeboats	7.83
beckoned	7.83
wipe	7.83
gum	7.83
vas	7.82
rats	7.82
mandibles	7.82
quizzical	7.82
frizzle	7.82
quizzically	7.82
soldiering	7.82
raither	7.82
norris	7.81
conning	7.81
pasteboard	7.81
idee	7.81
squealed	7.81
powhatan	7.81
hows	7.81
snowing	7.81
sextant	7.81
squeezed	7.81
waiters	7.81
dutchy	7.81
clary	7.81
twisting	7.81
mince	7.81
margie	7.80
masham	7.80
sunnyside	7.80
aeroplanes	7.80
scraped	7.80
capulet	7.80
discuss	7.80
thoughtless	7.80
zoon	7.80
study	7.80
commotion	7.80
afterward	7.80
briant	7.80
woodcraft	7.79
sirdar	7.79
approving	7.79
sanderson	7.79
strategy	7.79
rastle	7.79
lecture	7.79
avalanche	7.78
chock	7.78
amsterdam	7.78
pearson	7.78
shouldering	7.78
oriole	7.78
natives	7.78
calculated	7.77
plump	7.77
newfoundland	7.77
deering	7.77
haversack	7.77
mirandy	7.77
sympathise	7.77
keefe	7.77
stir	7.77
dazed	7.76
doze	7.76
segments	7.76
pacific	7.76
composedly	7.76
mountaineer	7.76
puzzling	7.76
clatter	7.76
bicycles	7.76
peons	7.76
hinman	7.76
sinton	7.76
gracefully	7.76
teal	7.76
resigned	7.76
audubon	7.76
alec	7.76
hippy	7.75
pinckney	7.75
athelstane	7.75
bowery	7.75
gleeful	7.75
nudged	7.75
readin	7.75
fumbling	7.75
reporting	7.75
yar	7.75
blustered	7.75
celestina	7.74
scalping	7.74
corral	7.74
crutch	7.74
snubby	7.74
upton	7.74
sukey	7.74
myra	7.74
golly	7.74
bugler	7.74
civilians	7.74
surf	7.73
undulating	7.73
upturned	7.72
waterloo	7.72
grigsby	7.72
forgit	7.72
explosive	7.72
skimmed	7.72
smelled	7.72
parker	7.72
damer	7.72
malta	7.72
operation	7.72
patsey	7.71
smuggled	7.71
cone	7.71
surged	7.71
ojeda	7.71
stitches	7.71
cleats	7.71
fluxion	7.71
belmont	7.70
cowed	7.70
bolt	7.70
nuther	7.70
cavalrymen	7.70
frantic	7.70
bronco	7.70
olivine	7.70
hinted	7.70
paddock	7.70
gingerly	7.70
unconscious	7.70
telescopes	7.70
quay	7.69
gomez	7.69
tie	7.69
yep	7.69
snowstorm	7.69
coaxingly	7.69
crevices	7.69
austria	7.68
elector	7.68
hanks	7.68
barbadoes	7.68
hulls	7.68
pocahontas	7.68
swindle	7.68
wuth	7.68
every	7.68
chimpanzee	7.68
carlo	7.68
caribbean	7.68
interjected	7.68
betokened	7.68
nursing	7.68
flooring	7.67
superintending	7.67
ritz	7.67
ballard	7.67
quieter	7.67
outnumbered	7.67
vigorous	7.67
coates	7.66
croquet	7.66
mervyn	7.66
glowed	7.66
righted	7.66
ducked	7.66
topsy	7.66
colorado	7.66
fastest	7.66
member	7.66
elfreda	7.66
seasickness	7.66
backwoodsmen	7.66
stretchers	7.66
tanda	7.66
cipher	7.66
allowing	7.66
copley	7.65
successes	7.65
cookie	7.65
tap	7.65
blandford	7.65
lockett	7.65
burglary	7.65
mocenigo	7.65
hessians	7.65
frontiersmen	7.65
snowdrops	7.65
bigot	7.64
hardest	7.64
armful	7.64
dispirited	7.64
stormed	7.64
earning	7.64
owners	7.64
laffan	7.64
uproarious	7.63
satchel	7.63
rambling	7.63
overalls	7.63
ah	7.63
vilda	7.63
plebes	7.63
prety	7.63
buckshot	7.63
breathe	7.63
perpendicularly	7.63
refreshments	7.63
saucer	7.63
armada	7.62
prefer	7.62
furlough	7.62
portage	7.62
rectory	7.62
gunshot	7.62
faraday	7.62
hawkes	7.62
vise	7.62
prig	7.62
rejoining	7.62
tomatoes	7.62
ranches	7.62
dairyman	7.62
lexington	7.62
albright	7.62
levers	7.62
pert	7.62
palos	7.61
easel	7.61
hossein	7.61
puss	7.61
refreshed	7.61
raspberries	7.61
crossley	7.61
dade	7.61
ironsides	7.61
magnetic	7.61
prospector	7.61
pina	7.61
massacre	7.60
kits	7.60
mangroves	7.60
nearby	7.60
belaying	7.60
ome	7.60
weeding	7.60
farrington	7.60
legged	7.59
stoute	7.59
ominously	7.59
leaders	7.59
knowin	7.59
gratiano	7.59
inboard	7.59
fretful	7.58
cadiz	7.58
brigadier	7.58
purcell	7.58
gulped	7.58
chone	7.58
botany	7.58
falling	7.57
hop	7.57
consisted	7.57
talkin	7.57
bress	7.57
towser	7.57
loike	7.57
serape	7.57
ashurst	7.57
kape	7.57
pads	7.57
crump	7.56
tempered	7.56
crackle	7.56
diplomacy	7.56
perceptibly	7.56
cubans	7.56
fags	7.56
frightfully	7.56
directory	7.56
rumpus	7.56
flipper	7.56
underhill	7.56
sandbank	7.56
charlotte	7.55
federalists	7.55
cantering	7.55
landsmen	7.55
hornpipe	7.55
wherry	7.55
frills	7.55
burrow	7.55
albuquerque	7.55
plumped	7.55
edwin	7.55
shaded	7.55
reprovingly	7.55
greenbacks	7.55
mastaba	7.55
pincushion	7.54
program	7.54
polani	7.54
stool	7.54
howlett	7.54
interrupting	7.54
brabant	7.54
towels	7.54
shirk	7.53
thankee	7.53
experiences	7.53
tato	7.53
beg	7.53
mattress	7.52
wance	7.52
franc	7.52
rattle	7.52
ceiling	7.52
twining	7.52
camille	7.52
monteith	7.52
thyra	7.52
perks	7.51
reproachful	7.51
nowell	7.51
lili	7.51
malines	7.51
liner	7.51
accommodate	7.50
unwilling	7.50
canteens	7.50
bubble	7.50
fete	7.50
skirmishing	7.50
supercilious	7.50
nerved	7.50
clutch	7.50
aide	7.50
lena	7.49
thinner	7.49
freckles	7.49
contraband	7.49
irate	7.49
binney	7.49
bridgwater	7.49
intrenched	7.49
counting	7.49
rider	7.49
toulon	7.49
mayflower	7.49
queerly	7.49
swindler	7.49
plotters	7.49
impolite	7.49
sumner	7.49
baize	7.49
skim	7.48
dusted	7.48
atherton	7.48
camillo	7.48
scuttling	7.48
wired	7.48
blackall	7.48
marmont	7.48
tartly	7.48
downright	7.48
peccaries	7.48
refit	7.48
gauge	7.48
baptiste	7.48
scuttled	7.48
anaconda	7.48
oilskin	7.48
bunyip	7.48
ballroom	7.48
policy	7.47
audible	7.47
roof	7.47
clamber	7.47
possibility	7.47
ascendency	7.47
houseboat	7.46
regimental	7.46
hollo	7.46
speck	7.46
complimentary	7.46
feels	7.45
schooling	7.45
flagg	7.45
sampan	7.45
tulle	7.45
mechanically	7.45
urging	7.45
fosdick	7.45
unloaded	7.45
disappointing	7.44
shorten	7.44
soldierly	7.44
outfield	7.44
screened	7.44
deserter	7.44
evergreens	7.44
jewelry	7.44
potto	7.44
rimmer	7.44
bolton	7.43
careening	7.43
floridian	7.43
fredericksburg	7.43
payson	7.43
cathay	7.43
sieur	7.43
tag	7.43
raining	7.43
ramming	7.43
jaunty	7.43
munching	7.43
totality	7.43
mackenzie	7.43
past	7.43
sleds	7.43
gamala	7.42
pleasantest	7.42
rickety	7.42
phosphorescent	7.42
runabout	7.42
zebras	7.42
afire	7.42
mobs	7.42
cabs	7.42
janitor	7.42
presentable	7.42
bermudas	7.42
embargo	7.42
henrietta	7.42
philetus	7.41
tigre	7.41
stockmen	7.41
novelty	7.41
balancing	7.41
luffed	7.41
saltonstall	7.41
walruses	7.41
abijah	7.41
dredge	7.41
giraffes	7.41
sensible	7.40
muffled	7.40
chill	7.40
addie	7.40
capsizing	7.40
gene	7.40
cesario	7.40
cafe	7.40
galley	7.40
cheerfulness	7.40
rescuing	7.40
swell	7.40
runners	7.40
slippers	7.40
cornered	7.40
millionaires	7.40
hazing	7.39
lustily	7.39
dreaming	7.39
iachimo	7.39
meow	7.39
sculling	7.39
bothers	7.39
stanchions	7.39
ealdorman	7.39
mangrove	7.38
motherless	7.38
sidi	7.38
hocker	7.38
wetting	7.38
avay	7.38
butterfield	7.38
saussure	7.38
barracouta	7.38
valises	7.38
gripped	7.38
gloy	7.38
kachins	7.38
densely	7.37
sympathies	7.37
excursionists	7.37
pontoon	7.37
sidmouth	7.37
cawnpore	7.37
bobolinks	7.37
pim	7.37
trapped	7.37
fishley	7.37
hermoso	7.37
churi	7.37
commence	7.37
bantering	7.36
threateningly	7.36
recess	7.36
easiest	7.36
paraffin	7.36
signor	7.36
minette	7.36
growed	7.36
dumped	7.35
springy	7.35
brimmed	7.35
musn	7.35
woodchuck	7.35
coaching	7.35
zigzag	7.35
llewelyn	7.35
arnkel	7.35
catbird	7.35
swythe	7.35
lava	7.34
thunderous	7.34
compartment	7.34
hazelton	7.34
wilks	7.34
brayton	7.34
distant	7.34
customers	7.34
tugg	7.34
giggle	7.34
netherland	7.34
transportation	7.34
debating	7.34
tilted	7.34
glued	7.34
communists	7.33
pajamas	7.33
refitting	7.33
kayaks	7.33
ogilvy	7.33
sly	7.33
tires	7.33
boyd	7.33
quivering	7.33
dinners	7.33
surrendered	7.33
rusty	7.32
mosely	7.32
hemming	7.32
hens	7.32
aimed	7.32
dieskau	7.32
white	7.32
areskoui	7.32
attend	7.32
hunne	7.32
scarboro	7.31
raleigh	7.31
chilton	7.31
exposure	7.31
talent	7.31
growls	7.31
discomforts	7.31
conciliatory	7.31
woolen	7.31
garry	7.30
tingling	7.30
lemm	7.30
ursula	7.30
discouraging	7.30
furtively	7.30
leveled	7.29
runnin	7.29
enormous	7.29
rounds	7.29
searched	7.29
soothing	7.29
kicks	7.29
limply	7.29
vallance	7.29
ankles	7.29
anchoring	7.29
denzil	7.28
vychan	7.28
tammy	7.28
cabman	7.28
foolscap	7.28
gallagher	7.28
freshen	7.28
speedwell	7.28
yaw	7.28
howling	7.28
skulking	7.28
creamy	7.28
bulkheads	7.28
dogged	7.28
unbounded	7.28
fooled	7.28
treed	7.27
effect	7.27
auction	7.27
nestled	7.27
stansfield	7.27
thorward	7.27
englanders	7.27
boatmen	7.27
bustled	7.27
belave	7.26
spree	7.26
garay	7.26
nettled	7.26
barge	7.26
welland	7.26
turks	7.26
pantaloons	7.26
message	7.25
slidell	7.25
swankie	7.25
ferns	7.25
maloney	7.25
watchers	7.25
leroux	7.25
disgustedly	7.25
atlanta	7.25
expectations	7.25
screen	7.25
sympathetically	7.25
mackworth	7.25
onontio	7.25
textiles	7.25
stagger	7.25
yellowish	7.25
paez	7.24
raisins	7.24
greasers	7.24
outs	7.24
bark	7.24
megaphone	7.24
sandwich	7.24
sloops	7.24
oiled	7.24
intirely	7.24
obediently	7.24
ledges	7.24
indifferent	7.24
snip	7.23
blunderbuss	7.23
chisel	7.23
conger	7.23
windmills	7.23
wenamon	7.23
hiss	7.23
mutineer	7.23
loupe	7.23
tchah	7.23
treadwell	7.23
equanimity	7.23
beauregard	7.23
dimples	7.23
respectfully	7.23
jolting	7.23
marrot	7.22
coop	7.22
decreased	7.22
fel	7.22
ugu	7.22
heartiness	7.22
jumper	7.22
unprepared	7.22
pew	7.22
wagging	7.22
precaution	7.22
trafalgar	7.22
directors	7.22
ravenously	7.22
chamois	7.22
gambling	7.22
hunted	7.22
fussy	7.22
furry	7.21
misjudged	7.21
purred	7.21
hispaniola	7.21
manatee	7.21
archaeologist	7.21
renegades	7.21
puffy	7.21
jardine	7.21
lupe	7.21
wrinkling	7.21
vociferously	7.21
stampeded	7.21
oliphant	7.21
permission	7.21
flopped	7.21
sherburne	7.21
deeper	7.21
aluminum	7.21
attics	7.21
rendezvous	7.21
blaisdell	7.21
nettley	7.21
unsteady	7.21
pitifully	7.21
suggestions	7.21
lunda	7.21
ramesses	7.21
missus	7.21
singapore	7.20
bolter	7.20
bruff	7.20
birket	7.20
wareham	7.20
broached	7.20
billee	7.20
peters	7.20
acton	7.20
thrilled	7.19
prettily	7.19
target	7.19
indecision	7.19
flanking	7.19
encourage	7.19
soliloquized	7.19
noose	7.19
byrd	7.19
map	7.19
exhibition	7.19
pinta	7.19
shawnee	7.18
expects	7.18
hucks	7.18
plumfield	7.18
royle	7.18
cookin	7.18
squeezing	7.18
speculated	7.17
dam	7.17
englander	7.17
unobserved	7.17
ghauts	7.17
verandah	7.17
petting	7.16
progressing	7.16
carthew	7.16
bar	7.16
wide	7.16
lookouts	7.16
bantam	7.16
superintend	7.16
baled	7.16
fried	7.16
moros	7.16
steadying	7.16
misgivings	7.16
inspecting	7.15
grimace	7.15
mazard	7.15
nettings	7.15
providence	7.15
coons	7.15
luxurious	7.15
gleam	7.15
johannes	7.15
topped	7.15
vermont	7.15
scribbled	7.15
hampers	7.15
flurried	7.14
slamming	7.14
burros	7.14
omnibuses	7.14
tyrker	7.14
uniformed	7.14
fitch	7.14
shrapnel	7.14
depth	7.14
mallery	7.14
blackbeard	7.14
simson	7.14
saib	7.14
management	7.14
shamming	7.14
bingley	7.14
halsey	7.14
mascot	7.14
economical	7.14
billie	7.13
groningen	7.13
donnithorne	7.13
massan	7.13
interrogatively	7.13
ludlow	7.13
roomy	7.13
fotheringham	7.13
sternness	7.12
proudly	7.12
gato	7.12
cherries	7.12
snowball	7.12
lull	7.12
examined	7.12
disaster	7.11
anden	7.11
gauchos	7.11
piney	7.11
gatling	7.11
cads	7.11
sitz	7.11
wimble	7.11
placid	7.11
romping	7.11
lanfranc	7.11
marmots	7.11
crisply	7.11
eccentric	7.10
bailed	7.10
merino	7.10
bulbs	7.10
thwart	7.10
moths	7.10
constable	7.10
inspected	7.10
huntin	7.10
chopping	7.09
exerting	7.09
batters	7.09
domingo	7.09
storming	7.09
blotting	7.09
tighter	7.09
prussia	7.09
caressingly	7.09
massey	7.09
enterprise	7.09
shrimp	7.09
paulding	7.08
serenely	7.08
absently	7.08
derisively	7.08
bashaw	7.08
hamlin	7.08
prue	7.08
stadtholder	7.08
whatnot	7.08
dennison	7.08
footer	7.08
skater	7.08
poultry	7.08
fussing	7.08
sykes	7.08
exhilarating	7.08
seized	7.08
lapp	7.08
utah	7.08
warne	7.08
boucher	7.08
sunshiny	7.07
lighthouses	7.07
spluttering	7.07
quincy	7.07
tacoma	7.07
splint	7.07
skunks	7.07
squirmed	7.07
settee	7.07
ducklings	7.07
ouch	7.07
gunson	7.07
franci	7.07
clasping	7.07
sauce	7.07
mosher	7.07
tompion	7.07
bracewell	7.06
durfy	7.06
battened	7.06
caballeros	7.06
nebber	7.06
neill	7.06
garcon	7.06
crum	7.06
farrar	7.06
calmer	7.06
abdool	7.06
flinging	7.06
bangalore	7.05
pender	7.05
lounged	7.05
bulky	7.05
manly	7.05
humiliated	7.05
dude	7.05
daniel	7.04
growler	7.04
mul	7.04
assured	7.04
detachments	7.04
condescended	7.04
strake	7.04
whimpered	7.04
happening	7.04
thumped	7.04
overcoats	7.04
peach	7.04
umbrellas	7.03
philosophically	7.03
zey	7.03
montigny	7.03
wrathfully	7.03
ead	7.03
foretop	7.03
ludovic	7.03
hostilities	7.03
adirondacks	7.02
blazer	7.02
fadder	7.02
sutter	7.02
confided	7.02
jeph	7.02
arica	7.01
canoeing	7.01
gamp	7.01
broiling	7.01
scarecrow	7.01
swampy	7.01
sufficed	7.01
stamp	7.01
norther	7.01
awaiting	7.01
insurgents	7.00
charlestown	7.00
dejectedly	7.00
fervently	7.00
mumbled	7.00
reconnaissance	7.00
disapproval	7.00
ninette	7.00
slouch	7.00
genoa	7.00
greenhouse	7.00
narragansett	7.00
angelot	7.00
bloater	7.00
jacko	7.00
abercrombie	7.00
gentles	7.00
harley	7.00
lettuce	7.00
chela	7.00
parsnip	7.00
mcalister	7.00
shelby	7.00
wray	7.00
lodgers	7.00
pickerel	6.99
brederode	6.99
theirselves	6.99
jagged	6.99
giulia	6.99
remaining	6.99
shaken	6.99
fidelis	6.99
pals	6.99
conant	6.99
glassy	6.99
beauport	6.99
grindstone	6.98
venturing	6.98
tremulously	6.98
asbury	6.98
almagro	6.98
fordyce	6.98
joey	6.98
twitching	6.98
imploringly	6.98
thursday	6.98
murmur	6.98
swarming	6.98
hatchways	6.97
colder	6.97
trusting	6.97
bundle	6.97
difference	6.97
claiborne	6.97
brady	6.97
superintendent	6.97
beetles	6.96
tails	6.96
spreading	6.96
diggings	6.96
carnatic	6.96
sampler	6.96
squatted	6.96
ternate	6.96
bink	6.96
bookstore	6.96
peewee	6.96
percys	6.96
tomati	6.96
mobile	6.95
tolly	6.95
scammon	6.95
reggy	6.95
stretching	6.95
strode	6.95
glistened	6.95
carcass	6.95
alcalde	6.95
flop	6.95
foolish	6.95
dicks	6.94
rotterdam	6.94
airily	6.94
cosme	6.94
drowsily	6.94
plaster	6.94
ruggiero	6.94
yates	6.94
arcot	6.94
elliott	6.94
hobson	6.93
kanakas	6.93
washstand	6.93
moth	6.93
unnecessarily	6.93
bight	6.93
seconded	6.93
booksellers	6.93
valdez	6.93
norma	6.93
roundhead	6.93
earthwork	6.93
venezuela	6.93
howdah	6.93
jine	6.93
sardines	6.93
duds	6.93
juveniles	6.93
malin	6.93
wilmot	6.93
kean	6.93
seedy	6.93
macy	6.93
ranald	6.93
tucking	6.93
diagonal	6.93
sickening	6.93
ostend	6.93
politeness	6.93
undecided	6.92
flamingo	6.92
cedars	6.92
fagging	6.92
purvis	6.92
tampa	6.92
insist	6.92
countrymen	6.92
blundered	6.92
breda	6.92
pinzon	6.92
sharpshooter	6.92
flanks	6.91
instow	6.91
hines	6.91
sheltering	6.91
hammering	6.91
altemus	6.91
brandy	6.91
exultant	6.91
coated	6.91
unmistakable	6.91
emptied	6.91
grunts	6.91
sinker	6.91
hornets	6.90
amazing	6.90
tecumseh	6.90
larks	6.90
shipshape	6.90
prentiss	6.90
henkel	6.89
passports	6.89
berrington	6.89
firewood	6.89
caboose	6.89
hartwell	6.89
pesky	6.89
disbanded	6.89
fuz	6.89
protheus	6.89
paula	6.89
juliet	6.89
perched	6.88
flared	6.88
persevering	6.88
scullery	6.88
menendez	6.88
shawanoes	6.88
http	6.88
energies	6.88
cracky	6.87
tinfoil	6.87
militia	6.87
prissy	6.87
inexpressibly	6.87
theatricals	6.87
successfully	6.87
herrara	6.87
runciman	6.87
discontentedly	6.87
fery	6.87
transmitter	6.87
aches	6.87
anticipations	6.87
whigs	6.87
bored	6.87
sedately	6.86
alwyn	6.86
menacingly	6.86
hexagons	6.86
housework	6.86
tadpole	6.86
clapping	6.86
dingo	6.86
carried	6.86
waugh	6.86
sowerby	6.86
frankland	6.86
hooking	6.86
leaking	6.86
crochet	6.86
crosspiece	6.86
lacey	6.86
panjandrum	6.86
scoot	6.86
holderness	6.86
struggles	6.86
vacations	6.86
preparatory	6.86
strapping	6.86
roller	6.85
squared	6.85
regnar	6.85
salad	6.85
catesby	6.85
danites	6.85
cincinnati	6.85
clewed	6.85
scholarship	6.85
mysore	6.85
cacique	6.85
sadie	6.85
manoeuvred	6.85
neighbor	6.85
locomotives	6.85
whitcomb	6.85
butterflies	6.85
crushed	6.85
awed	6.85
defoe	6.84
blasi	6.84
countersign	6.84
aback	6.84
snorro	6.84
floundered	6.84
marmion	6.84
schoolboy	6.84
carmody	6.84
mcfarlane	6.84
travis	6.84
tripoli	6.84
lamely	6.84
rubbers	6.84
humpty	6.84
flinn	6.83
trix	6.83
pointedly	6.83
elmore	6.83
lavington	6.83
miniature	6.83
karl	6.83
armand	6.83
andes	6.83
exultation	6.83
hamper	6.83
pioneer	6.82
unwillingly	6.82
chillicothe	6.82
embankment	6.82
héloïse	6.82
kipp	6.82
trapeze	6.82
trawl	6.82
knot	6.82
reine	6.82
ings	6.81
overtaking	6.81
hyena	6.81
corks	6.81
surprises	6.81
uhlans	6.81
callahan	6.81
jamison	6.81
limousine	6.81
moraine	6.81
yardarm	6.81
clockwork	6.81
lovejoy	6.81
queechy	6.81
lucie	6.80
seringapatam	6.80
overhung	6.80
jabbering	6.80
millett	6.80
bosun	6.80
wycliffe	6.80
link	6.80
hayes	6.80
pairs	6.79
duval	6.79
seat	6.79
emigrant	6.79
soult	6.79
refilled	6.79
carelessness	6.79
onlookers	6.79
taps	6.79
moggy	6.79
excellency	6.79
peppermint	6.79
cute	6.79
purring	6.79
tellin	6.79
trundled	6.79
splice	6.78
breastworks	6.78
filter	6.78
enuf	6.78
meeko	6.78
hinged	6.78
froebel	6.78
sauntering	6.78
sketching	6.78
dessert	6.78
greeley	6.78
otway	6.78
gulls	6.78
penguin	6.78
margaretta	6.78
pensacola	6.78
defending	6.78
remsen	6.78
greaser	6.77
stafford	6.77
anthracite	6.77
cinch	6.77
guerriere	6.77
signalman	6.77
wainwright	6.77
twist	6.77
waverley	6.77
enna	6.77
hutchinson	6.77
sorrel	6.77
waists	6.77
trowel	6.77
pennsylvania	6.77
vendeans	6.77
notches	6.77
adios	6.77
twon	6.77
benavides	6.76
blushing	6.76
pynson	6.76
sculled	6.76
overhear	6.76
arrangement	6.76
caterpillars	6.76
twigs	6.76
hysterics	6.76
expenses	6.76
vivians	6.75
yus	6.75
stoopid	6.75
submarines	6.75
outbreak	6.75
greenhorn	6.75
nesbitt	6.75
spalpeens	6.75
bazaar	6.75
settles	6.75
punted	6.74
staël	6.74
caribbee	6.74
emmerson	6.74
maude	6.74
funnels	6.74
rebellion	6.74
learnin	6.74
steamy	6.74
tussle	6.74
palatable	6.74
dicksee	6.74
bun	6.73
hopping	6.73
poring	6.73
brewster	6.73
storeroom	6.73
pinched	6.73
cantwell	6.73
tantalizing	6.73
comer	6.72
cooper	6.72
buddy	6.72
matey	6.72
lucknow	6.72
chinamen	6.72
grandly	6.72
jolt	6.72
faded	6.72
arbor	6.72
billiard	6.72
apologetic	6.72
guizot	6.72
frederica	6.72
wust	6.72
mornings	6.72
grimes	6.72
whispering	6.72
ophelia	6.71
waterman	6.71
tings	6.71
zis	6.71
pityingly	6.71
whee	6.71
wrinkled	6.71
muddled	6.71
susannah	6.71
whizz	6.71
parr	6.71
angry	6.71
tantalising	6.71
delft	6.71
pompously	6.71
tregarthen	6.71
crimea	6.71
potato	6.71
spouter	6.71
aliena	6.71
whitechapel	6.71
cider	6.71
markham	6.70
woodsmen	6.70
experiment	6.70
lumbered	6.70
boot	6.70
choppy	6.70
otis	6.70
rows	6.70
collapse	6.70
manufactures	6.70
unfastened	6.69
peyton	6.69
fretting	6.69
conde	6.69
group	6.69
impertinent	6.69
dizzy	6.69
heaved	6.69
flooded	6.69
trails	6.69
askew	6.69
hubbard	6.69
newman	6.68
horemheb	6.68
resignation	6.68
consolingly	6.68
sartain	6.68
sut	6.68
remembering	6.68
velvety	6.68
acrobatic	6.68
bivouacked	6.68
louie	6.68
wedge	6.68
mockingly	6.68
antietam	6.67
helpin	6.67
lumps	6.67
agonised	6.67
carmine	6.67
annis	6.67
gratitude	6.67
chops	6.67
osa	6.67
cervera	6.67
pasted	6.66
wuss	6.66
corder	6.66
netta	6.66
plates	6.66
cale	6.66
shipment	6.66
later	6.66
cleaner	6.66
belgium	6.66
appetite	6.66
vaughan	6.66
roche	6.66
companionship	6.65
appealed	6.65
comforts	6.65
snub	6.65
services	6.65
pattered	6.65
blocking	6.65
halloo	6.65
butters	6.65
appleton	6.65
tracking	6.65
dozed	6.65
swum	6.65
sympathize	6.65
squirming	6.65
grape	6.64
appetizing	6.64
amiably	6.64
mopsy	6.64
tarpaulins	6.64
disheartening	6.64
battleships	6.64
perseveringly	6.64
fishin	6.64
masted	6.64
temptingly	6.64
kelsey	6.64
pompton	6.64
stubby	6.64
snuggled	6.63
lungs	6.63
assiniboines	6.63
eavesdropper	6.63
brigantines	6.63
dunluce	6.63
darky	6.63
exmouth	6.63
muttering	6.63
desborough	6.63
craning	6.63
monotony	6.63
freezing	6.63
dominoes	6.63
lookye	6.63
reveille	6.63
williamsburg	6.63
cage	6.63
plodding	6.62
andre	6.62
gasps	6.62
montmorency	6.62
juncture	6.62
ruffianly	6.62
drucour	6.62
smoothed	6.62
toiled	6.62
grazed	6.62
sankey	6.62
tanager	6.62
nabbed	6.62
brogue	6.62
astonishing	6.61
chane	6.61
lightship	6.61
smellie	6.61
tenderfeet	6.61
labored	6.61
florizel	6.61
sneaks	6.61
townshend	6.61
hopley	6.61
demoralized	6.61
kennel	6.61
gurgle	6.60
importantly	6.60
turgot	6.60
richard	6.60
bodger	6.60
plums	6.60
clarendon	6.60
guessing	6.60
fastenings	6.60
tighten	6.60
overlanders	6.60
embarrassment	6.60
rao	6.59
fid	6.59
boxed	6.59
chucked	6.59
rasping	6.59
batch	6.59
disturbing	6.59
dupleix	6.58
fussed	6.58
pout	6.58
philanthropist	6.58
grapnels	6.58
hollyhocks	6.58
reception	6.58
dunce	6.58
allers	6.58
inspect	6.58
arkwright	6.58
swanson	6.58
blande	6.58
manassas	6.58
quays	6.58
harmlessly	6.58
bateau	6.58
faucet	6.58
poy	6.58
toft	6.58
kris	6.57
stentorian	6.57
steersman	6.57
impression	6.57
convalescent	6.57
dentist	6.57
borden	6.57
michaud	6.57
rancher	6.57
sleep	6.57
sympathised	6.57
writin	6.57
daun	6.57
bogey	6.57
workin	6.57
donelson	6.57
puzzler	6.57
teasingly	6.57
laramie	6.57
pedler	6.57
flambard	6.56
glossy	6.56
lina	6.56
electrified	6.56
bonnets	6.56
communicative	6.56
fake	6.56
guises	6.56
mesilf	6.56
haarlem	6.56
oarsman	6.56
tuileries	6.56
lafitte	6.56
denman	6.56
cordiality	6.56
elbridge	6.56
wincing	6.56
nominated	6.56
cats	6.56
clausen	6.56
driveway	6.56
banisters	6.56
faults	6.56
goodness	6.55
scarum	6.55
scotchman	6.55
buckner	6.55
qut	6.55
frolic	6.55
thayendanegea	6.55
tanks	6.55
abdu	6.55
papered	6.55
roper	6.55
heel	6.55
totten	6.54
toleration	6.54
snore	6.54
tipped	6.54
vehicles	6.54
hartwick	6.54
robey	6.54
dragut	6.53
noronha	6.53
fleming	6.53
atkins	6.53
coliseum	6.53
demonstrations	6.53
overturned	6.53
lazo	6.52
screaming	6.52
pigot	6.52
corned	6.52
dyck	6.52
pepperell	6.52
tiptoes	6.52
dismal	6.52
checking	6.52
anoder	6.52
tablespoonfuls	6.52
southard	6.52
impetus	6.51
staterooms	6.51
indescribable	6.51
fullerton	6.51
quentin	6.51
contemplatively	6.51
laffed	6.51
ryder	6.51
trotter	6.51
recklessness	6.51
oakdale	6.51
skippers	6.51
abattis	6.50
nevins	6.50
cambric	6.50
saplings	6.50
completed	6.50
expectantly	6.50
thames	6.50
pupil	6.50
skunk	6.50
mowgli	6.50
bluejackets	6.49
leeway	6.49
watermelons	6.49
advertising	6.49
bairds	6.49
capting	6.49
overtheway	6.49
wislac	6.49
tugs	6.49
paleface	6.49
longitude	6.49
thousands	6.49
petroleum	6.49
switched	6.49
bobo	6.49
marchbanks	6.49
pst	6.49
newcome	6.49
corkscrew	6.48
dominguez	6.48
fairclough	6.48
heered	6.48
insurrection	6.48
catskill	6.48
irrepressible	6.48
jellies	6.48
trouser	6.48
alora	6.48
businesslike	6.48
buttoning	6.48
hez	6.48
pondicherry	6.48
frémont	6.48
captaincy	6.48
raffles	6.48
laure	6.48
munns	6.48
mussalmans	6.48
talavera	6.48
leif	6.48
yis	6.48
parsonage	6.48
whinnied	6.48
regretful	6.48
retort	6.47
fight	6.47
embark	6.47
diplomat	6.47
smudge	6.47
vant	6.47
entertaining	6.47
slacken	6.47
liniment	6.47
unslung	6.47
jarred	6.47
vea	6.47
kablunet	6.47
mulloy	6.47
thayendanega	6.47
flagged	6.47
ricardo	6.47
theater	6.47
orderlies	6.47
richards	6.46
slowcoach	6.46
shawanoe	6.46
storage	6.46
muriel	6.46
porpoises	6.46
marcia	6.46
flannagan	6.46
sanitarium	6.46
batsman	6.46
dacoits	6.46
fiord	6.46
grinding	6.46
moose	6.46
ends	6.46
toss	6.46
tame	6.45
agnew	6.45
vernor	6.45
semicircle	6.45
sprint	6.45
voila	6.45
bradshaw	6.45
convalescence	6.45
anywheres	6.45
allee	6.45
biz	6.45
galvanized	6.45
nipper	6.45
madero	6.45
snark	6.45
trichinopoli	6.45
nibble	6.45
patched	6.45
jeffries	6.44
lilias	6.44
lucinda	6.44
unmingled	6.44
cablegram	6.44
wessex	6.44
civilian	6.44
retiring	6.44
cough	6.44
keppel	6.44
mustered	6.44
dangers	6.44
norman	6.44
retaken	6.44
cuff	6.43
scratched	6.43
creepy	6.43
rolf	6.43
interior	6.43
gases	6.43
louisbourg	6.43
entreatingly	6.42
revoir	6.42
watchfulness	6.42
lead	6.42
bordered	6.42
anti	6.42
stevie	6.42
waffles	6.42
mashed	6.42
beechnut	6.42
macaulay	6.42
circulars	6.41
governesses	6.41
straggled	6.41
gaither	6.41
ackerman	6.41
platoon	6.41
rik	6.41
geranium	6.41
winny	6.41
oily	6.41
impudent	6.41
runned	6.41
boden	6.41
cranmer	6.41
rippling	6.41
findin	6.41
ices	6.41
piteously	6.41
knickerbockers	6.40
riderless	6.40
oop	6.40
saumur	6.40
cockatoos	6.40
omdurman	6.40
revolutionary	6.40
coper	6.40
flix	6.40
ghoorkhas	6.40
insurrectos	6.40
maco	6.40
begged	6.40
deprecatingly	6.40
britannic	6.40
refrained	6.40
reconnoiter	6.40
interestedly	6.40
pacha	6.40
horror	6.40
abolitionist	6.39
lubbers	6.39
spick	6.39
lamp	6.39
satterthwaite	6.39
pumice	6.39
howe	6.39
bandbox	6.39
whalers	6.39
uncertainly	6.38
folding	6.38
mcleod	6.38
kiddies	6.38
fortin	6.38
gault	6.38
orpin	6.38
ranchman	6.38
scrimp	6.38
gloved	6.38
nother	6.38
wince	6.38
tiring	6.38
mariquita	6.38
brighter	6.38
dickory	6.38
straighten	6.38
burly	6.37
harpooner	6.37
winder	6.37
admire	6.37
distances	6.37
poachers	6.37
trimmings	6.37
spoor	6.37
ruthie	6.36
brains	6.36
mortlock	6.36
toffee	6.36
trooper	6.36
pound	6.36
blinds	6.36
quashy	6.36
knoll	6.36
candle	6.36
carden	6.36
foremen	6.36
mildmay	6.36
telegraphing	6.36
hoffman	6.35
clarkson	6.35
bubbling	6.35
manages	6.35
plash	6.35
smarter	6.35
tablecloth	6.35
hathi	6.35
roberta	6.35
selecting	6.35
dangerously	6.35
dippy	6.35
ewell	6.35
hawkshaw	6.35
spyglass	6.35
oudenarde	6.35
turrible	6.35
moping	6.34
proboscis	6.34
eben	6.34
landlady	6.34
knapsack	6.34
chairman	6.34
mortified	6.34
labors	6.34
warbler	6.34
mcallister	6.34
spinet	6.34
kansan	6.34
mugs	6.33
joyously	6.33
dastardly	6.33
fluently	6.33
sago	6.33
genially	6.33
muffs	6.33
mole	6.33
roby	6.33
coppers	6.33
nesting	6.33
enlistment	6.33
sare	6.33
seaports	6.33
merwell	6.33
cocky	6.33
brazilians	6.33
trumps	6.33
crumb	6.33
hitching	6.33
reassuringly	6.33
secure	6.33
potted	6.33
parma	6.33
skip	6.33
percha	6.33
rakish	6.32
caller	6.32
rand	6.32
longstreet	6.32
taxicab	6.32
incandescent	6.32
roughs	6.32
crunching	6.32
daisies	6.32
gholab	6.32
gringos	6.32
sashes	6.32
chirk	6.32
erastus	6.32
convulsively	6.32
startle	6.32
staples	6.32
coached	6.31
lickin	6.31
resentfully	6.31
schoolgirls	6.31
spry	6.31
eban	6.31
trade	6.31
mend	6.31
reflected	6.31
smell	6.31
anteroom	6.31
pretend	6.31
mamie	6.31
slugger	6.30
walnut	6.30
bertric	6.30
sealer	6.30
gregson	6.30
morely	6.30
bite	6.30
paolo	6.30
harrison	6.30
binocular	6.30
loader	6.30
lollards	6.30
puffed	6.30
bigg	6.29
penfield	6.29
bradstreet	6.29
champernowne	6.29
redmond	6.29
statesman	6.29
clinched	6.28
lilburn	6.28
oomiak	6.28
tingle	6.28
launching	6.28
absorbed	6.28
paymaster	6.28
truant	6.28
roads	6.28
electrician	6.28
ringgold	6.28
meester	6.28
mercifully	6.27
residency	6.27
quakers	6.27
billiards	6.27
candela	6.27
chub	6.27
shales	6.27
vould	6.27
boned	6.27
quieting	6.27
kearney	6.27
formed	6.27
speaking	6.27
blockaded	6.27
appreciative	6.27
protestantism	6.26
blueberries	6.26
sleighing	6.26
jointed	6.26
settling	6.26
sew	6.26
parties	6.26
craned	6.25
vincennes	6.25
telled	6.25
foulkes	6.25
schenck	6.25
schleiden	6.25
willingness	6.25
camper	6.25
dingoes	6.25
trailers	6.25
buoyancy	6.25
ruffles	6.25
alvarado	6.25
disreputable	6.25
sighting	6.25
howitzer	6.25
hurree	6.25
lally	6.25
hup	6.25
saucily	6.25
hungrier	6.25
arapahoes	6.25
candahar	6.25
tonkin	6.25
tray	6.25
transom	6.25
triced	6.25
triggers	6.25
inflection	6.24
propellers	6.24
vinton	6.24
whitefoot	6.24
miscalculated	6.24
wildcat	6.24
magnificent	6.24
mehitable	6.24
congenial	6.24
smells	6.24
shoreward	6.23
overtaken	6.23
overshoes	6.23
rancheros	6.23
stupidly	6.23
yelp	6.23
bismarck	6.23
trackers	6.23
graduate	6.23
verne	6.22
rutherford	6.22
ethelwyn	6.22
deprecating	6.22
trench	6.22
mannahatta	6.22
massena	6.22
platypus	6.22
trumpeting	6.22
splicing	6.22
ridiculously	6.22
lilliput	6.22
scotian	6.22
evacuated	6.22
larn	6.21
tremulous	6.21
dumaresq	6.21
eart	6.21
expressman	6.21
luggers	6.21
penguins	6.21
maintenon	6.21
regretted	6.21
burrows	6.21
oarsmen	6.21
defiance	6.21
capote	6.20
otaheitan	6.20
wortham	6.20
stephenson	6.20
perceptible	6.20
skirted	6.20
jesse	6.20
furlong	6.20
dissatisfied	6.20
regularly	6.20
klux	6.19
kydd	6.19
trelawney	6.19
grow	6.19
snubbing	6.19
flurry	6.19
geneva	6.19
carteret	6.19
loafing	6.19
exeat	6.19
slocum	6.19
experienced	6.18
beet	6.18
slick	6.18
charging	6.18
managers	6.18
piloted	6.18
agonising	6.18
rapturously	6.18
curtiss	6.18
dipping	6.18
belgians	6.18
bugs	6.18
strawberry	6.17
knotting	6.17
stripes	6.17
eton	6.17
curling	6.17
mandoline	6.17
oncommon	6.17
twitch	6.17
keenest	6.17
barefooted	6.17
colton	6.17
dilsey	6.17
hiram	6.17
hunter	6.17
oswego	6.17
jiminy	6.17
mckim	6.17
blowin	6.17
disciplinarian	6.17
yearlings	6.17
thawed	6.17
chalet	6.17
darkey	6.17
poling	6.17
unhooked	6.17
outsiders	6.17
handcuffed	6.17
paxton	6.17
kingdon	6.17
merrett	6.17
florist	6.16
speciality	6.16
mumbles	6.16
swordfish	6.16
linton	6.16
farewells	6.16
waddled	6.16
baste	6.16
attracting	6.16
snoring	6.16
parks	6.16
paralyzed	6.15
bloke	6.15
cayo	6.15
versailles	6.15
waitin	6.15
jabe	6.15
animation	6.15
limerick	6.15
gagged	6.15
aviation	6.15
vaquero	6.15
feverishly	6.15
palisades	6.15
shady	6.14
dyson	6.14
grantley	6.14
quantities	6.14
roddy	6.14
chummy	6.14
jess	6.14
lenny	6.14
furl	6.14
bootblack	6.14
foine	6.14
ruggles	6.14
medal	6.13
wrenching	6.13
dango	6.13
doorbell	6.13
hixon	6.13
lascar	6.13
gunnery	6.13
lateen	6.13
melchisedek	6.13
blackberry	6.13
rebuff	6.13
ticking	6.13
baboons	6.12
boldly	6.12
seals	6.12
rook	6.12
mad	6.12
allstone	6.12
slidder	6.12
irresolute	6.12
inky	6.12
settees	6.12
wilbur	6.12
boomed	6.12
arcite	6.12
cottle	6.12
sneeringly	6.11
ven	6.11
adjusted	6.11
tanned	6.11
tottie	6.11
pip	6.11
roughest	6.11
export	6.11
oughter	6.11
juicy	6.10
buoyant	6.10
ticklish	6.10
gooseberries	6.10
united	6.10
allen	6.10
muffin	6.10
scolded	6.10
tethered	6.10
fonseca	6.09
pong	6.09
postpone	6.09
hampered	6.09
walpole	6.09
ashantis	6.09
harker	6.09
passmore	6.09
winnington	6.09
jolted	6.09
outbuildings	6.09
revolutionists	6.09
slouched	6.09
peony	6.09
tour	6.09
throwed	6.09
charade	6.09
prome	6.09
carronade	6.09
oy	6.09
busied	6.09
sylvania	6.09
nutter	6.08
shipley	6.08
chug	6.08
mopping	6.08
quacking	6.08
stepney	6.08
keyed	6.08
hitty	6.08
elevens	6.08
navailles	6.08
woozy	6.08
buttonhole	6.08
lumbermen	6.08
cane	6.08
darkie	6.08
steamships	6.08
lobsters	6.08
appetising	6.08
rasped	6.08
lestrange	6.08
spooner	6.08
kentuckians	6.08
mulroy	6.08
reo	6.08
haley	6.08
mila	6.08
reinforced	6.07
daytime	6.07
appomattox	6.07
edie	6.07
rawdon	6.07
induce	6.07
dumpty	6.07
deliciously	6.07
guano	6.07
greased	6.07
paddy	6.06
waif	6.06
pathfinder	6.06
tastes	6.06
dunlap	6.06
zat	6.06
chamouni	6.05
fatime	6.05
rumbelow	6.05
driven	6.05
strolling	6.05
intends	6.05
slam	6.05
courcelles	6.05
walnuts	6.05
hathaway	6.05
judson	6.05
marne	6.05
smuggle	6.05
nautilus	6.05
ganimed	6.05
haskell	6.05
liston	6.05
intermediates	6.05
willem	6.05
surmised	6.04
relax	6.04
dangling	6.04
thanking	6.04
darning	6.04
buoyantly	6.04
paredes	6.04
ziethen	6.04
hinge	6.04
ripon	6.04
cowards	6.04
wraps	6.04
girdwood	6.04
lockley	6.04
breaths	6.04
troublesome	6.03
carstens	6.03
forder	6.03
goner	6.03
vespucius	6.03
mitford	6.03
carrots	6.03
conductors	6.03
fret	6.03
sarve	6.03
fascinating	6.03
learned	6.03
barstow	6.03
dowd	6.02
duca	6.02
kedge	6.02
thoresby	6.02
perplexity	6.02
whaleboat	6.02
littered	6.02
culver	6.02
upstream	6.02
urbanity	6.02
unattractive	6.02
suffocated	6.02
mechlin	6.02
necker	6.02
munched	6.02
loudon	6.01
midship	6.01
obeid	6.01
zook	6.01
sommers	6.01
mitten	6.01
piqua	6.01
currents	6.01
quickness	6.01
wolfgang	6.01
calvinists	6.00
menzies	6.00
brownsmith	6.00
kadiak	6.00
elation	6.00
freckle	6.00
gritted	6.00
lancer	6.00
spinola	6.00
whistler	6.00
hardwood	6.00
comically	6.00
bowles	6.00
gangways	6.00
bahia	6.00
medinet	6.00
taxi	6.00
shavings	6.00
coaster	6.00
scart	6.00
jarvis	6.00
staircases	6.00
bogus	6.00
fumble	6.00
tents	6.00
