# register tale: words used far more than in the reference (log-odds, informative Dirichlet prior; Monroe et al. 2008); world register-stats
# register corpus 1488 books, 102509950 tokens; reference 1363 books, 78769269 tokens
# License: derived counts from public-domain texts; free, part of the open release.
king	246.19
thou	243.92
of	242.61
the	214.90
thy	200.96
thee	197.60
son	166.33
god	161.68
is	144.67
and	143.69
ye	133.67
his	126.57
gods	126.35
ii	125.98
earth	125.10
death	123.01
him	116.45
name	113.64
knight	113.24
hath	111.98
thus	111.09
ancient	109.45
art	107.43
lord	106.91
by	104.26
unto	103.94
er	102.17
daughter	101.21
heaven	99.56
forth	98.38
nor	98.00
sword	97.43
la	96.99
iii	94.92
al	93.41
this	92.70
queen	92.62
wife	91.64
sacred	91.02
dead	90.50
sons	89.78
fair	88.50
hast	88.23
from	88.20
pp	87.21
en	86.98
greek	85.85
story	85.53
iv	84.80
folk	84.51
soul	84.50
sun	83.57
palace	83.17
footnote	83.01
who	82.39
evil	82.27
kings	81.27
blood	81.24
de	80.76
st	80.71
knights	80.15
slain	80.00
prince	79.60
called	79.32
temple	78.90
holy	78.76
also	78.57
gold	78.06
castle	77.86
maiden	77.57
moon	77.54
whom	76.90
worship	76.87
bk	76.47
love	76.43
tale	76.11
magic	75.43
divine	75.22
stone	74.95
golden	73.98
quoth	73.62
goddess	73.38
vol	72.30
thine	72.20
in	71.79
greeks	71.24
ch	71.19
princess	71.14
form	71.06
spirit	70.95
behold	70.91
whose	70.86
wine	70.41
spear	70.31
origin	69.63
ka	69.52
priest	69.41
battle	69.22
world	69.07
these	68.71
song	68.63
according	68.45
man	67.99
die	67.77
shield	67.33
shalt	67.28
na	67.20
devil	66.76
land	66.74
woman	66.57
wilt	66.54
bade	66.27
tradition	66.16
city	65.65
legend	65.65
custom	65.52
serpent	65.43
brother	65.20
sacrifice	65.13
hero	64.80
names	64.59
born	63.95
feast	63.44
bride	63.35
ring	63.16
noble	62.85
shall	62.81
heart	62.28
birth	62.19
tales	62.11
spake	61.79
mountain	61.72
ne	61.47
allah	61.45
race	61.36
religion	61.30
tree	60.83
greece	60.71
hence	60.29
tribes	60.20
arthur	60.07
beauty	59.98
mighty	59.69
saying	59.57
egypt	59.49
poet	59.15
version	58.77
wi	58.74
doth	58.73
ix	58.63
appears	58.61
corn	58.22
century	58.14
belief	57.85
dragon	57.77
host	57.62
tribe	57.15
represented	57.14
says	56.74
apollo	56.67
festival	56.60
youth	56.58
robin	56.46
deity	56.43
viii	56.34
lo	56.18
body	55.92
dawn	55.61
fell	55.58
human	55.56
vii	55.21
le	55.17
ulysses	55.12
tis	55.07
kingdom	55.03
souls	55.02
seven	54.85
launcelot	54.81
poem	54.73
witch	54.73
slay	54.44
legends	54.42
beheld	54.35
image	54.13
sq	54.07
damsel	53.87
sultan	53.69
woe	53.69
stones	53.24
wise	53.20
heroes	53.11
dost	53.09
sorrow	53.08
throne	53.03
words	53.00
departed	52.98
lady	52.87
wolf	52.82
brothers	52.67
hector	52.67
ceremony	52.62
rites	52.49
whence	52.48
etc	52.45
priests	52.31
maidens	51.92
slew	51.87
hell	51.71
among	51.59
warrior	51.51
lodge	51.42
hither	51.37
translation	51.29
thereupon	51.27
wherefore	51.22
horse	51.03
spirits	51.00
giant	50.96
alas	50.74
songs	50.71
mortal	50.66
seek	50.61
whereupon	50.53
honour	50.42
altar	50.37
myth	50.37
arab	50.31
athens	50.16
egyptian	50.15
abode	49.84
troy	49.79
drink	49.71
lore	49.61
jupiter	49.56
grief	49.48
original	49.45
sir	49.43
maid	49.39
deeds	49.37
chariot	49.35
virgin	49.34
homer	49.30
flesh	49.25
text	49.24
primitive	49.16
jove	49.15
with	49.09
its	49.06
cf	49.05
et	48.68
language	48.51
ceremonies	48.28
dance	48.28
weeping	48.22
smote	48.18
rome	48.03
achilles	47.92
lover	47.84
cast	47.80
fled	47.79
sore	47.78
upon	47.67
li	47.62
thyself	47.57
vi	47.55
xi	47.51
symbol	47.44
wa	47.40
wept	47.34
des	47.29
yea	47.19
hercules	47.15
which	46.92
hood	46.89
mythology	46.87
emperor	46.83
royal	46.80
breast	46.59
chief	46.45
sire	46.44
died	46.42
wrath	46.35
ballad	46.34
ke	46.34
traditions	46.22
tomb	46.08
saith	46.06
day	46.00
gifts	45.90
whilst	45.86
ms	45.72
persian	45.63
zeus	45.55
joy	45.50
sidenote	45.34
wrought	45.32
celebrated	45.29
deities	45.29
ni	45.17
christ	44.97
poems	44.94
named	44.93
didst	44.87
horn	44.68
fairy	44.54
translated	44.51
therein	44.46
sacrifices	44.40
adam	44.38
fairies	44.26
und	44.22
ghost	44.20
east	44.20
popular	44.17
bird	44.13
history	44.03
great	43.87
meaning	43.84
modern	43.80
sought	43.79
husband	43.76
thither	43.69
glory	43.67
prayer	43.58
witches	43.55
ere	43.49
fame	43.39
myths	43.38
giants	43.29
stars	43.25
preserved	43.23
corpse	43.17
eve	43.15
odin	43.14
nights	43.01
waters	42.96
charm	42.93
star	42.92
buried	42.90
du	42.88
religious	42.87
chiefs	42.70
silver	42.70
sqq	42.68
derived	42.61
winds	42.60
earl	42.59
wit	42.57
none	42.57
charms	42.43
pray	42.42
thence	42.40
wherein	42.31
ff	42.30
gives	42.28
poets	42.13
dream	42.04
dwelling	41.89
worshipped	41.88
nay	41.78
may	41.70
counsel	41.57
temples	41.55
dwelt	41.46
hae	41.37
heavens	41.36
sea	41.31
thor	41.30
verily	41.26
follows	41.17
curse	41.08
superstition	41.05
da	41.05
mankind	41.05
dwell	41.04
poetry	41.04
life	40.93
daughters	40.88
harvest	40.87
offerings	40.87
fate	40.86
amongst	40.82
verses	40.70
famous	40.68
historical	40.56
demon	40.54
beloved	40.44
demons	40.42
warriors	40.38
arose	40.38
angels	40.37
thereof	40.36
depart	40.32
el	40.29
steed	40.28
ireland	40.24
magical	40.23
thunder	40.21
wisdom	40.18
venus	40.16
monster	40.16
people	40.13
afar	40.12
oft	40.08
agamemnon	40.06
princes	39.98
chinese	39.96
compare	39.85
robe	39.78
lancelot	39.68
my	39.68
lion	39.67
morn	39.63
serpents	39.59
races	39.55
their	39.54
les	39.53
forms	39.48
mount	39.46
tidings	39.41
christian	39.23
arrow	39.15
bore	39.11
chamber	39.10
stands	39.05
third	39.02
ter	38.99
ia	38.90
der	38.87
il	38.85
gift	38.81
yet	38.79
armour	38.76
rice	38.75
midsummer	38.75
supernatural	38.64
weep	38.62
fountain	38.61
originally	38.58
beasts	38.52
cow	38.50
sang	38.50
doom	38.49
dame	38.49
ghosts	38.46
sin	38.41
deed	38.39
bosom	38.36
shepherd	38.31
vases	38.30
prayed	38.24
romans	38.19
creation	38.12
saint	38.11
naught	38.07
fain	38.06
funeral	37.98
edition	37.95
prophet	37.95
antiquity	37.93
magician	37.89
lest	37.88
statue	37.83
lang	37.75
mysteries	37.73
verse	37.72
customs	37.71
eagle	37.69
thrice	37.65
tower	37.51
ballads	37.45
lived	37.40
twain	37.36
celestial	37.32
shrine	37.28
clad	37.25
therewith	37.21
peoples	37.19
rev	37.13
boar	37.10
dwarf	37.03
nae	37.01
celtic	36.96
alexander	36.95
beneath	36.88
goodly	36.85
whither	36.85
virgil	36.85
museum	36.85
gates	36.82
abide	36.80
virtue	36.74
bones	36.73
rite	36.72
mars	36.71
remains	36.69
ti	36.68
or	36.59
notes	36.53
related	36.51
swords	36.50
scotland	36.50
goat	36.48
heavenly	36.46
ta	36.46
te	36.44
cit	36.42
music	36.36
ai	36.34
juno	36.32
beings	36.31
plutarch	36.29
ass	36.27
perceived	36.25
pl	36.25
rings	36.21
op	36.15
aught	36.06
odysseus	36.04
bronze	36.03
ko	35.98
paradise	35.97
valiant	35.97
ritual	35.91
quoted	35.88
babylonian	35.83
rain	35.78
anon	35.74
versions	35.72
burial	35.70
till	35.65
lies	35.57
wouldst	35.56
sacrificed	35.53
rode	35.49
many	35.44
immortal	35.41
images	35.41
au	35.41
strife	35.31
jewels	35.30
wondrous	35.25
flame	35.16
fable	35.16
cornwall	35.09
fared	35.09
canst	35.07
isle	35.03
languages	35.00
eternal	34.96
festivals	34.95
satan	34.93
ga	34.90
di	34.83
bonny	34.81
brethren	34.78
killed	34.71
osiris	34.70
vow	34.64
almighty	34.63
witchcraft	34.58
nought	34.58
divinity	34.57
shame	34.56
arrows	34.55
pagan	34.51
oracle	34.49
stories	34.42
tells	34.41
culture	34.36
babylon	34.32
sung	34.29
asia	34.26
slaughter	34.23
pious	34.23
latin	34.21
japanese	34.19
ancestors	34.16
date	34.13
mourning	34.13
burnt	34.12
hebrew	34.12
prayers	34.05
sae	34.04
singing	34.00
snake	33.90
armor	33.90
literature	33.90
beliefs	33.90
speaks	33.86
hair	33.83
bridegroom	33.80
grecian	33.75
universe	33.74
fairest	33.73
herodotus	33.73
que	33.63
superstitions	33.62
vengeance	33.59
combat	33.55
pliny	33.55
known	33.53
blessed	33.53
steeds	33.51
mentioned	33.50
sing	33.49
thebes	33.44
represents	33.44
ruler	33.37
vision	33.37
egyptians	33.33
offering	33.33
ed	33.33
merlin	33.31
sa	33.30
helmet	33.30
nigh	33.29
supposed	33.28
red	33.28
yon	33.27
persia	33.26
raven	33.26
straightway	33.22
when	33.14
ra	33.11
champion	33.11
monarch	33.09
mantle	33.09
minerva	33.00
praise	32.99
clan	32.95
ali	32.90
attributed	32.88
roman	32.87
shields	32.82
high	32.82
sky	32.82
sweet	32.81
sage	32.80
central	32.80
sheep	32.77
creator	32.76
fox	32.76
welsh	32.73
neptune	32.69
finn	32.69
earliest	32.65
cock	32.64
realm	32.56
mythical	32.56
ma	32.48
abu	32.45
angel	32.44
whereof	32.37
arts	32.36
mortals	32.33
drank	32.31
aye	32.24
winged	32.19
quest	32.17
concerning	32.16
cometh	32.15
attendants	32.15
faithful	32.14
ku	32.13
peasant	32.11
sister	32.10
trojan	32.09
olaf	32.09
elder	32.05
writers	32.01
borne	31.97
wealth	31.97
lance	31.96
twas	31.90
bold	31.90
abraham	31.88
iliad	31.86
japan	31.82
din	31.82
fruits	31.79
faith	31.78
slave	31.75
peace	31.70
heroic	31.70
sigurd	31.67
pure	31.67
norway	31.65
jesus	31.65
examples	31.62
vase	31.56
weel	31.55
israel	31.55
pharaoh	31.53
mai	31.53
theory	31.51
kill	31.51
beard	31.46
foe	31.44
oak	31.42
shape	31.41
buddha	31.39
slaying	31.38
ovid	31.34
mystic	31.30
trojans	31.30
spears	31.30
likewise	31.28
therefore	31.26
charlemagne	31.25
gate	31.22
writer	31.17
auspicious	31.16
inscription	31.13
se	31.12
tristram	31.09
scottish	31.09
ashes	31.07
bull	31.05
beast	31.01
collection	30.97
flee	30.97
banquet	30.93
medicine	30.93
athenians	30.88
harp	30.87
adorned	30.87
hare	30.86
devils	30.86
identified	30.85
theseus	30.83
wed	30.75
living	30.73
wont	30.73
bid	30.71
boon	30.71
ox	30.69
refers	30.67
th	30.67
vizier	30.65
following	30.64
enter	30.64
stanza	30.56
rejoiced	30.55
knowest	30.55
dread	30.53
hawaii	30.50
arabic	30.44
bow	30.43
rabbit	30.41
strabo	30.40
reign	30.40
exceeding	30.37
dedicated	30.37
girdle	30.34
ry	30.34
riches	30.34
seventh	30.34
sparta	30.33
then	30.33
marvellous	30.32
symbols	30.31
nymphs	30.31
flood	30.30
destiny	30.29
roland	30.27
ev	30.27
attributes	30.26
religions	30.21
eastern	30.17
similar	30.17
solar	30.16
inscriptions	30.15
romance	30.14
isis	30.12
oriental	30.11
vain	30.10
herbs	30.10
assyrian	30.09
hist	30.09
awa	30.06
suitors	30.06
swift	30.00
represent	29.98
tho	29.95
pierced	29.93
root	29.89
plato	29.87
caliph	29.87
food	29.85
wives	29.78
raiment	29.73
treasures	29.73
aryan	29.73
lovers	29.72
dreams	29.71
goddesses	29.70
manuscript	29.69
relate	29.69
hosts	29.64
haue	29.60
meat	29.55
gan	29.55
thro	29.55
ez	29.53
mentions	29.52
bower	29.49
valour	29.45
treasure	29.44
cup	29.41
cult	29.40
native	29.39
mi	29.36
avenge	29.36
fear	29.33
fourth	29.33
deceased	29.33
descendants	29.29
renown	29.29
omen	29.28
hymn	29.28
hermes	29.25
tr	29.22
brazen	29.21
tu	29.18
ajax	29.17
tablet	29.16
frae	29.14
hindu	29.12
anger	29.10
mid	29.08
cursed	29.08
norse	29.07
mohammed	29.06
identical	29.06
stead	29.04
ale	28.99
mac	28.99
sayd	28.95
wherewith	28.95
heathen	28.95
danish	28.91
dances	28.91
telemachus	28.88
flower	28.87
prose	28.86
loved	28.85
aged	28.82
unknown	28.82
cycle	28.79
um	28.79
conceived	28.78
horns	28.77
robes	28.77
texts	28.75
yield	28.74
multitude	28.73
hoi	28.71
formerly	28.70
north	28.70
bring	28.69
nymph	28.68
sooth	28.60
wo	28.59
ascribed	28.58
tortoise	28.57
crystal	28.55
cæsar	28.54
perish	28.52
cave	28.51
cities	28.48
deluge	28.46
blind	28.43
fol	28.40
persians	28.40
auld	28.39
bodies	28.38
relates	28.38
beautiful	28.35
title	28.35
chorus	28.34
wedding	28.32
eric	28.32
ceremonial	28.29
mound	28.27
wroth	28.27
wad	28.24
mountains	28.18
bishop	28.14
spells	28.14
siegfried	28.12
gems	28.11
ane	28.11
pilgrimage	28.09
word	28.09
dies	28.08
saints	28.08
marvelled	28.07
wood	28.06
betwixt	28.06
saga	27.99
flew	27.98
footnotes	27.97
incense	27.97
athenian	27.96
token	27.94
wand	27.93
speech	27.91
par	27.88
cloud	27.88
epic	27.87
traditional	27.87
si	27.86
signifies	27.85
coyote	27.85
bacchus	27.84
enchanted	27.82
hades	27.79
damsels	27.79
clouds	27.78
conception	27.76
marvel	27.75
faire	27.74
sicily	27.74
italy	27.73
location	27.70
dew	27.70
renowned	27.69
oe	27.64
rage	27.63
ninth	27.63
mss	27.62
laird	27.62
mair	27.61
india	27.61
honoured	27.61
bi	27.59
sits	27.56
withal	27.56
homeric	27.54
christianity	27.54
return	27.48
jason	27.47
chapel	27.46
interpretation	27.43
pearls	27.41
prowess	27.39
recited	27.37
brer	27.36
author	27.36
wounds	27.35
resurrection	27.34
kindred	27.32
col	27.32
hadst	27.31
mercury	27.31
ya	27.30
barley	27.29
poetical	27.29
gude	27.28
altars	27.28
lands	27.27
earthly	27.24
clay	27.21
centuries	27.21
given	27.20
cure	27.19
minstrel	27.13
arabian	27.11
pavilion	27.10
destroy	27.08
classical	27.07
healing	27.06
wedded	27.05
performed	27.05
marry	27.03
tongue	27.02
connected	27.01
ages	26.99
ancients	26.97
describes	26.96
milk	26.91
fragment	26.90
site	26.89
set	26.89
guest	26.86
burn	26.86
fiery	26.85
gunnar	26.83
conquered	26.83
prophecy	26.82
honey	26.76
hasan	26.75
khan	26.73
moslem	26.72
bloody	26.71
women	26.70
fare	26.69
befallen	26.68
semitic	26.66
splendour	26.66
seed	26.63
appear	26.62
bidding	26.62
ja	26.59
stranger	26.58
crete	26.58
kinsmen	26.56
gaul	26.56
wight	26.55
marble	26.53
ba	26.52
accursed	26.51
married	26.50
reverence	26.48
narrative	26.47
grave	26.47
transformed	26.47
age	26.43
period	26.41
occurs	26.39
herald	26.39
menelaus	26.38
messenger	26.36
hame	26.35
euripides	26.35
worthy	26.34
aphrodite	26.34
weapons	26.33
warlike	26.31
besought	26.31
page	26.31
chant	26.29
hearken	26.27
worshippers	26.23
lords	26.23
athene	26.23
à	26.19
lament	26.19
emblem	26.19
po	26.18
district	26.18
belly	26.16
hee	26.16
relics	26.15
science	26.15
faust	26.14
shouldst	26.14
asks	26.14
kane	26.13
tears	26.12
priam	26.11
fought	26.07
haunted	26.06
representing	26.06
twelfth	26.05
drinking	26.02
sway	26.01
stature	26.00
rhyme	25.99
ki	25.97
patrick	25.94
games	25.92
virtues	25.92
balder	25.92
elements	25.90
koran	25.89
islands	25.88
lightning	25.87
beowulf	25.85
twa	25.85
northern	25.84
iceland	25.82
array	25.82
whereon	25.81
mead	25.80
ancestor	25.79
saturn	25.78
woes	25.78
fables	25.77
superstitious	25.77
cam	25.76
borrowed	25.76
den	25.74
dragons	25.73
olympus	25.73
hill	25.73
skies	25.71
mu	25.70
idol	25.70
mare	25.69
wailing	25.67
passion	25.66
vows	25.66
syria	25.65
harald	25.64
bears	25.62
wert	25.60
towers	25.60
applied	25.59
müller	25.58
denmark	25.57
days	25.54
romances	25.53
odyssey	25.53
loveliness	25.53
ate	25.53
described	25.52
gen	25.52
waxed	25.52
victim	25.51
worlds	25.47
messengers	25.45
ornaments	25.45
doe	25.44
monuments	25.44
champions	25.43
pluto	25.42
brings	25.42
tribute	25.42
isles	25.42
shepherds	25.40
adds	25.39
lotus	25.39
offspring	25.38
swear	25.37
pillar	25.37
pallas	25.37
jewish	25.36
stanzas	25.36
bridal	25.35
irish	25.34
false	25.34
id	25.34
smite	25.31
babylonia	25.29
miracles	25.28
kay	25.28
thereon	25.27
pottery	25.27
design	25.24
printed	25.23
wales	25.23
yonder	25.23
jerusalem	25.23
dialect	25.21
teutonic	25.21
consecrated	25.19
gaelic	25.18
corinth	25.18
stag	25.16
rich	25.12
lib	25.10
haply	25.09
suffer	25.09
loki	25.09
spell	25.08
nations	25.06
drama	25.06
ulster	25.05
associated	25.04
tribal	25.03
eunuch	25.03
ca	25.03
invisible	25.01
halls	24.99
immortality	24.99
pausanias	24.97
allusion	24.97
chariots	24.95
jew	24.94
hound	24.94
feasts	24.94
procession	24.93
china	24.92
flocks	24.91
legendary	24.90
introduction	24.88
western	24.88
bin	24.87
field	24.87
swine	24.87
walls	24.85
created	24.85
homage	24.84
presents	24.83
seest	24.83
crowned	24.79
ad	24.78
fates	24.77
illustrious	24.77
sins	24.76
erin	24.75
comely	24.75
brought	24.75
power	24.74
fragments	24.73
ant	24.73
sings	24.73
laid	24.72
beggar	24.67
shah	24.67
crown	24.66
infant	24.63
naked	24.60
calendar	24.59
era	24.58
jews	24.56
hawaiian	24.55
beauteous	24.55
maids	24.54
eaten	24.53
nestor	24.52
grandson	24.49
assyria	24.48
falls	24.48
dwells	24.46
brake	24.46
buddhist	24.44
written	24.42
mourn	24.41
veil	24.39
una	24.39
solomon	24.38
mayest	24.38
plough	24.37
bearing	24.37
asiatic	24.37
suggests	24.36
grimm	24.35
rises	24.34
antiquities	24.31
resemblance	24.30
revenge	24.30
dwarfs	24.29
ver	24.29
sweat	24.28
statues	24.28
delphi	24.27
christians	24.26
grievous	24.26
ar	24.26
durst	24.25
parish	24.25
figures	24.25
miraculous	24.24
paris	24.19
bury	24.18
embraced	24.18
evidence	24.17
fulfilled	24.17
scandinavian	24.13
tak	24.12
bard	24.12
omens	24.12
green	24.10
precious	24.10
wha	24.08
locks	24.07
whereat	24.07
tombs	24.07
proverb	24.03
awhile	24.01
fields	24.01
fiend	24.00
account	23.97
anguish	23.95
spouse	23.94
historian	23.94
perished	23.92
covenant	23.91
inhabitants	23.91
baghdad	23.89
adonis	23.86
whoso	23.86
enters	23.85
sceptre	23.85
purple	23.85
enchantment	23.84
orlando	23.83
babe	23.82
patroclus	23.77
palm	23.77
mercy	23.76
beware	23.75
remote	23.74
dove	23.72
ill	23.71
thereto	23.70
monsters	23.69
oxen	23.69
rise	23.69
ceased	23.68
fires	23.67
bonnie	23.66
rinaldo	23.66
flowers	23.64
reward	23.63
totem	23.63
bee	23.61
priesthood	23.61
famed	23.60
burning	23.54
endowed	23.53
foes	23.52
iron	23.52
evolution	23.51
sickness	23.51
bliss	23.50
haste	23.50
inscribed	23.49
ruled	23.49
alms	23.48
hymns	23.45
wast	23.45
tablets	23.44
sprinkled	23.43
foul	23.40
majesty	23.40
spiritual	23.39
ram	23.39
pompey	23.38
xii	23.38
journeyed	23.37
built	23.37
reference	23.35
swore	23.35
believed	23.35
oath	23.34
throughout	23.34
divinities	23.33
infernal	23.33
cease	23.32
youngest	23.31
plant	23.30
vulcan	23.29
published	23.29
est	23.29
pillars	23.28
purification	23.28
mistletoe	23.26
moreover	23.25
night	23.25
strand	23.25
connection	23.24
gie	23.22
throws	23.22
mayst	23.22
zu	23.21
presence	23.21
calls	23.20
abbot	23.19
horus	23.19
arise	23.18
smitten	23.18
healed	23.16
bids	23.15
ceres	23.15
druids	23.14
blest	23.14
recorded	23.14
galahad	23.12
memory	23.12
cherokee	23.12
favour	23.09
idols	23.07
wings	23.06
kin	23.06
fatal	23.05
cunning	23.04
obscure	23.04
hypothesis	23.04
garlands	23.03
epithet	23.03
ho	23.02
lit	23.02
sorcerer	23.01
hounds	23.00
rabbi	22.99
gi	22.98
brand	22.98
war	22.97
gens	22.95
certain	22.95
beseech	22.95
joseph	22.95
vishnu	22.93
fa	22.93
sheaf	22.93
graves	22.92
thereat	22.89
diodorus	22.88
destroyed	22.88
commanded	22.86
fall	22.84
hawk	22.83
aristotle	22.82
vols	22.82
eldest	22.82
threshold	22.81
dans	22.79
servants	22.78
damascus	22.77
equivalent	22.77
caves	22.75
youths	22.75
genesis	22.74
traced	22.72
vnto	22.71
arms	22.71
prophets	22.71
whereby	22.70
annals	22.69
victory	22.69
fruit	22.68
tournament	22.68
sees	22.66
oldest	22.66
sanctuary	22.65
ibn	22.64
lute	22.63
dynasty	22.63
ibid	22.59
formula	22.58
fifth	22.57
coffin	22.56
verb	22.53
thetis	22.52
cicero	22.52
above	22.52
bone	22.48
lamentation	22.48
frazer	22.45
wanderer	22.45
knightly	22.45
mea	22.44
aus	22.44
garment	22.43
ithaca	22.40
hag	22.39
various	22.39
poetic	22.38
founder	22.38
reigned	22.38
slayer	22.37
kindled	22.35
frey	22.35
hindoo	22.35
couch	22.34
lyre	22.34
seer	22.31
planets	22.31
easter	22.31
tyrant	22.30
kinsman	22.28
yule	22.27
hearts	22.26
commonly	22.22
mee	22.20
thousand	22.20
limbs	22.17
flight	22.16
philosopher	22.16
maize	22.16
ole	22.15
darts	22.15
secret	22.14
manu	22.14
monks	22.14
loch	22.14
honours	22.12
knighthood	22.12
hie	22.12
neighbours	22.12
apparition	22.11
hebrews	22.10
cattle	22.10
bare	22.10
ala	22.08
symbolism	22.07
espied	22.05
lu	22.04
qui	22.02
rhine	22.01
ana	22.01
disciples	22.00
sow	21.99
blade	21.99
midst	21.98
ken	21.98
ge	21.97
brahman	21.96
penance	21.96
evermore	21.95
sacrificial	21.94
prometheus	21.94
moslems	21.93
translations	21.93
lofty	21.92
initiation	21.91
gae	21.91
destruction	21.90
personages	21.89
servant	21.89
eighth	21.88
fly	21.87
befell	21.86
garland	21.85
chamberlain	21.84
elves	21.83
dun	21.83
vpon	21.83
mythological	21.83
vine	21.83
founded	21.82
historic	21.82
eke	21.82
lastly	21.81
cornish	21.81
sixth	21.81
bane	21.81
africa	21.81
sic	21.80
crops	21.78
troth	21.78
sorcery	21.78
doctrine	21.77
animals	21.77
deer	21.77
antiq	21.72
mine	21.70
magnus	21.67
aeneas	21.67
praised	21.65
fairer	21.64
costly	21.63
priestess	21.61
tenth	21.61
civilisation	21.59
springs	21.57
bear	21.56
likeness	21.56
incantations	21.56
bel	21.56
maun	21.54
los	21.54
win	21.54
rue	21.53
became	21.53
beholding	21.53
sayest	21.53
ower	21.52
buddhism	21.52
betook	21.52
virgins	21.52
romulus	21.51
taboo	21.50
extant	21.47
pg	21.47
terror	21.47
nile	21.46
invoked	21.44
shine	21.44
purgatory	21.44
elsewhere	21.43
cadmus	21.42
downe	21.42
monastery	21.41
foretold	21.41
description	21.40
es	21.40
decreed	21.39
necklace	21.39
fig	21.39
miracle	21.39
anthropological	21.39
tarry	21.38
ivory	21.38
pele	21.37
inhabited	21.36
realms	21.36
personification	21.36
psyche	21.34
piety	21.34
hesiod	21.33
sends	21.33
berlin	21.31
cupid	21.29
celts	21.29
olden	21.28
devour	21.28
een	21.27
lii	21.27
truth	21.26
engraved	21.23
knoweth	21.22
regarded	21.22
noah	21.21
aurora	21.21
seneca	21.21
divination	21.20
sanskrit	21.19
loa	21.18
mediæval	21.17
constellation	21.17
hale	21.17
fathers	21.16
folklore	21.16
seasons	21.14
nottingham	21.14
fleece	21.12
grain	21.11
guise	21.11
twixt	21.10
feathers	21.10
alludes	21.10
shrines	21.10
ancestral	21.08
used	21.08
grove	21.08
dionysus	21.07
wandering	21.07
nana	21.07
oracles	21.07
atlas	21.07
streams	21.03
philosophy	21.02
finds	21.01
fortune	20.99
ae	20.97
gem	20.96
effigy	20.95
dante	20.94
moors	20.94
victims	20.94
codex	20.93
goats	20.91
derivation	20.90
ap	20.87
ark	20.86
vanquished	20.86
ou	20.86
shapes	20.85
tacitus	20.85
gin	20.85
neath	20.84
year	20.84
noblest	20.84
brittany	20.83
flies	20.82
takes	20.81
cloak	20.79
type	20.78
lancashire	20.78
ode	20.77
ornament	20.76
exile	20.75
survive	20.75
maketh	20.74
cyprus	20.74
poison	20.74
works	20.73
vile	20.73
fabulous	20.73
girt	20.73
compassion	20.72
kills	20.72
bards	20.72
blessing	20.70
muses	20.70
heal	20.70
hight	20.68
aztec	20.67
sign	20.67
bairn	20.65
hermitage	20.65
gat	20.64
wist	20.64
plural	20.63
edited	20.61
silken	20.61
traces	20.61
asunder	20.61
gore	20.60
saluted	20.60
common	20.60
haunt	20.59
victorious	20.59
flowing	20.57
contemporary	20.57
seeking	20.57
wend	20.57
asgard	20.57
circe	20.57
hills	20.56
patron	20.55
perseus	20.55
vo	20.54
spartan	20.54
wicked	20.54
alii	20.54
highlands	20.54
tresses	20.53
gladness	20.53
prof	20.52
phrase	20.51
near	20.51
hereupon	20.49
las	20.49
forest	20.49
kingly	20.47
skull	20.47
krishna	20.47
significance	20.47
descendant	20.46
uh	20.46
hir	20.46
representations	20.45
bestow	20.45
bier	20.45
bewitched	20.44
fr	20.43
mo	20.43
sages	20.43
ptolemy	20.42
shows	20.42
fountains	20.41
hearth	20.40
literary	20.40
wander	20.40
clans	20.37
che	20.37
abyss	20.37
rhymes	20.36
unlucky	20.31
conceptions	20.30
disguised	20.30
hellenic	20.29
each	20.28
dialects	20.28
dying	20.27
survival	20.27
gave	20.27
moorish	20.26
early	20.25
fulfil	20.24
chanted	20.24
ib	20.23
prehistoric	20.23
icelandic	20.23
ash	20.22
swoon	20.21
quotes	20.21
corresponding	20.21
aid	20.21
han	20.20
archaic	20.20
brahma	20.19
plight	20.17
azure	20.16
lineage	20.16
borders	20.16
un	20.15
jade	20.15
deem	20.15
grail	20.14
heralds	20.14
spenser	20.14
leopard	20.14
bonfires	20.13
jackal	20.13
drum	20.12
mony	20.09
gabriel	20.09
vale	20.08
sowing	20.07
arabia	20.07
ony	20.07
muse	20.05
olympian	20.05
ween	20.04
toil	20.03
papyrus	20.03
ea	20.01
leipsic	20.01
mak	20.00
shining	20.00
monstrous	19.99
gainst	19.99
hoary	19.98
perceval	19.98
penelope	19.98
contains	19.98
swan	19.98
trumpets	19.98
magicians	19.97
pour	19.95
su	19.94
shades	19.93
foremost	19.93
knave	19.93
toils	19.92
pilgrim	19.91
saracens	19.89
turtle	19.89
symbolic	19.89
venerable	19.89
similarly	19.88
anointed	19.88
impious	19.87
decay	19.86
fishes	19.86
betide	19.84
sez	19.82
caste	19.82
comest	19.81
shee	19.81
conjecture	19.81
thereby	19.81
ape	19.80
righteous	19.80
decoration	19.78
peru	19.77
od	19.77
carved	19.76
incarnation	19.76
succour	19.75
seeks	19.73
lamenting	19.73
goblet	19.72
child	19.70
cradle	19.70
vide	19.69
dust	19.69
historia	19.69
same	19.68
befall	19.68
kanaka	19.67
hid	19.66
genii	19.66
heed	19.65
hel	19.65
gane	19.65
friar	19.64
ills	19.63
hem	19.63
hu	19.62
throng	19.62
records	19.60
seq	19.60
inca	19.58
artemis	19.58
deign	19.56
erected	19.56
stroke	19.55
ocean	19.53
cain	19.52
darius	19.52
devoured	19.52
rs	19.51
soc	19.51
dagger	19.50
maori	19.50
crave	19.50
painted	19.49
feasting	19.48
ethnology	19.47
huntsman	19.47
offered	19.47
merchant	19.45
personage	19.45
herds	19.45
metamorphoses	19.44
histoire	19.44
imperial	19.43
pyre	19.43
furies	19.43
javelin	19.43
yucatan	19.43
former	19.42
coins	19.42
indra	19.41
staff	19.41
bravest	19.41
monk	19.40
kissed	19.40
gather	19.39
queries	19.39
skill	19.39
rainbow	19.38
captive	19.38
gar	19.38
argos	19.36
confounded	19.35
traveller	19.35
originated	19.34
animal	19.34
holds	19.34
planet	19.34
prey	19.34
dancers	19.32
woo	19.32
chronicle	19.30
literal	19.29
sophocles	19.29
dancing	19.29
immortals	19.27
ce	19.27
village	19.26
pow	19.26
fasting	19.26
receives	19.26
neighbouring	19.26
believers	19.24
fellowship	19.24
fergus	19.23
arrayed	19.23
sanctity	19.22
madness	19.21
existence	19.21
cid	19.20
elf	19.20
ina	19.18
marvels	19.18
waves	19.17
þe	19.17
torment	19.16
aborigines	19.16
sepulchre	19.15
ruins	19.15
deen	19.14
rede	19.14
within	19.13
relation	19.13
repaired	19.12
singer	19.12
thief	19.09
dire	19.08
del	19.07
lat	19.07
universal	19.07
firmament	19.06
greet	19.06
took	19.04
proserpine	19.03
flute	19.03
io	19.02
mither	19.02
descent	19.02
researches	19.02
earlier	19.02
shun	19.02
province	19.01
hindus	19.00
luna	19.00
drought	18.99
tarried	18.99
generations	18.98
addressed	18.97
lamentations	18.97
arch	18.97
woven	18.96
fruitful	18.96
murderer	18.95
ov	18.95
signifying	18.95
permitted	18.95
eleventh	18.95
loosed	18.94
dido	18.94
killing	18.93
traitor	18.93
fin	18.93
types	18.93
scholars	18.92
atli	18.91
pu	18.89
thrace	18.89
wang	18.88
rous	18.88
falcon	18.87
personified	18.87
hoard	18.87
princely	18.87
elders	18.87
withered	18.87
cleft	18.85
eunuchs	18.85
atonement	18.84
passages	18.84
sped	18.84
herod	18.83
sighs	18.83
juan	18.82
hasten	18.81
manuscripts	18.80
gothic	18.79
spartans	18.79
purified	18.79
franks	18.78
carries	18.78
hail	18.78
aboriginal	18.77
astronomical	18.77
signification	18.76
thrall	18.75
kine	18.74
reputed	18.74
queens	18.74
nos	18.74
olympia	18.73
wound	18.72
household	18.70
feats	18.70
shakespeare	18.69
device	18.69
herdsman	18.69
giver	18.69
minos	18.69
swans	18.68
hanged	18.67
maker	18.67
avenged	18.66
fray	18.66
neighbour	18.66
patriarch	18.66
bidden	18.66
informs	18.65
sorrows	18.65
sandals	18.64
moan	18.64
moons	18.61
overthrown	18.61
attica	18.61
gauls	18.60
strength	18.60
druid	18.59
flaming	18.58
celebrating	18.57
euphrates	18.57
antony	18.57
wears	18.57
references	18.57
charioteer	18.55
analogy	18.55
kingdoms	18.55
cruel	18.55
bowl	18.55
cross	18.55
wan	18.54
similarity	18.54
banished	18.54
nicht	18.54
orestes	18.53
cyclops	18.53
judah	18.52
kinship	18.52
calf	18.51
orkney	18.51
explains	18.49
strings	18.49
ban	18.49
priestly	18.49
pindar	18.48
tragedy	18.48
abbey	18.47
spectre	18.47
guile	18.46
glossary	18.46
forsooth	18.45
pity	18.45
lunar	18.43
pit	18.42
goeth	18.41
attribute	18.40
source	18.39
citadel	18.38
apostle	18.37
demeter	18.36
heav	18.36
lays	18.35
minstrelsy	18.35
amen	18.35
flows	18.34
fu	18.34
yoke	18.34
adoration	18.33
threshing	18.32
yore	18.31
puck	18.31
restored	18.31
norwegian	18.31
omar	18.30
wid	18.30
brutus	18.30
surname	18.30
mystical	18.29
constellations	18.28
regions	18.28
armes	18.28
customary	18.28
messiah	18.27
sair	18.26
mirth	18.26
pride	18.26
amidst	18.26
kingship	18.25
omitted	18.25
underworld	18.25
thereafter	18.24
fertility	18.23
curses	18.21
wail	18.20
relating	18.20
allusions	18.20
desire	18.20
migration	18.18
swedish	18.17
invention	18.17
adorn	18.16
orpheus	18.16
venom	18.15
copies	18.15
divers	18.15
baptized	18.15
nature	18.14
breaks	18.14
eat	18.13
favourite	18.13
skin	18.11
thessaly	18.11
chang	18.10
against	18.10
esteemed	18.09
percival	18.09
draws	18.09
crucified	18.08
prophetic	18.08
indicates	18.08
afflicted	18.08
resembles	18.08
macedonia	18.08
spacious	18.08
soe	18.07
scorn	18.05
pollux	18.05
wanderings	18.04
drunk	18.04
identification	18.02
flow	18.01
cries	18.00
relic	17.99
vous	17.97
lieth	17.97
edinburgh	17.96
das	17.96
shafts	17.95
sagas	17.95
hai	17.94
twere	17.94
courser	17.94
cited	17.94
allegory	17.93
whenas	17.92
northumberland	17.92
pagans	17.91
maya	17.91
pas	17.91
eye	17.90
decorated	17.86
transformation	17.86
lucian	17.86
syrian	17.85
fed	17.85
sprite	17.85
worm	17.85
dates	17.84
hide	17.84
exalted	17.83
baptism	17.83
sate	17.82
ravens	17.81
counsels	17.79
wooers	17.79
semblance	17.79
hidden	17.79
agricola	17.78
peacock	17.78
chanting	17.77
index	17.77
appease	17.77
plucked	17.76
torches	17.75
veiled	17.74
tongues	17.74
praying	17.73
doves	17.73
kai	17.73
bulls	17.73
het	17.71
barbarians	17.71
trace	17.71
carthage	17.70
garments	17.70
hakon	17.70
av	17.69
bind	17.68
figured	17.68
mysterious	17.68
skilled	17.66
dionysius	17.66
northland	17.66
enraged	17.66
poe	17.65
conjure	17.65
threw	17.64
youthful	17.64
quetzalcoatl	17.64
variant	17.63
creed	17.63
slaughtered	17.63
khalif	17.63
gallows	17.62
monument	17.62
wars	17.61
ladye	17.61
pestilence	17.60
worshiped	17.60
felicity	17.59
payne	17.58
highest	17.58
remus	17.58
wanting	17.58
vp	17.57
fay	17.57
endure	17.56
burned	17.56
suppliant	17.54
aff	17.53
sorcerers	17.53
sack	17.52
farewell	17.52
mourned	17.52
vedas	17.52
resembling	17.51
conqueror	17.51
pyrrhus	17.50
deutsche	17.49
athena	17.49
satire	17.48
vulgar	17.48
skulls	17.47
canto	17.47
ich	17.47
lucius	17.46
annual	17.46
house	17.46
hym	17.46
navel	17.45
hue	17.45
againe	17.45
buckler	17.44
wooing	17.44
calamity	17.44
abou	17.43
stately	17.42
bei	17.42
judas	17.42
xiii	17.41
ordained	17.41
jeweller	17.40
scribe	17.40
goths	17.40
alluded	17.40
sie	17.39
churchyard	17.38
dem	17.38
marriage	17.37
entrails	17.36
meets	17.36
famine	17.35
rivers	17.34
nero	17.34
drums	17.34
nimrod	17.33
slays	17.32
possess	17.32
murdered	17.31
unseen	17.31
nur	17.31
descends	17.30
perchance	17.30
yi	17.29
parts	17.29
decked	17.29
achaeans	17.28
overthrow	17.28
robber	17.28
proverbs	17.28
phoebus	17.28
favours	17.28
saracen	17.27
ei	17.26
inspired	17.26
praises	17.25
une	17.25
dungeon	17.23
schol	17.23
weaving	17.23
metre	17.22
suitor	17.22
conquest	17.22
cuzco	17.22
whan	17.22
begotten	17.21
symbolical	17.21
referred	17.20
fetish	17.20
ning	17.20
alan	17.19
hart	17.19
dung	17.19
ab	17.19
gear	17.18
enchanter	17.18
forthwith	17.18
scabbard	17.18
parallels	17.17
flames	17.17
mounds	17.17
rejoicing	17.16
overthrew	17.16
crow	17.16
snare	17.15
returns	17.15
lin	17.15
xerxes	17.14
chi	17.14
travels	17.14
bran	17.14
goblin	17.14
clothed	17.14
peninsula	17.14
gazelle	17.13
retinue	17.13
translator	17.13
wold	17.13
subterranean	17.13
occult	17.12
mexico	17.11
cubits	17.11
baal	17.11
yeoman	17.10
thirteenth	17.10
misfortune	17.09
befel	17.08
signet	17.08
abd	17.07
bathed	17.06
feasted	17.06
alighted	17.06
castor	17.05
builded	17.05
burns	17.05
casket	17.05
visions	17.04
valhalla	17.04
spoils	17.02
wiles	17.01
owl	17.01
handmaid	17.01
everlasting	17.00
queene	17.00
selfe	17.00
cairo	17.00
place	16.99
fury	16.99
sable	16.99
sall	16.99
feature	16.99
fire	16.99
til	16.99
hagen	16.97
crying	16.97
manes	16.97
yeomen	16.97
sumerian	16.97
nu	16.97
æneas	16.96
arcadia	16.95
mosque	16.95
babylonians	16.95
decree	16.94
hall	16.94
glorious	16.93
amulets	16.93
wheat	16.92
veneration	16.92
nether	16.91
sayings	16.91
damned	16.90
narrator	16.90
whiles	16.90
note	16.90
rides	16.89
fold	16.89
laurel	16.89
holiness	16.88
loth	16.88
siva	16.87
copper	16.87
goest	16.87
rejoice	16.87
amber	16.87
affliction	16.86
primeval	16.86
sculpture	16.85
strait	16.85
granada	16.84
came	16.84
rend	16.84
talisman	16.83
widely	16.82
louvre	16.82
minstrels	16.82
weal	16.81
hand	16.81
bees	16.81
thigh	16.81
baith	16.81
leapt	16.81
genealogy	16.80
brahmans	16.79
billows	16.79
pre	16.79
person	16.78
cures	16.77
discourse	16.77
wel	16.75
marius	16.75
repose	16.75
adown	16.73
footed	16.73
neither	16.73
sweden	16.73
erst	16.73
town	16.73
squires	16.72
alle	16.72
wizards	16.72
crowns	16.72
surnamed	16.71
quote	16.70
invented	16.70
explanation	16.69
fir	16.69
becomes	16.68
oedipus	16.67
progeny	16.67
spread	16.66
alba	16.66
adj	16.66
phantom	16.65
melancholy	16.65
neck	16.64
editions	16.63
intent	16.63
ruin	16.63
kirk	16.63
pleiades	16.62
disciple	16.61
herb	16.61
sets	16.61
mermaid	16.61
trinity	16.61
peasants	16.60
initiated	16.59
requite	16.55
princesses	16.55
isa	16.55
consumed	16.55
seemeth	16.55
runes	16.54
cauldron	16.54
barbarian	16.54
entreated	16.53
sumptuous	16.53
wrestling	16.53
horned	16.53
mus	16.53
exploits	16.53
pastoral	16.53
ideas	16.52
mace	16.52
compared	16.52
fragrant	16.51
godlike	16.50
eating	16.49
trance	16.49
min	16.49
aristophanes	16.48
meadows	16.48
goe	16.48
malice	16.48
highland	16.45
michael	16.45
tumult	16.45
midas	16.45
delectable	16.44
betrothed	16.44
sources	16.44
scylla	16.44
restore	16.43
truly	16.43
breton	16.43
descended	16.43
incarnate	16.43
guarded	16.42
grendel	16.42
euer	16.41
valor	16.41
italian	16.41
partake	16.40
invocation	16.40
pig	16.40
medea	16.39
lions	16.39
pi	16.39
vulture	16.39
polynesian	16.38
begat	16.38
countless	16.38
forefathers	16.37
hera	16.37
babes	16.37
shaykh	16.37
gudrun	16.37
reared	16.36
chronology	16.36
shines	16.36
leaves	16.35
etymology	16.35
infinite	16.35
journey	16.34
amulet	16.34
bide	16.33
mournful	16.33
stowe	16.33
circumstance	16.32
kiss	16.32
dinna	16.32
begone	16.31
bethlehem	16.31
noted	16.31
copy	16.31
pantheon	16.31
astronomy	16.31
bereft	16.30
edit	16.30
corpses	16.30
delivered	16.29
revered	16.29
web	16.28
adored	16.28
bethought	16.27
stepmother	16.27
counterpart	16.27
answers	16.27
reapers	16.26
roun	16.26
blows	16.25
elaine	16.25
corinthian	16.25
worshipper	16.24
remarkable	16.24
brave	16.24
amazons	16.23
embroidered	16.23
bitter	16.23
von	16.23
avert	16.23
hilt	16.22
burton	16.22
crafty	16.21
dictionary	16.21
faring	16.21
crocodile	16.20
plus	16.20
eros	16.20
scandinavia	16.20
local	16.19
nephew	16.19
fiji	16.19
consort	16.19
tiberius	16.19
envy	16.18
dole	16.18
pythagoras	16.18
ware	16.17
compositions	16.17
floods	16.17
london	16.17
solace	16.17
yang	16.16
comedy	16.16
connexion	16.16
wat	16.16
proclaim	16.16
angelica	16.15
biblical	16.14
fills	16.14
antique	16.13
repent	16.13
theban	16.12
canna	16.11
practised	16.11
changed	16.11
hiawatha	16.11
finger	16.10
leaf	16.09
vanished	16.09
has	16.08
boast	16.08
metals	16.08
entreat	16.08
etruscan	16.07
couplets	16.07
prevail	16.07
chaste	16.05
wells	16.05
faithless	16.05
emblems	16.05
corresponds	16.05
affright	16.04
pope	16.03
wrapt	16.03
meed	16.03
mephistopheles	16.03
pilgrims	16.03
ju	16.02
quo	16.01
henceforth	16.01
sleeps	16.01
manifest	16.01
ans	16.01
hathor	16.00
haughty	16.00
dialogue	16.00
liege	15.99
ola	15.99
denote	15.98
thoth	15.98
parallel	15.98
chu	15.97
refer	15.97
thread	15.96
dealt	15.96
yu	15.95
foemen	15.95
severed	15.95
secretly	15.95
peopled	15.95
melody	15.94
chains	15.94
prays	15.92
fetters	15.92
incas	15.92
nuptials	15.92
pass	15.92
wreath	15.91
baba	15.90
tigris	15.90
theme	15.90
snakes	15.89
greenland	15.88
lifeless	15.88
hew	15.88
reveal	15.88
lamented	15.87
ahmad	15.87
pau	15.84
plays	15.84
qu	15.84
viz	15.83
labours	15.83
pours	15.83
aforetime	15.83
gr	15.83
observances	15.83
joyous	15.82
solstice	15.82
kh	15.81
representation	15.81
episode	15.81
dwellings	15.81
joys	15.80
rank	15.79
celebrate	15.79
journ	15.79
meats	15.79
destroyer	15.79
generation	15.79
weaver	15.79
observes	15.78
winna	15.78
sect	15.78
torments	15.77
sc	15.77
wretch	15.77
barbarous	15.77
owne	15.77
practices	15.77
forbear	15.76
chronicles	15.76
dye	15.74
nane	15.73
ointment	15.73
thunders	15.72
element	15.72
fated	15.72
corrections	15.71
mien	15.71
armenia	15.71
devout	15.70
poseidon	15.69
helmets	15.69
european	15.69
hapless	15.69
eagles	15.69
emerald	15.69
beneficent	15.69
iphigenia	15.68
terrestrial	15.68
twin	15.68
dice	15.68
shone	15.68
courtiers	15.67
medusa	15.67
joust	15.66
thunderbolt	15.66
groves	15.65
namely	15.64
incantation	15.64
tabooed	15.64
embrace	15.64
nightingale	15.64
guid	15.64
whereto	15.63
thenceforth	15.63
lawe	15.63
sciences	15.62
laertes	15.62
tiber	15.62
shi	15.62
methinks	15.62
lucan	15.61
antiquary	15.61
portal	15.60
introductory	15.60
crosses	15.60
loom	15.59
wax	15.59
australian	15.59
surpassing	15.59
nectar	15.58
loveth	15.58
meanings	15.58
therewithal	15.57
denotes	15.57
bearer	15.56
preface	15.56
justin	15.55
subtle	15.55
flax	15.54
sho	15.54
additions	15.53
ok	15.53
mote	15.53
figure	15.53
hippolytus	15.53
veda	15.52
weary	15.52
abodes	15.52
deified	15.51
sicilian	15.50
empire	15.50
pueblo	15.50
wizard	15.49
sorceress	15.49
cows	15.49
earls	15.49
authors	15.48
hunting	15.48
salutation	15.48
vocabulary	15.47
vedic	15.46
implements	15.46
yarrow	15.46
swain	15.46
popularly	15.45
courteous	15.45
minor	15.45
singers	15.44
chants	15.44
cairn	15.44
ind	15.43
vouchsafe	15.43
mightiest	15.43
rushes	15.42
alcibiades	15.42
abdullah	15.41
radiant	15.41
carlisle	15.40
mouse	15.40
ector	15.40
grandees	15.39
propitious	15.39
folio	15.39
latins	15.38
fifteenth	15.38
aeschylus	15.38
survived	15.38
bestowed	15.38
apostles	15.37
attain	15.37
grey	15.37
smiting	15.37
wretched	15.37
caius	15.36
therefrom	15.36
couldst	15.36
devotion	15.36
eater	15.35
jamieson	15.34
peleus	15.34
astrologer	15.34
hellas	15.34
perfumes	15.34
placed	15.33
followers	15.33
ein	15.33
im	15.32
saffron	15.32
lesser	15.32
camel	15.31
vassals	15.31
enchantments	15.30
andaman	15.30
properties	15.30
bagdad	15.29
loke	15.29
whate	15.29
vassal	15.29
enamoured	15.27
swineherd	15.26
sirens	15.26
augustus	15.26
foeman	15.26
esq	15.26
swooned	15.25
vegetation	15.25
enemies	15.25
prevailed	15.24
titans	15.24
phoenician	15.24
puts	15.23
gourd	15.23
depicted	15.22
whatsoever	15.22
dwellers	15.22
informant	15.22
composition	15.22
oral	15.21
socrates	15.21
repentance	15.21
phenomena	15.20
potent	15.20
ewe	15.20
pomegranate	15.20
acropolis	15.20
bellerophon	15.19
ul	15.19
ro	15.19
speakest	15.19
shu	15.18
loves	15.18
rude	15.18
authentic	15.18
corse	15.18
appendix	15.18
liv	15.17
lizard	15.16
δ	15.16
loue	15.15
comparison	15.14
gama	15.14
dome	15.13
tyre	15.13
hangs	15.13
storms	15.12
alla	15.12
genie	15.12
avenging	15.12
dyed	15.12
lye	15.11
stratagem	15.11
yorkshire	15.11
enoch	15.11
saw	15.11
catherine	15.09
ire	15.09
ur	15.09
finns	15.07
peradventure	15.07
attendant	15.07
divided	15.06
scots	15.06
ambassadors	15.05
robed	15.04
unclean	15.04
vault	15.04
runs	15.04
lustre	15.04
salamis	15.03
seclusion	15.02
hides	15.02
variations	15.02
sworn	15.01
commandment	15.00
ear	14.99
wickedness	14.99
charger	14.99
celebration	14.98
crucifixion	14.98
obeisance	14.97
demosthenes	14.97
goes	14.95
barbaric	14.95
metrical	14.95
esoteric	14.95
wigwam	14.95
intelligible	14.95
καὶ	14.95
calypso	14.94
guilt	14.94
guatemala	14.94
gospels	14.94
dee	14.93
syne	14.93
astrology	14.93
richly	14.93
embassy	14.92
californian	14.92
save	14.92
peasantry	14.91
tsar	14.91
begins	14.91
divining	14.91
grows	14.91
lov	14.91
ut	14.91
analogous	14.91
righteousness	14.89
hollow	14.89
lionel	14.89
referring	14.89
anciently	14.87
libations	14.86
aaron	14.86
picts	14.86
vowed	14.86
lust	14.85
ogre	14.85
xxxi	14.85
ibrahim	14.84
indo	14.84
satyrs	14.84
ganges	14.84
outlaw	14.84
centaur	14.84
mist	14.83
wield	14.83
doughty	14.83
lightnings	14.83
corruption	14.83
tristan	14.81
assembled	14.80
prophecies	14.80
cha	14.80
xxxii	14.79
crab	14.79
wanton	14.79
muckle	14.79
research	14.79
anew	14.79
deceit	14.78
interpreted	14.78
lowly	14.78
hurl	14.77
embodied	14.76
prov	14.76
adore	14.76
valerius	14.75
translates	14.74
delights	14.74
xv	14.74
israelites	14.74
palaces	14.74
erik	14.73
greatness	14.72
desert	14.72
analogies	14.71
rubies	14.70
invoke	14.69
xxxvi	14.68
nativity	14.68
jesu	14.68
ritson	14.68
survivals	14.66
bough	14.66
worshipping	14.65
objects	14.65
gorgon	14.65
tear	14.65
naming	14.64
dares	14.63
palestine	14.63
implore	14.63
devotee	14.62
slavonic	14.62
zealand	14.62
appellation	14.62
lists	14.62
prophetess	14.62
lyric	14.61
envious	14.61
grecians	14.61
hears	14.61
num	14.60
turquoise	14.60
overcome	14.60
lucifer	14.60
ascetic	14.60
chivalry	14.59
spring	14.59
recalls	14.59
writes	14.59
distraught	14.59
kari	14.58
jinn	14.58
malik	14.58
wooed	14.57
extinct	14.57
macedonian	14.57
abbas	14.56
neuer	14.56
vv	14.56
adrienne	14.56
nit	14.56
sheen	14.55
travail	14.55
wits	14.55
apparitions	14.55
cretan	14.55
pleasing	14.54
alhambra	14.53
whosoever	14.53
hittite	14.53
garb	14.52
moses	14.52
grete	14.52
memorial	14.51
akin	14.51
vowel	14.51
cato	14.51
span	14.51
trusty	14.50
weeps	14.50
xxxv	14.49
essence	14.49
strove	14.49
flourished	14.48
catalogue	14.48
remnant	14.48
taro	14.48
sorrowful	14.48
guinevere	14.48
characters	14.47
scholiast	14.47
inlaid	14.47
greenwood	14.46
yellow	14.46
hunger	14.46
dominion	14.46
sites	14.46
xxxiii	14.46
hap	14.46
demetrius	14.45
eustace	14.45
votive	14.45
preserve	14.45
expulsion	14.45
rival	14.45
drops	14.45
liver	14.45
leinster	14.44
replies	14.44
ao	14.44
calabash	14.44
atlantis	14.43
amang	14.43
eu	14.43
buchan	14.43
manifold	14.42
wazir	14.42
hewn	14.41
charmed	14.41
thracian	14.41
taketh	14.40
plumes	14.40
jock	14.40
zoroaster	14.40
scroll	14.40
female	14.40
blast	14.40
constantine	14.40
belike	14.40
sur	14.39
converse	14.39
celestials	14.39
portals	14.39
mahomet	14.39
sindbad	14.38
preceded	14.38
cults	14.38
survives	14.38
himselfe	14.37
hindoos	14.37
aa	14.37
mention	14.37
headless	14.37
aloud	14.37
turnus	14.36
lycurgus	14.36
variants	14.36
als	14.36
fo	14.36
immemorial	14.36
mor	14.36
xl	14.36
peerless	14.36
sculptured	14.35
effigies	14.35
sylla	14.35
ghostly	14.35
dorians	14.34
piper	14.34
whoever	14.34
characteristic	14.34
deemed	14.34
reinach	14.34
servius	14.34
tha	14.32
aha	14.32
xliv	14.32
rout	14.32
circle	14.32
britons	14.31
month	14.31
old	14.31
myrmidons	14.31
curtius	14.30
cp	14.30
witness	14.30
tahiti	14.30
abbé	14.29
belongs	14.29
identity	14.29
cormac	14.29
gotten	14.29
tam	14.29
bridle	14.29
promontory	14.28
aryans	14.28
shorn	14.28
faery	14.28
willow	14.27
purity	14.27
elis	14.27
ether	14.27
proverbial	14.27
antiquarian	14.26
freed	14.26
tara	14.26
castes	14.25
legions	14.25
thucydides	14.23
beale	14.23
xxviii	14.23
mal	14.23
xxxix	14.23
xvi	14.23
wae	14.22
parnassus	14.22
isaac	14.21
assay	14.21
tempests	14.21
stain	14.21
zodiac	14.20
mock	14.20
je	14.20
crassus	14.19
derives	14.19
egg	14.19
libation	14.18
doomed	14.18
andromache	14.18
nobles	14.18
pe	14.18
dietrich	14.17
animate	14.17
moi	14.16
urn	14.16
naething	14.16
seeth	14.16
bas	14.16
savagery	14.15
rhys	14.15
dagobert	14.15
space	14.15
frenzy	14.15
tylor	14.14
resemblances	14.14
ariadne	14.14
middle	14.14
deathless	14.14
soone	14.14
numa	14.14
ir	14.13
elfin	14.12
greedy	14.12
dunn	14.12
instruments	14.12
avesta	14.12
pronounced	14.12
sixteenth	14.11
pursues	14.11
brian	14.10
kinloch	14.10
lifts	14.10
bazar	14.10
phrygian	14.10
orient	14.09
archers	14.09
scipio	14.08
halliwell	14.08
dramatic	14.08
muller	14.07
für	14.07
processions	14.07
anu	14.07
xenophon	14.06
ani	14.06
vega	14.06
cavalier	14.06
connaught	14.06
apparel	14.05
assyrians	14.04
archbishop	14.04
sorrowing	14.03
chambers	14.03
journal	14.03
og	14.03
designation	14.03
grieved	14.02
reciting	14.02
mord	14.02
vitals	14.00
splendor	14.00
lodging	14.00
carle	14.00
admetus	14.00
sublime	14.00
workmanship	13.99
liveth	13.99
mordred	13.98
congo	13.98
plague	13.98
hallowe	13.98
midnight	13.98
guerdon	13.98
thorns	13.97
transmigration	13.97
dight	13.97
betel	13.97
scribes	13.97
astrologers	13.97
sovereign	13.97
heracles	13.96
vesta	13.96
moor	13.96
canaan	13.96
seventeenth	13.96
toad	13.95
halfdan	13.95
haud	13.95
mightier	13.95
nuptial	13.94
propitiate	13.94
rodin	13.94
corrupted	13.93
stane	13.92
extolled	13.92
allegorical	13.92
jar	13.92
profane	13.91
brow	13.90
conjured	13.90
perceiving	13.89
xli	13.89
creative	13.88
eternity	13.88
accordingly	13.87
hauskuld	13.87
sent	13.87
var	13.87
chieftains	13.86
infidels	13.86
standeth	13.86
soever	13.86
styx	13.85
giantess	13.84
wampum	13.84
cleopatra	13.84
ilium	13.83
priestesses	13.83
fount	13.83
whin	13.83
polyphemus	13.83
composed	13.82
votaries	13.82
enow	13.82
emir	13.82
xlii	13.81
latium	13.81
yn	13.80
emeralds	13.80
fie	13.80
repute	13.79
zen	13.79
surviving	13.79
benefiting	13.79
hewed	13.79
ishtar	13.79
fisherman	13.79
friars	13.78
mesopotamia	13.77
tokens	13.77
prosper	13.77
tormented	13.77
bunsen	13.77
chieftain	13.77
spied	13.77
expresses	13.76
grieve	13.76
mdlle	13.76
moe	13.75
nin	13.75
bringeth	13.75
wandered	13.75
tread	13.74
supplication	13.74
hearkened	13.73
assigned	13.73
quoting	13.73
antigonus	13.73
compassionate	13.73
thinkest	13.72
character	13.72
xxx	13.72
wai	13.72
avail	13.71
deare	13.71
sirius	13.71
narcissus	13.71
hallowed	13.71
buffet	13.71
philemon	13.71
severance	13.70
faustus	13.70
taen	13.70
pangs	13.70
harness	13.70
teller	13.69
xxxviii	13.69
executioner	13.69
newly	13.69
python	13.69
shamed	13.69
reminiscence	13.69
shameful	13.68
baleful	13.68
mirror	13.68
thrones	13.68
sprung	13.67
doric	13.66
madonna	13.66
island	13.66
battlements	13.66
philology	13.66
megara	13.65
æneid	13.65
ado	13.65
wove	13.64
descriptive	13.64
marries	13.64
pyramid	13.63
ath	13.63
nightly	13.63
cat	13.63
riddle	13.63
plighted	13.63
ses	13.62
korea	13.62
heb	13.62
howbeit	13.61
ablution	13.61
roderick	13.61
guardian	13.60
xxxvii	13.60
whittington	13.60
commands	13.59
counselled	13.59
arcadian	13.59
breasts	13.59
riddles	13.59
caldron	13.58
musician	13.58
hogni	13.58
troll	13.57
colour	13.57
conquer	13.57
reveals	13.57
cho	13.57
pavilions	13.57
implored	13.56
binds	13.56
omaha	13.56
euery	13.55
bunyan	13.55
cathedral	13.55
michel	13.54
disdain	13.54
antigone	13.54
incensed	13.54
guests	13.54
buddhists	13.53
sapphire	13.53
tuscan	13.53
choicest	13.52
nanna	13.52
pastures	13.52
lusty	13.52
shadows	13.52
crier	13.52
richest	13.52
philosophers	13.52
bes	13.51
instance	13.51
spittle	13.50
donned	13.50
anent	13.50
delos	13.49
tweed	13.48
señor	13.48
talmud	13.48
nineveh	13.48
jewel	13.48
twelve	13.48
centaurs	13.48
interred	13.47
themistocles	13.47
abounding	13.47
signify	13.46
testament	13.46
saxon	13.45
countrie	13.45
symbolized	13.45
variously	13.45
gilles	13.45
godhead	13.45
bede	13.44
wale	13.43
orb	13.43
border	13.42
hrothgar	13.42
finnish	13.42
hecuba	13.42
purely	13.42
respecting	13.41
excellence	13.41
samoa	13.41
zur	13.40
tammuz	13.40
matchless	13.39
privily	13.39
milky	13.39
girded	13.39
wanders	13.38
grains	13.38
couplet	13.38
yo	13.38
sunrise	13.38
semites	13.38
northmen	13.38
condemned	13.37
strive	13.37
eusebius	13.37
ionic	13.37
rowan	13.37
oracular	13.36
region	13.36
beguile	13.36
blooms	13.36
syllable	13.36
prefix	13.35
lima	13.35
musk	13.35
milton	13.35
nam	13.34
paintings	13.34
polytheism	13.34
communion	13.34
niobe	13.33
gaed	13.33
linguistic	13.33
appeased	13.32
cerberus	13.32
charon	13.32
tarquin	13.32
plants	13.32
vernal	13.32
sonne	13.31
masks	13.30
childe	13.30
mould	13.30
kidd	13.30
literally	13.29
thi	13.28
sinned	13.28
reaping	13.28
amain	13.28
coffer	13.28
childless	13.28
cycles	13.27
noun	13.27
wither	13.27
asa	13.27
clamour	13.27
valleys	13.27
moves	13.27
chaucer	13.26
prostrated	13.26
semiramis	13.26
merry	13.26
casts	13.26
desired	13.26
ares	13.26
armed	13.25
stress	13.25
beholds	13.25
vampire	13.25
mithridates	13.24
scorpion	13.24
goblins	13.24
octopus	13.24
beare	13.24
kali	13.24
saturnalia	13.23
argives	13.22
overcame	13.21
astarte	13.21
dames	13.20
scape	13.20
pt	13.20
alcinous	13.20
steel	13.19
atreus	13.19
musical	13.19
mutilated	13.18
trow	13.18
vie	13.18
hea	13.18
graces	13.18
lent	13.18
perforce	13.17
foal	13.17
sigmund	13.17
caverns	13.17
gay	13.17
madagascar	13.16
argus	13.16
shroud	13.16
hannibal	13.16
passes	13.15
fulfilment	13.15
dominions	13.15
stricken	13.15
lebanon	13.15
geographical	13.14
tyme	13.14
breastplate	13.13
musicians	13.13
giveth	13.13
caucasus	13.12
adventure	13.12
recitation	13.12
zend	13.12
vanquish	13.11
versed	13.11
abound	13.11
laconia	13.11
fasti	13.10
commentary	13.10
apollodorus	13.09
agriculture	13.09
fasted	13.09
doun	13.09
weave	13.09
haroun	13.09
perfumed	13.09
gawain	13.08
abiding	13.08
initial	13.08
macpherson	13.08
saviour	13.08
ang	13.07
sind	13.07
features	13.07
offers	13.07
banners	13.07
attested	13.07
awaits	13.07
cavaliers	13.07
sown	13.07
perfection	13.07
hy	13.07
deaths	13.06
stuffs	13.06
rashid	13.06
onward	13.05
certes	13.05
thunderbolts	13.05
birds	13.05
sickle	13.05
etruria	13.04
propitiated	13.04
taper	13.03
shal	13.03
australians	13.03
apartment	13.03
repeats	13.03
alluding	13.03
atalanta	13.03
wali	13.02
pygmies	13.02
revue	13.02
pedigree	13.02
characteristics	13.02
graven	13.01
paganism	13.01
fait	13.01
hebrides	13.01
diverse	13.01
nei	13.01
inhabit	13.01
islanders	13.00
lordly	13.00
phallic	13.00
hou	12.99
xxiv	12.99
iroquois	12.99
ile	12.99
thebans	12.99
burg	12.99
writings	12.99
resound	12.99
hunchback	12.99
tor	12.99
wadna	12.99
market	12.99
parable	12.98
oahu	12.97
second	12.97
feud	12.97
deliverer	12.97
chronological	12.97
deliver	12.96
compares	12.96
ambrosia	12.96
excavations	12.96
indicate	12.96
contest	12.96
totems	12.95
deadly	12.95
hilo	12.95
visited	12.95
mag	12.95
foundations	12.95
auf	12.95
implies	12.95
wen	12.94
forge	12.94
reproduced	12.94
departing	12.94
treason	12.94
pinkerton	12.94
basque	12.94
sculptures	12.94
yama	12.94
pursued	12.94
olympic	12.93
syllables	12.93
archer	12.93
translate	12.93
sprinkle	12.93
heifer	12.93
cloven	12.93
castles	12.93
boars	12.93
migrations	12.92
cybele	12.92
apollonius	12.92
habitation	12.92
festal	12.92
massy	12.92
magi	12.92
elysium	12.91
mindful	12.91
reynard	12.91
jars	12.91
assemble	12.91
trod	12.91
marcellus	12.91
lovest	12.91
dating	12.90
divan	12.90
herdsmen	12.90
cleave	12.90
salvation	12.89
deeps	12.89
reed	12.88
ould	12.88
churl	12.88
forthright	12.88
deutschen	12.88
heaped	12.88
adv	12.88
marathon	12.87
feare	12.87
concubine	12.87
ethnological	12.87
emirs	12.86
taught	12.86
xlv	12.86
possessed	12.85
harun	12.85
drives	12.85
efficacy	12.85
taboos	12.84
contain	12.84
alfonso	12.84
earthen	12.84
samos	12.83
ahmed	12.83
mansion	12.83
booty	12.83
purse	12.83
affrighted	12.83
treachery	12.82
nom	12.82
crows	12.82
prevalent	12.82
pot	12.81
lone	12.81
diadem	12.81
loc	12.81
stalks	12.80
archery	12.80
falsely	12.80
chan	12.79
commentators	12.79
origins	12.79
camelot	12.79
mythic	12.79
burgundians	12.79
dishonour	12.78
lapis	12.78
departs	12.78
essay	12.78
sen	12.78
yams	12.78
hearkening	12.78
wren	12.78
husbandman	12.78
espy	12.77
harpies	12.77
prototype	12.77
unicorn	12.77
deirdre	12.77
behest	12.77
virtuous	12.76
dirge	12.76
breathes	12.76
macedonians	12.75
hereafter	12.75
skilful	12.74
barren	12.74
hydra	12.74
towne	12.74
mickle	12.74
aright	12.73
gard	12.73
ionian	12.73
worshipful	12.73
mourners	12.73
beer	12.73
sherwood	12.72
sanscrit	12.71
dog	12.71
souled	12.71
cursing	12.71
scapegoat	12.71
giv	12.71
shadowy	12.71
reprinted	12.70
satyr	12.70
church	12.70
steadfast	12.70
tre	12.70
errant	12.70
macedon	12.69
yoked	12.69
ouer	12.69
revelation	12.69
purify	12.69
alphabet	12.68
bred	12.68
monotheism	12.68
smeared	12.67
ils	12.67
hildebrand	12.67
enid	12.67
brood	12.67
taj	12.66
carthaginians	12.66
fierce	12.66
xlvi	12.66
ha	12.65
proclaimed	12.65
cuneiform	12.65
strains	12.65
crone	12.65
discord	12.65
beguiled	12.64
hastens	12.64
kem	12.64
makani	12.64
xviii	12.64
ishmael	12.64
sinks	12.64
dish	12.64
father	12.63
perfume	12.63
flutes	12.63
cogia	12.63
rare	12.63
disk	12.63
summon	12.62
mela	12.62
dorian	12.62
yields	12.61
reft	12.61
jewelled	12.61
joyance	12.61
deliverance	12.60
lazarus	12.60
br	12.60
assail	12.60
lied	12.60
sandal	12.59
forged	12.59
deformed	12.58
titan	12.58
hogg	12.58
xlvii	12.58
coursers	12.57
quench	12.57
inanimate	12.57
bath	12.57
sidon	12.56
pastime	12.56
por	12.56
whitsuntide	12.56
villages	12.56
evolved	12.56
lucullus	12.56
europa	12.55
swiftness	12.55
tellers	12.55
bewail	12.55
groans	12.55
fiction	12.55
soothsayer	12.55
devotees	12.55
notices	12.55
waits	12.55
claudius	12.54
sera	12.54
oot	12.54
thieves	12.54
grammatical	12.54
borneo	12.54
imitative	12.54
hala	12.54
conjurer	12.53
nd	12.53
fearing	12.53
bleed	12.53
fictions	12.53
celebes	12.53
philological	12.52
rood	12.52
minster	12.52
alcestis	12.52
forsake	12.52
tout	12.52
xx	12.51
farre	12.51
camest	12.51
fabrics	12.51
cu	12.50
existed	12.50
dumb	12.50
grant	12.50
lt	12.50
sezee	12.50
dwelleth	12.50
peloponnesian	12.50
preceding	12.50
omened	12.49
echo	12.49
laban	12.49
accents	12.48
holo	12.48
dogs	12.48
heron	12.47
labour	12.47
nowise	12.46
preceptor	12.46
thei	12.46
pinions	12.46
rye	12.46
malignant	12.45
summit	12.45
bonfire	12.45
twelvemonth	12.45
rhodes	12.45
spheres	12.44
lycia	12.44
starry	12.44
cauld	12.44
weet	12.44
gwine	12.44
adder	12.43
mau	12.43
obtains	12.43
antinous	12.43
equinox	12.43
revealed	12.43
apis	12.43
memorials	12.42
gainsay	12.42
embodiment	12.41
exiled	12.41
sisters	12.41
goldsmith	12.41
encyclopædia	12.41
impiety	12.40
distaff	12.40
philoctetes	12.40
grew	12.40
sovran	12.40
cinderella	12.39
lah	12.39
kan	12.39
falconer	12.39
seemly	12.39
cuts	12.39
bethink	12.39
slumber	12.39
superhuman	12.39
lir	12.39
dayes	12.39
lak	12.39
siculus	12.39
sappho	12.39
vainly	12.38
glens	12.38
lacedæmonians	12.38
adopted	12.37
perform	12.37
phantoms	12.37
makan	12.37
ravished	12.37
instances	12.37
sarpedon	12.36
patriarchs	12.36
womb	12.36
memnon	12.36
insignia	12.36
tourney	12.36
birthplace	12.35
mecca	12.35
hatred	12.35
savour	12.35
bengal	12.35
cardinal	12.35
freemasonry	12.35
sad	12.35
turpin	12.34
mares	12.34
wud	12.34
mysel	12.34
dart	12.34
fabled	12.34
wrathful	12.33
wreak	12.33
ὁ	12.33
lie	12.33
bathe	12.33
gall	12.33
quenched	12.33
seizes	12.32
tek	12.32
idolatry	12.32
districts	12.32
based	12.32
alban	12.32
compounded	12.31
xxxiv	12.31
ivan	12.31
antiochus	12.31
suffolk	12.31
manx	12.31
purest	12.31
mendicant	12.31
tiresias	12.31
eumæus	12.30
oblivion	12.30
hammer	12.30
compiled	12.30
patterns	12.30
deux	12.30
hittites	12.30
glorified	12.30
bairns	12.30
medicinal	12.29
choral	12.29
linn	12.29
falsehood	12.29
cosmic	12.29
eats	12.29
sweetheart	12.28
quiver	12.28
edda	12.28
monies	12.28
reprint	12.28
subsequently	12.28
xlviii	12.27
nourished	12.27
saxons	12.27
ru	12.27
ques	12.27
kuhn	12.27
boreas	12.27
mink	12.27
arabs	12.27
duke	12.27
triple	12.26
augury	12.26
grim	12.26
collections	12.26
odes	12.26
atter	12.26
archangel	12.25
griefs	12.25
consecration	12.25
faiths	12.25
resemble	12.25
svein	12.25
boasts	12.25
elias	12.25
dales	12.25
vowels	12.24
epics	12.24
dedication	12.24
devonshire	12.24
ivar	12.24
bowers	12.23
mer	12.23
defeated	12.23
seers	12.23
demi	12.23
xlix	12.23
scorpions	12.23
beset	12.23
cornelius	12.22
chaldean	12.22
bog	12.22
xliii	12.22
mantles	12.22
nails	12.22
agate	12.22
utgard	12.22
hagan	12.22
coll	12.22
fourteenth	12.21
dakota	12.21
vivien	12.21
annually	12.20
puppet	12.20
credited	12.20
periods	12.20
fragmentary	12.19
lances	12.19
narrated	12.19
pigeon	12.19
baring	12.19
brotherhood	12.19
persephone	12.19
lair	12.19
unborn	12.19
wearer	12.19
porphyry	12.18
ferryman	12.18
saul	12.18
challenge	12.18
pleaseth	12.18
valley	12.18
subjects	12.17
handmaids	12.17
marduk	12.17
flings	12.17
fause	12.17
declares	12.17
kneels	12.17
unveiled	12.17
acquaint	12.16
lodged	12.16
faither	12.16
pilate	12.15
spurious	12.15
hungarian	12.15
rhea	12.15
blessings	12.14
fum	12.14
prevails	12.14
quake	12.14
potter	12.14
forsaken	12.14
childbirth	12.14
diviner	12.14
thunderer	12.14
antiquaries	12.13
saintly	12.13
collected	12.12
devised	12.12
hasted	12.12
cor	12.12
tapers	12.12
columba	12.12
reigns	12.12
wedlock	12.12
torquemada	12.12
xvii	12.11
spits	12.11
simeon	12.11
tragic	12.11
bene	12.11
sprites	12.11
presage	12.11
chosen	12.11
glows	12.10
vanish	12.10
dogma	12.10
circumcision	12.10
singular	12.09
trembles	12.09
chess	12.09
wer	12.09
solemn	12.08
doest	12.08
norsemen	12.08
simonides	12.08
mask	12.08
sus	12.07
lea	12.07
sith	12.07
vouchsafed	12.07
fawn	12.06
dynasties	12.06
misfortunes	12.06
torch	12.05
melodious	12.05
cloister	12.05
certified	12.04
perdition	12.04
accosted	12.04
spectral	12.04
leper	12.04
coco	12.04
drunken	12.03
sphinx	12.03
camillus	12.03
scandinavians	12.03
tryst	12.03
narratives	12.03
nazareth	12.03
lui	12.02
gould	12.02
woeful	12.02
taurus	12.02
suns	12.02
defiled	12.02
indigenous	12.02
shem	12.02
buccleuch	12.01
alway	12.01
commemoration	12.01
prefixed	12.01
spectres	12.01
mm	12.01
fanciful	12.01
designs	12.01
palfrey	12.00
scythian	12.00
formulas	12.00
roots	12.00
elle	12.00
gilded	12.00
shropshire	12.00
sont	12.00
af	12.00
epirus	11.99
gunther	11.99
conan	11.99
beene	11.99
substance	11.99
inmost	11.99
armenian	11.99
libya	11.98
quotation	11.98
vatican	11.98
tun	11.98
meyer	11.98
ps	11.98
meadow	11.98
rulers	11.98
eleusis	11.98
afterwards	11.97
lan	11.97
mt	11.97
turns	11.97
steals	11.97
filial	11.97
owre	11.96
amer	11.96
feigned	11.96
carnival	11.96
cilicia	11.96
credulous	11.96
chr	11.96
phrygia	11.96
correspond	11.96
expiation	11.95
fakir	11.95
crescent	11.95
coincidence	11.95
himself	11.95
fight	11.95
sware	11.94
ammon	11.94
judea	11.94
primal	11.94
dug	11.94
pegasus	11.94
editors	11.94
aubrey	11.93
philo	11.93
prologue	11.93
jutland	11.93
exquisite	11.93
guards	11.92
figs	11.92
bot	11.92
ph	11.92
harmony	11.92
flowery	11.92
apocryphal	11.91
tous	11.91
abroad	11.91
varuna	11.91
asas	11.91
beards	11.91
straitened	11.91
munster	11.91
guyon	11.90
wane	11.90
aztecs	11.90
derive	11.90
funerals	11.90
τε	11.90
betake	11.89
pers	11.89
trident	11.89
nine	11.89
beardless	11.89
uplands	11.89
imperfect	11.89
sorely	11.88
designated	11.88
dea	11.88
mists	11.88
multitudes	11.88
crag	11.88
fiends	11.88
aboot	11.88
foretell	11.88
javelins	11.88
exorcism	11.87
denoting	11.87
harvests	11.87
error	11.87
huns	11.86
spit	11.86
heliopolis	11.86
inserted	11.86
apart	11.86
makest	11.86
inspiration	11.85
lau	11.85
anoint	11.84
conquering	11.84
contend	11.84
devouring	11.84
chaos	11.84
tantalus	11.84
strew	11.84
reigning	11.83
pages	11.83
episodes	11.83
hom	11.83
triad	11.83
speaketh	11.83
crags	11.83
scythia	11.83
tanner	11.82
navajo	11.82
alien	11.82
fane	11.82
illustrate	11.82
hellespont	11.82
malory	11.82
hive	11.82
trans	11.81
mort	11.81
pehr	11.81
scripture	11.81
sacrificing	11.81
sma	11.81
victual	11.81
con	11.80
communicated	11.80
miraculously	11.80
kau	11.80
mauna	11.80
shams	11.79
pomp	11.79
paramour	11.79
drear	11.79
surety	11.79
radiance	11.78
leads	11.78
anither	11.78
hadna	11.78
copied	11.78
seene	11.77
phonetic	11.77
gathered	11.77
gallic	11.77
maximus	11.77
shakes	11.76
credulity	11.76
lacedaemonians	11.76
munro	11.76
ie	11.76
conch	11.76
hec	11.75
sweetest	11.75
pronunciation	11.75
comet	11.75
merman	11.75
mikado	11.75
apples	11.74
seize	11.74
propitiation	11.74
finland	11.74
peer	11.73
foot	11.73
needs	11.73
announces	11.73
flowed	11.73
copenhagen	11.72
whereas	11.72
eventide	11.72
poisoned	11.72
pol	11.72
glittering	11.72
measure	11.72
typhon	11.72
damosel	11.72
theyr	11.71
consists	11.71
knowledge	11.71
terrors	11.71
rabbis	11.71
zeitschrift	11.71
foote	11.71
kerchief	11.71
necklaces	11.71
lingers	11.70
gifted	11.70
widespread	11.70
gaun	11.70
transylvania	11.70
magnificence	11.70
chiefest	11.70
forbid	11.70
bewailing	11.69
contes	11.69
geraint	11.69
yearning	11.69
wile	11.69
achaians	11.68
sepulchral	11.68
á	11.68
gareth	11.68
hoar	11.68
sawest	11.68
tooth	11.68
bewailed	11.68
approaches	11.67
reproach	11.67
learnt	11.67
wily	11.67
heads	11.67
denoted	11.66
pain	11.66
posterity	11.66
performs	11.66
electra	11.66
dual	11.66
helms	11.66
unholy	11.66
heir	11.66
forbidden	11.66
loin	11.66
xxvii	11.66
dree	11.66
homoeopathic	11.66
deserts	11.65
sighing	11.65
fantastic	11.65
historians	11.65
vales	11.65
matrons	11.65
mex	11.65
envoys	11.64
hys	11.64
begot	11.64
rays	11.64
idiom	11.64
destined	11.64
myriad	11.64
themis	11.63
guiltless	11.63
sweetmeats	11.63
susa	11.63
calamities	11.63
revenged	11.63
aquila	11.62
scourge	11.62
mariners	11.62
helen	11.62
cassandra	11.62
hahn	11.62
gesellschaft	11.62
joyful	11.62
toledo	11.62
sylvan	11.62
aristides	11.62
confines	11.61
fill	11.61
tartars	11.61
situated	11.61
rath	11.60
blithe	11.60
base	11.60
brides	11.60
furrow	11.60
märchen	11.60
belshazzar	11.60
hassan	11.60
salam	11.59
hebe	11.59
cleomenes	11.59
sn	11.59
munich	11.59
yam	11.59
accounted	11.59
agni	11.59
sabines	11.59
histories	11.58
heare	11.58
walled	11.58
reappears	11.58
laments	11.58
faerie	11.58
ike	11.57
unbound	11.57
circles	11.57
breadth	11.57
colossal	11.57
xix	11.57
consume	11.57
lis	11.56
andromeda	11.56
theories	11.56
haired	11.56
willed	11.56
wheresoever	11.56
wu	11.55
bastian	11.55
epimetheus	11.55
nausicaa	11.55
pueblos	11.55
omits	11.54
unknowing	11.54
geschichte	11.54
forum	11.53
divil	11.53
moulded	11.53
bertrand	11.53
potion	11.53
tore	11.53
charybdis	11.53
memphis	11.53
ettrick	11.53
yin	11.53
howitt	11.53
peloponnesus	11.52
myrrh	11.52
puissant	11.52
traditionary	11.52
assumed	11.52
imam	11.52
ascribe	11.51
passe	11.51
provence	11.51
banish	11.51
cymbals	11.51
lassie	11.51
grievously	11.50
shadow	11.50
spoken	11.50
cadi	11.50
transcriber	11.50
transference	11.50
comes	11.49
hed	11.49
ariosto	11.49
drave	11.49
thomas	11.48
passim	11.48
hog	11.48
quintus	11.48
goblets	11.48
magdalene	11.48
graveyard	11.47
gowd	11.46
begs	11.46
spreads	11.46
anthropology	11.46
accord	11.46
endymion	11.46
neer	11.45
cranes	11.45
pontus	11.45
masonic	11.45
nah	11.45
brit	11.44
diogenes	11.44
tyr	11.44
glasgow	11.44
château	11.43
tailor	11.43
ts	11.43
interpretations	11.42
betrothal	11.42
danaans	11.42
numerals	11.42
thorer	11.42
thinke	11.41
travelled	11.41
mamelukes	11.41
endless	11.41
bracelets	11.41
epithets	11.40
mocked	11.40
kilauea	11.40
embracing	11.39
vogue	11.39
waxen	11.39
tremble	11.39
hieroglyphics	11.39
jehovah	11.39
ragnar	11.39
warts	11.39
reliefs	11.39
cambridge	11.39
δὲ	11.38
countrey	11.38
celt	11.38
pelias	11.38
wronged	11.38
paladin	11.38
white	11.37
tunic	11.37
utters	11.37
lil	11.37
expired	11.36
tempest	11.36
darksome	11.36
ray	11.36
ither	11.36
loins	11.36
blasts	11.36
isaiah	11.35
irma	11.35
possessor	11.35
braw	11.35
mete	11.35
lemnos	11.34
ruling	11.34
oppress	11.34
lasses	11.33
islam	11.33
imitations	11.33
wastes	11.33
galland	11.33
etymological	11.33
cimon	11.32
powers	11.32
release	11.32
roth	11.32
variation	11.32
gird	11.32
ance	11.32
rampart	11.31
beareth	11.31
marvelling	11.31
alchemy	11.31
senses	11.31
ploughing	11.31
leaps	11.31
tonga	11.31
bien	11.31
contention	11.30
sacrament	11.30
chamberlains	11.30
composite	11.30
luminous	11.30
hairs	11.29
longe	11.29
rei	11.29
noe	11.29
shar	11.29
einar	11.29
argonauts	11.28
sake	11.28
godly	11.28
majestic	11.28
rodrigo	11.28
wouldest	11.28
rin	11.27
sheath	11.27
onely	11.27
walla	11.27
breed	11.27
supposes	11.26
brugsch	11.26
vesture	11.26
comeliness	11.26
galloway	11.26
plain	11.26
clash	11.26
parthenon	11.26
toltecs	11.26
commemorated	11.26
wares	11.26
dia	11.26
phœnician	11.25
abbreviated	11.25
casting	11.25
bamboo	11.25
nach	11.25
ser	11.25
fowls	11.25
ascends	11.24
cites	11.24
dramas	11.24
poore	11.24
proffer	11.24
dumfries	11.24
cremation	11.24
fere	11.23
usage	11.23
vex	11.23
latona	11.23
joyed	11.23
guru	11.23
fenris	11.23
flayed	11.23
mat	11.23
slaine	11.22
hesperides	11.22
aga	11.22
aux	11.22
wrestle	11.22
ethiopia	11.22
avow	11.21
burying	11.21
woodlands	11.21
chs	11.21
loaves	11.21
æschylus	11.21
hellish	11.21
concubines	11.21
fillet	11.21
woodford	11.21
fragrance	11.21
stoned	11.20
ethereal	11.20
shoon	11.20
reverend	11.20
argo	11.20
befitting	11.20
matthew	11.20
polluted	11.20
sheaves	11.20
mythologie	11.20
warden	11.19
shade	11.19
gret	11.19
locally	11.19
nun	11.19
empress	11.19
favoured	11.18
endued	11.18
psalms	11.18
ground	11.18
perfidious	11.18
dews	11.18
morte	11.18
dismayed	11.18
phœnicians	11.18
critics	11.18
tri	11.18
staves	11.17
surrey	11.17
manus	11.17
theocritus	11.17
tai	11.17
unburied	11.17
roam	11.17
fer	11.16
norns	11.16
banquets	11.16
kneeled	11.16
suidas	11.16
dreamt	11.16
hideous	11.16
ceylon	11.16
journeying	11.15
demy	11.15
decrees	11.15
distinguished	11.14
liii	11.14
grotesque	11.14
sunder	11.14
wonders	11.14
succor	11.14
recounted	11.14
wie	11.14
lesbos	11.13
hermit	11.13
keys	11.13
sayde	11.13
remaineth	11.13
regal	11.13
urns	11.13
mycenaean	11.13
bells	11.13
authenticity	11.12
secrets	11.12
dispersed	11.12
mano	11.12
teutons	11.12
eine	11.11
terra	11.11
seneschal	11.11
gentle	11.11
ogress	11.11
nameless	11.11
alpheus	11.10
cannibal	11.10
woodland	11.10
pearl	11.10
thorn	11.10
fail	11.09
terrified	11.09
denominated	11.09
carthaginian	11.09
rime	11.09
looketh	11.09
cavern	11.09
hallow	11.08
bearded	11.08
byre	11.07
thiodolf	11.07
ewes	11.07
vestments	11.07
danced	11.07
onset	11.07
chapters	11.07
camels	11.07
deceived	11.07
identifies	11.06
captivity	11.06
destinies	11.06
woful	11.06
ionians	11.06
falleth	11.06
druidical	11.06
amorous	11.06
ornamentation	11.05
olivier	11.05
ino	11.05
passeth	11.05
proof	11.05
conor	11.05
elliot	11.05
bors	11.05
aesculapius	11.04
venerated	11.04
missionaries	11.04
lordship	11.04
enchantress	11.04
ptah	11.04
astral	11.03
dawning	11.03
janus	11.03
opens	11.03
threescore	11.03
nevermore	11.03
devours	11.03
presided	11.03
rarities	11.02
sirs	11.02
deus	11.02
mere	11.02
sculptor	11.02
talons	11.02
attis	11.02
plagues	11.02
cherish	11.02
enjoined	11.01
improbable	11.01
royalty	11.01
burgundy	11.01
angered	11.01
fern	11.00
comb	11.00
hecate	11.00
convent	11.00
creeds	11.00
vikings	11.00
sark	11.00
gorgons	10.99
fowl	10.99
calves	10.99
forsook	10.99
ordain	10.99
lethe	10.99
ploughman	10.99
interment	10.99
tiles	10.99
burne	10.98
huntress	10.98
aloes	10.98
lieges	10.98
times	10.98
mek	10.98
yemen	10.97
clothe	10.97
flees	10.97
credence	10.97
alive	10.97
progenitor	10.97
untimely	10.96
niblungs	10.96
net	10.96
agrees	10.96
merit	10.96
anglo	10.96
goth	10.95
whit	10.95
material	10.95
swiftest	10.95
chung	10.94
om	10.94
carvings	10.94
annales	10.94
wands	10.94
phœnix	10.94
nobler	10.94
rustic	10.93
embraces	10.93
hesychius	10.93
grandsire	10.93
ascension	10.93
omnipotent	10.93
stork	10.93
ingeborg	10.92
demoniacal	10.92
albeit	10.92
gill	10.92
foule	10.92
bounteous	10.92
essays	10.91
unworthy	10.91
xxiii	10.91
senseless	10.91
notable	10.91
malevolent	10.91
perfidy	10.91
musa	10.91
achaia	10.91
suppliants	10.91
portent	10.91
pule	10.90
cappadocia	10.90
lazuli	10.90
dieu	10.90
dinars	10.89
fowler	10.89
substituted	10.89
eyelids	10.89
cured	10.89
afflict	10.89
huntsmen	10.88
twofold	10.88
consulted	10.88
italics	10.88
artaxerxes	10.88
invoking	10.88
goodliest	10.88
drap	10.88
resounded	10.88
olive	10.88
smites	10.87
skye	10.87
elysian	10.87
thim	10.87
cosmogony	10.87
whelp	10.87
frankincense	10.87
robbers	10.86
awoke	10.86
differs	10.86
melodies	10.86
uz	10.86
thae	10.86
leander	10.85
plenteous	10.85
thu	10.85
lusts	10.85
eg	10.85
sweeter	10.85
chroniclers	10.85
spindle	10.84
ceremonials	10.84
elixir	10.84
hieroglyphic	10.84
arthurian	10.84
pun	10.84
doo	10.84
planted	10.84
fuller	10.84
fayre	10.84
paraphrase	10.83
lond	10.83
kaze	10.83
shrove	10.83
whare	10.83
austerities	10.83
gregor	10.83
mightily	10.83
draught	10.83
epoch	10.82
lung	10.82
warlock	10.82
leur	10.82
puir	10.82
florus	10.82
romantic	10.82
tama	10.81
dowry	10.81
purport	10.81
hye	10.81
bern	10.81
douglas	10.81
minotaur	10.80
shedding	10.80
diomed	10.80
busk	10.80
cud	10.80
prodigies	10.80
peri	10.80
normandy	10.80
noontide	10.79
cleanse	10.79
loup	10.79
æolus	10.79
ensure	10.79
civ	10.79
pylos	10.79
davies	10.79
winnowing	10.79
tortures	10.78
dewy	10.78
dei	10.77
swifter	10.77
archiv	10.77
citing	10.77
scholar	10.77
personated	10.77
sunset	10.76
lxiv	10.76
invites	10.76
snows	10.76
bounty	10.76
warring	10.76
stripped	10.76
cum	10.76
figurative	10.76
abstract	10.76
encircled	10.75
nouns	10.75
verbal	10.75
roscher	10.75
mar	10.75
vineyard	10.75
intercession	10.75
whiche	10.75
dais	10.75
tragedies	10.75
translators	10.75
mourns	10.74
naga	10.74
plundered	10.74
deo	10.74
clove	10.74
frigg	10.74
forehead	10.74
oman	10.74
dar	10.74
boun	10.73
amphion	10.73
systems	10.73
jester	10.73
worships	10.73
harem	10.73
nimble	10.73
vaunt	10.72
pine	10.72
drinks	10.72
efficacious	10.72
wain	10.72
list	10.72
compiler	10.72
poo	10.72
yusuf	10.72
cr	10.72
metaphor	10.71
twill	10.71
scythians	10.71
media	10.71
amazed	10.71
followeth	10.71
wark	10.71
boeotia	10.70
obsequies	10.70
consuming	10.70
avenger	10.69
courted	10.69
logos	10.69
successor	10.69
reek	10.69
threefold	10.69
thralls	10.69
sitteth	10.69
dio	10.68
renan	10.68
calleth	10.68
treatise	10.68
tutelary	10.68
stygian	10.68
portents	10.68
é	10.68
martial	10.67
xxvi	10.67
bended	10.67
æsculapius	10.67
xxi	10.67
raphael	10.67
pyrenees	10.67
kynge	10.67
rama	10.67
corinthians	10.67
leech	10.66
mounts	10.66
uman	10.66
jastrow	10.66
avec	10.66
holiest	10.66
carnal	10.66
vanishes	10.66
rune	10.66
affirms	10.65
indus	10.65
ld	10.65
maoris	10.65
jousts	10.65
shuttle	10.65
ak	10.65
pawnee	10.65
mannhardt	10.65
incised	10.65
hearing	10.64
devon	10.64
viking	10.64
decorative	10.64
warns	10.64
sires	10.64
shouldest	10.64
harps	10.63
confucius	10.63
moa	10.63
gentlewoman	10.63
renounce	10.63
yearly	10.63
tartary	10.63
genealogies	10.63
ægean	10.63
kamehameha	10.63
synonym	10.63
swedes	10.62
migrated	10.62
penzance	10.62
scales	10.62
coasts	10.62
tabernacle	10.62
symmetry	10.62
bani	10.61
metal	10.61
gracious	10.60
abides	10.60
heather	10.60
motif	10.60
cote	10.60
phrases	10.60
helpe	10.60
aegean	10.60
achaean	10.60
clave	10.60
pr	10.59
generic	10.59
talismans	10.59
labyrinth	10.59
stolen	10.59
kirtle	10.59
dervish	10.59
uther	10.59
cocks	10.58
mermaids	10.58
rod	10.58
dancer	10.58
nowe	10.58
titles	10.58
iona	10.58
classic	10.58
quicken	10.58
athenæus	10.58
herein	10.58
wreathed	10.58
lvi	10.58
meads	10.58
margrave	10.57
brew	10.57
locality	10.57
gleams	10.57
aeneid	10.57
sargon	10.57
thay	10.56
reliques	10.56
descry	10.55
str	10.55
concealed	10.55
orthodox	10.55
kinmont	10.55
tuatha	10.55
lac	10.54
sans	10.54
discern	10.54
parents	10.54
nisus	10.54
repented	10.54
seeketh	10.53
hereof	10.53
suckled	10.53
chios	10.53
disembodied	10.53
ply	10.53
slab	10.53
tro	10.52
betrayed	10.52
bks	10.52
conte	10.52
himsel	10.52
syr	10.52
blinded	10.52
apple	10.52
kikuyu	10.52
naisi	10.52
occupies	10.52
brightness	10.51
kelly	10.51
sweetly	10.51
householder	10.51
comparative	10.51
extraordinary	10.51
conjectural	10.51
entreaties	10.50
malo	10.50
dweller	10.50
extracts	10.50
lai	10.50
paine	10.50
alabaster	10.49
gypsies	10.49
ambergris	10.49
sayst	10.49
samoan	10.49
axe	10.49
papyri	10.49
concludes	10.49
halle	10.49
recite	10.48
zulus	10.48
lei	10.48
tripod	10.48
byzantine	10.48
ung	10.48
lowed	10.48
hebron	10.48
bucklers	10.48
monumental	10.47
camphor	10.47
mono	10.47
plantain	10.47
trappings	10.47
manhood	10.47
ano	10.47
thoo	10.47
chron	10.47
sayce	10.47
uttermost	10.47
incomparable	10.46
mischance	10.46
exhorted	10.46
þat	10.46
anthropomorphic	10.46
anvil	10.46
herd	10.46
lyke	10.46
recount	10.46
pawnees	10.46
coffins	10.46
rejoicings	10.45
vppon	10.45
gorm	10.45
sleight	10.45
grieving	10.45
invulnerable	10.45
humboldt	10.44
festivities	10.44
ogier	10.44
castile	10.44
exeter	10.44
conquerors	10.44
blameless	10.44
mabinogion	10.43
otho	10.43
angelic	10.43
nurtured	10.43
xxii	10.43
encompassed	10.43
valorous	10.43
syracuse	10.43
dodona	10.43
sawe	10.43
hauing	10.42
dearth	10.42
fulness	10.42
beams	10.42
suh	10.41
suffix	10.41
ji	10.41
woden	10.41
carcase	10.41
transported	10.41
excelled	10.41
derbyshire	10.41
suetonius	10.40
younger	10.40
weapon	10.40
wraith	10.40
ἐν	10.40
banner	10.39
vertue	10.39
asserts	10.39
fourscore	10.39
gavest	10.39
maspero	10.39
cypress	10.38
theology	10.38
mastery	10.38
ethical	10.38
oftentimes	10.38
artistic	10.38
waken	10.38
yr	10.38
heritage	10.38
motherwell	10.37
maidenhead	10.37
buh	10.37
muir	10.37
spurred	10.37
lustrous	10.37
xiv	10.37
interpolation	10.37
soule	10.37
hurled	10.36
illustrative	10.36
brocade	10.36
routed	10.36
wineland	10.36
roi	10.36
liest	10.36
trumpet	10.36
wrang	10.35
harden	10.35
introduces	10.35
progenitors	10.35
prepares	10.35
fang	10.35
mir	10.35
resplendent	10.35
desirous	10.34
balaam	10.34
haman	10.34
kohl	10.34
evans	10.34
designed	10.34
balm	10.34
gentile	10.34
bitch	10.34
weird	10.34
handmaidens	10.34
foully	10.33
transformations	10.33
iran	10.33
hartland	10.33
halfe	10.33
deepe	10.33
betimes	10.33
kindle	10.32
jealous	10.32
bled	10.32
quand	10.32
ælian	10.32
tel	10.32
circlet	10.32
devotions	10.32
brandished	10.31
obsidian	10.31
pelleas	10.31
divinely	10.31
xxix	10.31
substitution	10.31
pandora	10.31
mythologies	10.31
architect	10.30
knowe	10.30
withdrew	10.30
ambrosial	10.30
colum	10.30
holdeth	10.30
disguise	10.30
lydia	10.30
ethiopians	10.30
haut	10.30
rogero	10.30
sm	10.29
throned	10.29
τὸν	10.29
seal	10.28
diomedes	10.28
murder	10.28
excalibur	10.28
bushmen	10.28
expiate	10.28
consented	10.28
vipers	10.27
dryden	10.27
trolls	10.26
dakotas	10.26
counsellors	10.26
frode	10.26
welcome	10.26
displays	10.26
oisin	10.26
mime	10.26
lyrics	10.25
boons	10.25
neighbourhood	10.25
geometrical	10.25
tibetan	10.25
tyrian	10.25
amir	10.24
hieroglyphs	10.24
autumnal	10.24
prow	10.24
lxv	10.24
musgrave	10.24
lxvi	10.23
plaited	10.23
philistines	10.23
claes	10.23
blight	10.22
worshipers	10.22
protector	10.22
wrongs	10.22
conveyed	10.22
pyramids	10.21
cheshire	10.21
wench	10.21
assign	10.21
yeares	10.21
doon	10.21
enmity	10.21
patroness	10.21
polybius	10.21
shew	10.21
passover	10.21
sweete	10.21
lambs	10.21
sheriff	10.20
avarice	10.20
wakes	10.20
shaped	10.20
alten	10.19
temps	10.19
sussex	10.19
campania	10.19
meath	10.19
potters	10.18
generosity	10.18
za	10.18
dono	10.18
vintage	10.18
precepts	10.18
possessions	10.18
scepter	10.18
eurydice	10.17
sundered	10.17
ells	10.17
hurls	10.17
bodleian	10.17
giue	10.17
recourse	10.17
tung	10.17
hastened	10.16
gillen	10.16
waur	10.16
fatherland	10.16
imagery	10.16
refuge	10.16
lx	10.16
themselues	10.16
nostrils	10.16
gilla	10.15
neo	10.15
haunts	10.15
queenly	10.15
columbian	10.15
mongol	10.15
font	10.15
topmost	10.14
messire	10.14
decease	10.14
tuck	10.14
reckoned	10.14
edom	10.14
thirst	10.14
envoy	10.14
inspires	10.14
amraphel	10.14
neighboring	10.14
waa	10.14
bread	10.14
burgundian	10.13
hermod	10.13
nouvelle	10.13
scot	10.13
sone	10.13
και	10.13
cognate	10.13
artifice	10.13
bur	10.13
cunningly	10.13
obsolete	10.13
zuñi	10.13
redoubled	10.13
rôle	10.13
crucifix	10.12
lass	10.12
epitaph	10.12
roarer	10.11
enthroned	10.11
whene	10.11
jonson	10.11
gospel	10.11
brahmin	10.11
beltane	10.11
heaviness	10.11
attila	10.11
largesse	10.11
haunting	10.10
successively	10.10
snares	10.10
subdue	10.10
conjuror	10.10
metellus	10.10
lydian	10.10
roumanian	10.10
assumes	10.10
seems	10.10
unseemly	10.10
lxviii	10.09
alack	10.09
toltec	10.09
treacherously	10.09
eskimo	10.09
hosea	10.09
succeeds	10.09
beneficence	10.09
shamash	10.09
cox	10.09
maimed	10.09
conferred	10.09
vit	10.09
meteor	10.09
whirlpool	10.09
incidents	10.09
coincidences	10.08
lowlands	10.08
hind	10.08
njal	10.08
monarchs	10.08
worke	10.08
tune	10.08
scriptures	10.08
affirm	10.08
gaue	10.07
mandrake	10.07
leda	10.07
pitiless	10.07
excel	10.07
lorn	10.07
bavaria	10.07
plaint	10.07
brink	10.06
cubit	10.06
pir	10.06
scatters	10.06
barnaby	10.06
hermits	10.06
mull	10.06
ner	10.06
gael	10.06
huitzilopochtli	10.06
spiritualism	10.06
sanctuaries	10.06
baucis	10.05
localities	10.05
snorri	10.05
conversion	10.05
glimmering	10.05
imagination	10.04
peregrine	10.04
è	10.04
chaldeans	10.03
swastika	10.03
parrot	10.03
halicarnassus	10.03
gram	10.03
goad	10.03
assuming	10.03
ossian	10.02
tuk	10.02
tartarus	10.02
headman	10.02
aka	10.02
enclosed	10.02
lix	10.02
telleth	10.01
cobbler	10.01
cleansed	10.01
sax	10.01
uganda	10.00
undone	10.00
tasteful	10.00
lxvii	10.00
anchises	10.00
appius	10.00
golde	10.00
attained	10.00
frankish	10.00
cholula	10.00
yf	10.00
mansions	10.00
dune	9.99
flocked	9.99
skirnir	9.99
incident	9.99
libyan	9.99
studded	9.99
gentiles	9.99
argive	9.99
vnder	9.99
german	9.99
mourner	9.98
transcribed	9.98
companie	9.98
ursa	9.98
gender	9.98
wrestler	9.98
douce	9.98
describing	9.98
chain	9.98
leprosy	9.98
hallucinations	9.97
epaminondas	9.97
ue	9.97
fool	9.97
coptic	9.97
resorted	9.97
reads	9.97
bodie	9.97
ly	9.97
couches	9.97
ravening	9.96
sendeth	9.96
girdles	9.96
informed	9.96
viper	9.96
compilation	9.96
johan	9.96
honored	9.96
gloaming	9.96
mingle	9.95
hisse	9.95
lxi	9.95
award	9.95
divides	9.94
lilith	9.94
gon	9.94
beheaded	9.94
comme	9.94
capac	9.94
lvii	9.94
feign	9.94
wrestled	9.94
delivers	9.94
oed	9.94
churches	9.93
portrait	9.93
frieze	9.93
communal	9.92
ahura	9.92
speke	9.92
mycenae	9.92
simpleton	9.92
sojourned	9.92
tse	9.92
transl	9.92
wooer	9.92
lv	9.92
foure	9.92
sheba	9.91
meteors	9.91
likened	9.91
vengeful	9.91
lal	9.91
disclose	9.91
plume	9.91
cowherd	9.91
dieth	9.91
caxton	9.91
requited	9.91
honolulu	9.90
didna	9.90
bradamante	9.90
roasted	9.90
euxine	9.90
elemental	9.90
confirm	9.89
inly	9.89
mansur	9.89
mute	9.89
fjord	9.89
lure	9.89
example	9.88
germ	9.88
stept	9.88
gazetteer	9.88
blude	9.88
cannibalism	9.87
oblations	9.87
fruitfulness	9.87
cecily	9.87
daye	9.87
painting	9.87
perez	9.87
pii	9.87
braes	9.87
plate	9.86
pardoned	9.86
deification	9.86
chronicler	9.86
capitol	9.86
testimony	9.86
thorkel	9.86
fares	9.86
reverenced	9.86
wisest	9.86
liddesdale	9.86
funereal	9.85
maui	9.85
countries	9.85
ris	9.85
smiths	9.85
suffice	9.85
mit	9.84
rendering	9.84
avails	9.84
context	9.84
sweetness	9.84
germania	9.84
dolorous	9.84
revels	9.84
awe	9.84
jer	9.84
smithsonian	9.84
lviii	9.84
bowmen	9.83
saide	9.83
brewed	9.83
lough	9.83
phaeacians	9.83
retz	9.83
niblung	9.83
peers	9.83
seville	9.82
litle	9.82
spelling	9.82
malabar	9.82
aber	9.82
descried	9.82
raises	9.82
cretans	9.82
watery	9.81
guernsey	9.81
twilight	9.81
clashing	9.81
cyrene	9.81
postern	9.80
rawlinson	9.80
rim	9.80
restores	9.80
pierce	9.80
bespeak	9.80
groweth	9.80
miletus	9.80
nus	9.80
madman	9.80
recreant	9.80
trophy	9.80
battles	9.80
mayas	9.80
fetch	9.79
metempsychosis	9.79
cheat	9.79
rests	9.79
ores	9.79
benediction	9.79
lyrical	9.79
adjective	9.79
flagon	9.79
spoil	9.79
essentially	9.79
mimer	9.79
sinful	9.78
pedlar	9.78
porcupine	9.78
furnivall	9.78
meaneth	9.78
chinook	9.78
braid	9.78
colophon	9.77
venomous	9.77
dreamer	9.77
soothsayers	9.77
deorum	9.77
foundation	9.77
petrie	9.77
illusion	9.77
shaman	9.77
verdant	9.77
carnelian	9.77
glove	9.77
rejoined	9.76
critic	9.76
lenape	9.76
linked	9.76
blaw	9.76
rejected	9.76
wing	9.76
mackinaw	9.76
eurylochus	9.76
hild	9.76
sepulchres	9.75
pensive	9.75
endured	9.75
wasna	9.75
ionia	9.75
acosta	9.75
plaine	9.75
seeds	9.74
bayard	9.74
antichrist	9.74
uses	9.74
wiener	9.74
successive	9.74
mongst	9.74
heim	9.74
cromarty	9.74
await	9.73
milking	9.73
methought	9.73
bawn	9.73
mithra	9.73
pali	9.73
strives	9.73
loathsome	9.73
este	9.73
apes	9.73
memoir	9.73
pomegranates	9.72
brass	9.72
reap	9.72
hallucination	9.72
puissance	9.71
nutt	9.71
lubbock	9.71
harpers	9.71
healer	9.71
repair	9.70
idomeneus	9.70
medes	9.69
affinities	9.69
ulu	9.69
gardens	9.69
maris	9.69
recompense	9.69
revel	9.69
traditionally	9.69
recitative	9.69
mightest	9.69
zi	9.69
tant	9.69
logie	9.69
maist	9.68
kens	9.68
moloch	9.68
maner	9.68
bowls	9.68
meaningless	9.68
lincolnshire	9.68
divisions	9.68
orgies	9.68
hauberk	9.68
cyprian	9.67
hearest	9.67
dwelled	9.67
incarnations	9.67
abideth	9.67
sod	9.67
commentator	9.67
mane	9.67
naomi	9.67
dictionaries	9.66
boas	9.66
uprose	9.66
assume	9.66
nourish	9.66
nord	9.66
spurn	9.66
desires	9.66
resided	9.66
juvenal	9.66
nous	9.66
tumulus	9.65
ful	9.65
apparelled	9.65
marches	9.65
exogamy	9.65
pronoun	9.65
addresses	9.65
prest	9.65
untill	9.65
nippur	9.65
pylades	9.65
graced	9.64
plac	9.64
manito	9.64
compassed	9.64
stage	9.64
assur	9.64
draweth	9.64
impart	9.63
blend	9.63
carven	9.63
boils	9.63
mentor	9.63
originals	9.63
imposture	9.62
mais	9.62
τ	9.62
elaborate	9.62
aratus	9.62
coin	9.62
sicyon	9.62
killer	9.62
malay	9.62
luy	9.62
etruscans	9.62
styled	9.62
appellations	9.62
kii	9.61
sacramental	9.61
mounted	9.61
daily	9.61
tides	9.61
gazelles	9.61
eyed	9.60
thord	9.60
guiding	9.60
gnomes	9.60
parentage	9.60
foray	9.60
craftsman	9.60
sev	9.60
ilka	9.60
magpie	9.60
blossoms	9.60
townsfolk	9.60
llyn	9.59
suck	9.59
monotheistic	9.59
consonants	9.59
midgard	9.59
asses	9.59
brae	9.59
æsop	9.59
tes	9.59
sinless	9.59
reproaches	9.59
planetary	9.59
deluded	9.58
loon	9.58
boundless	9.58
raccoon	9.58
germanic	9.58
jour	9.58
precinct	9.57
pisa	9.57
quitted	9.57
corporeal	9.57
ashur	9.56
bassorah	9.56
tyne	9.56
pepys	9.56
ins	9.55
horsed	9.55
icelanders	9.55
athirst	9.55
fortress	9.55
sever	9.55
curative	9.55
zodiacal	9.55
blemish	9.55
herne	9.54
thule	9.54
hawks	9.54
weddings	9.54
mama	9.54
pledge	9.54
voor	9.54
darkling	9.54
gl	9.54
phœnicia	9.54
summoned	9.53
exclaims	9.53
antioch	9.53
reaped	9.53
guenevere	9.53
sting	9.53
phoenicians	9.53
seekest	9.53
slieve	9.53
nicaragua	9.52
forever	9.52
rd	9.52
edifice	9.52
sundry	9.52
guinea	9.52
mats	9.52
incline	9.52
alane	9.52
amid	9.51
dinas	9.51
prosperity	9.51
samnites	9.51
skeat	9.51
retires	9.51
pentecost	9.51
ute	9.51
lam	9.51
lake	9.51
concourse	9.50
skald	9.50
disappears	9.50
clasps	9.50
lxiii	9.50
candlemas	9.50
waning	9.50
ming	9.50
runic	9.50
kama	9.49
maister	9.49
belongeth	9.49
iz	9.49
givest	9.49
rhythm	9.49
foregoing	9.48
foreheads	9.48
pathway	9.48
cherubim	9.48
southey	9.48
quaked	9.48
merodach	9.48
whiteness	9.48
drest	9.48
wil	9.47
sorrowed	9.47
ojibwa	9.47
kala	9.47
ravaged	9.47
oure	9.46
judaism	9.46
knee	9.46
rills	9.46
anubis	9.46
unique	9.46
suleiman	9.46
dated	9.46
wald	9.46
plotted	9.45
andamanese	9.45
deut	9.45
bali	9.45
fus	9.45
colchis	9.45
gh	9.45
forbade	9.45
surge	9.45
courtesy	9.45
apud	9.45
sowed	9.44
tortured	9.44
bewitch	9.44
simile	9.44
craved	9.44
ascetics	9.44
dowie	9.44
populace	9.44
stair	9.44
wode	9.44
lef	9.43
pelops	9.43
hellenes	9.43
morgana	9.43
possesses	9.43
basilisk	9.43
counsellor	9.42
nazarene	9.42
daphne	9.42
quasi	9.42
jesuit	9.42
mayor	9.42
pitre	9.42
pontiff	9.42
freya	9.41
consecrate	9.41
isolde	9.41
seller	9.41
centre	9.41
kist	9.41
fitting	9.41
lorde	9.41
kara	9.41
aulus	9.41
overcomes	9.40
conceive	9.40
dispersion	9.40
manna	9.40
auguries	9.40
ewer	9.40
recueil	9.40
invocations	9.40
greets	9.39
abydos	9.39
garter	9.39
upsala	9.39
proclaims	9.39
cleaving	9.39
ethiopian	9.38
flea	9.38
diminutive	9.38
lioness	9.38
ys	9.38
looke	9.38
gory	9.38
flaccus	9.38
surpass	9.38
oran	9.38
heere	9.38
sw	9.37
discus	9.37
uranus	9.37
skeleton	9.37
gleaming	9.37
fabric	9.37
murmurs	9.37
withheld	9.37
ey	9.37
credible	9.37
acacia	9.36
semele	9.36
autumn	9.36
perthshire	9.36
elam	9.36
mummers	9.36
oblation	9.35
ease	9.35
bathes	9.35
kinsfolk	9.35
arcadians	9.35
cuirass	9.35
laing	9.35
clings	9.35
cups	9.34
warld	9.34
astronomers	9.34
leaue	9.34
canute	9.34
devilish	9.34
fallow	9.34
leurs	9.33
gad	9.33
conquers	9.33
piteous	9.33
nemesis	9.33
toun	9.33
borgia	9.33
schliemann	9.33
rosemary	9.33
poverty	9.33
fictitious	9.33
alexandrian	9.33
mosul	9.33
johnie	9.32
iranian	9.32
stripling	9.32
highway	9.32
orkneys	9.32
eer	9.32
talismanic	9.32
lxii	9.32
jeremiah	9.32
tir	9.31
paternal	9.31
myght	9.31
retains	9.31
artificer	9.31
befits	9.31
eleusinian	9.31
apuleius	9.31
camilla	9.31
wyse	9.31
isthmian	9.31
signified	9.31
tuscany	9.30
pronouns	9.30
mussulman	9.30
sprinkling	9.30
nepos	9.30
apotheosis	9.30
hanau	9.29
acc	9.29
grisly	9.29
abstain	9.29
wins	9.29
pieces	9.29
clemens	9.29
olives	9.29
habitations	9.28
empedocles	9.28
awaked	9.28
astrological	9.28
dishonoured	9.28
theophrastus	9.28
arabians	9.28
chaplet	9.28
studien	9.28
tarrying	9.28
recesses	9.28
bosoms	9.28
atticus	9.27
eileen	9.27
olde	9.27
tartar	9.27
tarentum	9.27
thys	9.27
marcius	9.27
portrayed	9.27
fee	9.27
beside	9.27
metamorphosed	9.27
ende	9.26
steeped	9.26
perceives	9.26
wreaths	9.26
embellished	9.26
lenormant	9.26
aen	9.26
bal	9.26
naxos	9.25
clashed	9.25
synagogue	9.25
horne	9.25
ker	9.25
marks	9.25
nebo	9.25
boding	9.25
behoveth	9.25
jests	9.25
bedouin	9.25
quicksilver	9.24
taoist	9.24
marsyas	9.24
holm	9.24
bringer	9.24
jerome	9.24
helicon	9.24
receiv	9.24
ac	9.24
reincarnation	9.24
ezekiel	9.24
herakles	9.24
tennyson	9.24
subterraneous	9.24
dhu	9.23
banshee	9.23
oats	9.23
signifieth	9.23
silenus	9.23
proofs	9.23
marvellously	9.22
copious	9.22
algonquin	9.22
beads	9.22
rejects	9.22
thighs	9.22
spans	9.22
furnace	9.22
foulest	9.22
yett	9.22
synonymous	9.22
mata	9.22
royally	9.21
befo	9.21
affinity	9.21
taal	9.21
fulke	9.21
rams	9.21
retribution	9.20
baptist	9.20
esteem	9.20
helper	9.20
denderah	9.20
variegated	9.19
pres	9.19
limpid	9.19
likest	9.19
moans	9.19
slighted	9.19
purposed	9.18
master	9.18
threads	9.18
probable	9.18
paphos	9.18
orphic	9.18
worms	9.18
keepe	9.18
archaeological	9.18
sisyphus	9.18
schiller	9.18
midwife	9.17
certaine	9.17
whirlwind	9.17
genealogical	9.17
isthmus	9.17
dartmoor	9.17
instituted	9.17
baldur	9.16
geological	9.16
abbotsford	9.16
delle	9.16
interpret	9.16
galore	9.16
mille	9.16
verbs	9.16
tintagel	9.16
infer	9.15
upland	9.15
pronounce	9.15
nuns	9.15
resistless	9.15
distinctive	9.15
pericles	9.15
fades	9.14
grandsons	9.14
tenedos	9.14
oho	9.14
clime	9.14
rat	9.13
treasuries	9.13
fianna	9.13
livelong	9.13
perpetual	9.13
saragossa	9.12
fights	9.12
juniper	9.12
resounds	9.12
hover	9.12
carrion	9.12
thitherward	9.12
sharpe	9.12
fostered	9.12
helios	9.12
mitre	9.12
milo	9.12
ci	9.12
initiates	9.12
prostrate	9.12
yearn	9.12
kinds	9.11
deil	9.11
whilom	9.11
overlaid	9.11
hjalmar	9.11
purged	9.11
withstand	9.11
savior	9.11
pythian	9.11
suite	9.11
dastard	9.11
hone	9.11
bis	9.10
unco	9.10
scathe	9.10
vermin	9.10
pentateuch	9.10
poesy	9.10
themes	9.10
assisi	9.10
witless	9.10
philosophic	9.09
brine	9.09
munificence	9.09
pregnant	9.09
stint	9.09
lamps	9.09
sequence	9.09
dukes	9.09
shiva	9.09
deposed	9.09
speake	9.09
flit	9.08
gnome	9.08
creations	9.08
dimmer	9.08
banishment	9.08
fetter	9.08
transition	9.07
ik	9.07
bowed	9.07
cicada	9.07
bibl	9.07
imperishable	9.07
spider	9.07
lotos	9.07
underscores	9.07
polynesians	9.07
hela	9.06
notables	9.06
probably	9.06
rejoices	9.06
dresden	9.06
phidias	9.06
arethusa	9.06
gryphon	9.06
johnstone	9.06
marsilius	9.06
macrobius	9.06
dasent	9.06
ula	9.05
göttingen	9.05
earthquakes	9.05
cruachan	9.05
gautier	9.05
pandanus	9.05
spinning	9.05
cite	9.05
michal	9.05
endeth	9.05
metamorphosis	9.05
futurity	9.04
anigh	9.04
exalt	9.04
apace	9.04
rosary	9.04
censer	9.04
gigantic	9.04
worthier	9.04
womankind	9.03
dell	9.03
uncouth	9.03
griflet	9.03
brither	9.03
gathers	9.03
martyrdom	9.03
treads	9.03
shane	9.03
instructed	9.03
ending	9.02
hun	9.02
buzzard	9.02
metres	9.02
noo	9.02
mire	9.02
thessalian	9.02
holofernes	9.02
abdallah	9.02
innsbruck	9.02
henceforward	9.02
ofttimes	9.01
yielded	9.01
renounced	9.01
forfeit	9.01
tou	9.01
broidered	9.01
mavis	9.01
rages	9.01
samaria	9.01
formulæ	9.00
clouston	9.00
dharma	9.00
gu	9.00
inauspicious	9.00
vapours	9.00
gree	9.00
ame	9.00
circumcised	9.00
filled	9.00
noised	9.00
charmides	8.99
connects	8.99
fraught	8.99
fashioned	8.99
transform	8.99
hine	8.99
mong	8.99
northumbrian	8.99
josé	8.98
noot	8.98
paunch	8.98
desolate	8.98
prithee	8.98
constantius	8.98
personality	8.98
serv	8.98
hakluyt	8.98
norwegians	8.98
leben	8.98
wond	8.98
personifications	8.98
τῶν	8.97
journeys	8.97
thinketh	8.97
blent	8.97
seb	8.97
menander	8.97
brandishing	8.97
doleful	8.97
comets	8.97
yee	8.97
chained	8.97
furthermore	8.97
ended	8.97
turrets	8.97
stirs	8.97
mulk	8.97
schal	8.97
adjacent	8.97
bauld	8.96
whithersoever	8.96
yaman	8.96
durch	8.96
inverawe	8.96
nottinghamshire	8.96
oratory	8.96
supra	8.96
aegis	8.96
dore	8.95
faggot	8.95
emmanuel	8.95
gautama	8.95
mazda	8.95
speeds	8.95
mimi	8.95
euen	8.95
burd	8.95
galba	8.95
prostrating	8.94
inverness	8.94
warded	8.94
rt	8.94
kea	8.94
rung	8.94
bequeathed	8.94
casque	8.94
jin	8.94
psalm	8.94
glories	8.94
moche	8.94
glas	8.93
lamia	8.92
solitude	8.92
nicias	8.92
similarities	8.92
interpreters	8.92
courage	8.92
société	8.91
leafy	8.91
depths	8.91
pygmalion	8.91
sodom	8.91
multiplied	8.91
longevity	8.91
lapland	8.91
kung	8.91
genitive	8.91
crowne	8.90
clarified	8.90
wiv	8.90
scatter	8.90
prate	8.90
hospitality	8.90
siren	8.90
seeke	8.90
winters	8.90
harper	8.90
luminary	8.90
wyth	8.89
aboon	8.89
animistic	8.89
ihr	8.89
caitiff	8.89
nomenclature	8.89
respectively	8.89
donne	8.89
supplications	8.89
cuttle	8.89
enquire	8.89
requital	8.89
meanes	8.89
sharpers	8.88
donegal	8.88
endnotes	8.88
fertile	8.88
archæology	8.88
refuses	8.88
dualism	8.88
rabbinical	8.88
nebuchadnezzar	8.87
effulgent	8.87
ari	8.87
carnage	8.87
doors	8.87
hales	8.87
doffed	8.87
devotional	8.87
lucretius	8.87
anthropologist	8.87
leans	8.87
bullock	8.86
bestial	8.86
dag	8.86
vestiges	8.86
chou	8.86
goethe	8.86
sertorius	8.86
wearied	8.86
engl	8.86
exod	8.86
manlius	8.86
froward	8.86
nes	8.86
combats	8.85
impure	8.85
hypotheses	8.85
kenned	8.85
exhort	8.85
therefor	8.85
differing	8.85
lxix	8.84
consents	8.84
dialectic	8.84
typical	8.84
ces	8.84
anniversary	8.84
thegither	8.84
kyng	8.84
ixion	8.84
appended	8.83
alexandria	8.83
jedburgh	8.83
ahi	8.83
mameluke	8.83
sune	8.83
grieves	8.83
haddon	8.82
lxx	8.82
scott	8.82
illustrates	8.82
engraven	8.82
fidelity	8.82
incest	8.82
gaulish	8.82
lycian	8.82
pellinore	8.82
shores	8.82
quaff	8.82
spak	8.81
bagoas	8.81
hyacinth	8.81
retainers	8.81
eld	8.81
strang	8.81
ching	8.81
twined	8.81
waft	8.81
reaper	8.81
swains	8.81
christiana	8.81
agis	8.81
causeth	8.81
waitz	8.81
betided	8.81
meseemeth	8.80
acheron	8.80
befal	8.80
infants	8.80
georgics	8.80
devise	8.80
helgi	8.80
husbandmen	8.80
terrapin	8.80
thracians	8.80
elegy	8.80
abyssinian	8.80
heinrich	8.80
transgress	8.79
courteously	8.79
quell	8.79
imprecation	8.79
mirk	8.79
assam	8.79
serve	8.79
sinner	8.79
ubi	8.78
manger	8.78
mov	8.78
natura	8.78
philostratus	8.78
clemency	8.78
sampo	8.78
amérique	8.78
calchas	8.78
australia	8.78
entre	8.77
wrestlers	8.77
containing	8.77
fellah	8.77
stinted	8.77
clyde	8.77
vestals	8.77
guthrun	8.77
effulgence	8.77
mem	8.77
tasso	8.77
vestibule	8.77
hos	8.76
halter	8.76
groun	8.76
anonymous	8.76
antipater	8.76
live	8.75
pharisees	8.75
clod	8.75
meseems	8.75
bends	8.75
amethyst	8.75
vergil	8.75
virgo	8.75
rarest	8.75
tibet	8.75
murmuring	8.75
gest	8.75
welcker	8.75
novices	8.74
commemorate	8.74
dow	8.74
yeare	8.74
unfold	8.74
kol	8.74
amour	8.74
sag	8.74
glamour	8.74
exhibits	8.74
silius	8.74
antoninus	8.73
predictions	8.73
cambrian	8.73
renaud	8.73
revival	8.73
heine	8.73
true	8.73
streight	8.73
beal	8.73
lxxii	8.73
maw	8.73
zum	8.73
sorter	8.73
paynim	8.73
ingram	8.73
groaning	8.73
propertius	8.72
zimmern	8.72
cairns	8.72
grasps	8.72
lox	8.72
highlanders	8.72
bowels	8.72
proserpina	8.72
ethnography	8.72
andres	8.71
tabu	8.71
viands	8.71
anterior	8.71
dispel	8.71
unhorsed	8.71
enchanters	8.71
firstborn	8.71
spleen	8.71
benefactor	8.71
chiron	8.71
eustathius	8.71
conn	8.71
denies	8.71
volsung	8.70
icarus	8.70
jen	8.70
schoolcraft	8.70
whore	8.70
lepers	8.70
telle	8.70
player	8.70
purifying	8.70
falchion	8.69
ninus	8.69
dh	8.69
egil	8.69
archon	8.69
ascribes	8.69
gable	8.69
augur	8.69
lilies	8.69
morocco	8.69
actor	8.69
hostages	8.69
thai	8.69
yong	8.69
lares	8.69
fryer	8.69
masons	8.69
gnawed	8.69
dyer	8.68
commended	8.68
siamese	8.68
waxing	8.68
proceeds	8.68
fade	8.67
foretelling	8.67
korean	8.67
headsman	8.67
diabolical	8.67
slayers	8.67
backe	8.67
siller	8.67
cloudy	8.66
revelry	8.66
aleppo	8.66
doeth	8.66
precedence	8.66
pined	8.66
courtly	8.66
poi	8.66
lave	8.66
fauns	8.65
spurs	8.65
bateman	8.65
nibelung	8.65
builders	8.65
deigned	8.65
leal	8.65
ahriman	8.64
sinai	8.64
filth	8.64
choir	8.64
arte	8.64
divert	8.63
hearn	8.63
whomsoever	8.63
gibbet	8.63
martyr	8.63
happed	8.63
hur	8.63
modes	8.63
licht	8.63
discs	8.63
gilgamesh	8.63
solemnities	8.63
memoirs	8.63
creeturs	8.63
boyne	8.62
euryalus	8.62
brinton	8.62
tiara	8.62
har	8.62
grote	8.62
ol	8.62
orthography	8.62
essences	8.61
hilted	8.61
entrusted	8.61
midmost	8.61
keepeth	8.61
accorded	8.61
ting	8.61
palæolithic	8.61
necromancer	8.61
quoit	8.61
northumbria	8.60
captains	8.60
creators	8.60
thereunto	8.60
thistle	8.60
drusilla	8.60
spat	8.60
lok	8.60
adad	8.60
meru	8.60
maha	8.60
mari	8.60
distorted	8.60
cassiopeia	8.59
thrive	8.59
daedalus	8.59
tan	8.59
prophesied	8.58
conspired	8.58
allegories	8.58
luke	8.58
bleeding	8.58
scaffold	8.58
conventional	8.58
darest	8.58
beryl	8.58
shang	8.58
mendicants	8.58
awakes	8.58
hierarchy	8.58
ringlets	8.58
astronomer	8.58
cultural	8.58
trenchant	8.58
amplitude	8.58
tur	8.58
unpublished	8.57
repenteth	8.57
climbs	8.57
percivale	8.57
aspen	8.57
baptised	8.57
ilk	8.57
gyges	8.57
broadsword	8.57
similitude	8.57
threshed	8.57
bode	8.57
troyes	8.57
pal	8.57
fitly	8.57
aho	8.57
swallowed	8.57
hoa	8.57
doer	8.56
nemi	8.56
oc	8.56
collated	8.56
ua	8.56
needest	8.56
paladins	8.56
supplicate	8.56
purge	8.56
pisistratus	8.56
mara	8.56
gied	8.56
nis	8.56
hadde	8.55
provinces	8.55
nereids	8.55
bellows	8.55
fabius	8.55
kashmir	8.55
dy	8.55
comming	8.55
bithynia	8.55
emblematic	8.55
hereat	8.55
propitiatory	8.55
dyke	8.54
slime	8.54
sud	8.54
gilgit	8.54
trait	8.54
thair	8.54
fal	8.53
troilus	8.53
gentes	8.53
crupper	8.53
sleeping	8.53
seiz	8.53
brooding	8.53
sem	8.53
ded	8.53
hindostan	8.53
repast	8.53
rife	8.52
traceable	8.52
fand	8.52
thre	8.52
assures	8.52
invaders	8.52
athen	8.52
wherewithal	8.52
rhymed	8.52
nobleman	8.52
whoe	8.51
simples	8.51
gramercy	8.51
keats	8.51
converted	8.51
nial	8.51
sacrilege	8.51
principality	8.51
cords	8.51
noor	8.51
aricia	8.51
plutus	8.51
tien	8.51
foretells	8.51
furlongs	8.51
onyx	8.51
knaves	8.51
dionysos	8.51
thocht	8.51
familiars	8.50
founders	8.50
alight	8.50
easterns	8.50
pledged	8.50
razed	8.50
aries	8.50
delphic	8.50
chaldea	8.50
equals	8.49
olympiad	8.49
destroys	8.49
owt	8.49
attest	8.49
rideth	8.49
ismene	8.49
seeme	8.49
invokes	8.49
destroying	8.49
manifestly	8.48
nares	8.48
wus	8.48
blooming	8.48
ethnologie	8.48
hawaiians	8.48
arme	8.48
londe	8.48
accuses	8.48
ng	8.48
tamer	8.47
misery	8.47
shire	8.47
translating	8.47
yen	8.47
beget	8.47
invaded	8.47
shaved	8.47
kino	8.47
curst	8.47
nephthys	8.47
guiana	8.47
forges	8.47
bale	8.47
adduced	8.47
conceals	8.47
parings	8.46
conveys	8.46
patronymic	8.46
philologists	8.46
contests	8.46
vomit	8.46
reviled	8.46
lacedaemon	8.46
sleepe	8.46
espoused	8.46
adorning	8.46
glen	8.46
allan	8.46
globus	8.46
northamptonshire	8.46
kaffir	8.46
offa	8.46
amis	8.46
garde	8.46
stallion	8.45
hearths	8.45
sensuous	8.45
hemp	8.45
obviously	8.45
numeral	8.45
illusions	8.45
pastimes	8.45
alo	8.45
micmac	8.45
admits	8.45
caliphs	8.45
wall	8.45
annot	8.45
invincible	8.45
ornamented	8.44
tao	8.44
hags	8.44
sennacherib	8.44
conceives	8.44
guenever	8.44
buster	8.44
maned	8.44
landes	8.44
neere	8.44
amphorae	8.44
yestreen	8.44
teares	8.44
wes	8.44
waal	8.44
stages	8.44
demonology	8.44
lesse	8.44
suld	8.44
abundance	8.44
quail	8.43
miltiades	8.43
monie	8.43
leman	8.43
klein	8.43
gesta	8.43
rituals	8.43
scriptural	8.43
lingam	8.43
sways	8.43
flail	8.43
coconut	8.43
psa	8.43
breasted	8.42
nar	8.42
leviathan	8.42
agricultural	8.42
ashen	8.42
desirest	8.42
aver	8.42
emendation	8.42
swaddling	8.42
exulting	8.42
pristine	8.42
sayf	8.42
mode	8.42
hephaestus	8.42
litter	8.41
thumb	8.41
roscoe	8.41
epidaurus	8.41
suche	8.41
eblis	8.41
sett	8.41
arion	8.40
neu	8.40
kam	8.40
olaus	8.40
reborn	8.40
palladium	8.40
sharper	8.40
barrenness	8.40
pennon	8.40
hinduism	8.40
carbuncle	8.40
epiphany	8.40
foix	8.40
necromancy	8.40
couldna	8.40
curds	8.40
deplore	8.40
byzantium	8.40
galatea	8.40
kut	8.39
mundane	8.39
beginnings	8.39
reeds	8.39
existences	8.39
pendragon	8.39
warred	8.39
trembling	8.39
ægis	8.39
enticed	8.39
ud	8.39
inexplicable	8.39
pop	8.39
enchanting	8.39
charmer	8.39
citie	8.38
veii	8.38
tiglath	8.38
burma	8.38
achievements	8.38
caliphate	8.38
charioteers	8.38
steph	8.38
über	8.38
durham	8.38
swallow	8.38
leto	8.38
gushed	8.38
tezcatlipoca	8.38
anecdotes	8.38
doff	8.38
mueller	8.38
syriac	8.38
redoubted	8.38
loath	8.38
earrings	8.38
cardiganshire	8.38
feigning	8.37
initiate	8.37
enigma	8.37
scamander	8.37
elphin	8.37
affront	8.37
ent	8.37
sacrilegious	8.37
ungodly	8.37
celebrity	8.37
macleod	8.37
eth	8.37
informants	8.37
valkyrie	8.36
monde	8.36
ecstasy	8.36
afflictions	8.36
martius	8.36
sein	8.36
bastard	8.36
rade	8.36
churn	8.36
despoiled	8.36
bereaved	8.36
prepar	8.36
pythagorean	8.36
ἡ	8.36
anecdote	8.36
counsell	8.36
curragh	8.36
islay	8.36
piercing	8.36
az	8.36
conjuring	8.35
consulship	8.35
auch	8.35
downfall	8.35
leadeth	8.35
terah	8.35
imps	8.35
herrera	8.35
codices	8.35
findeth	8.35
lapse	8.35
varro	8.34
rewarded	8.34
puna	8.34
iohn	8.34
shin	8.34
amphitrite	8.34
appeareth	8.34
deutsch	8.34
went	8.34
hula	8.34
evangelist	8.34
micht	8.34
rerum	8.34
bracelet	8.34
enquired	8.34
marshes	8.34
direful	8.34
kun	8.34
lithuanian	8.34
ramparts	8.34
moab	8.34
inshallah	8.33
presumably	8.33
existent	8.33
samian	8.33
woodcuts	8.33
hovers	8.33
fools	8.33
burlesque	8.33
interpolations	8.33
churning	8.33
dauntless	8.33
liber	8.32
grapes	8.32
fra	8.32
volkskunde	8.32
apres	8.32
substantive	8.32
sprache	8.32
mice	8.32
antrim	8.32
servian	8.31
omniscient	8.31
numerical	8.31
embalmed	8.31
varlet	8.31
tsi	8.31
neare	8.31
accompanies	8.31
couched	8.31
unter	8.30
ancestry	8.30
hol	8.30
carols	8.30
votary	8.30
marsh	8.30
ainu	8.30
wights	8.30
belonging	8.30
jousting	8.30
wuk	8.30
teachings	8.30
kur	8.30
scourged	8.30
meg	8.30
anak	8.29
sinew	8.29
nanny	8.29
evangelists	8.29
heals	8.29
thyestes	8.29
grammarian	8.29
thanked	8.29
liue	8.29
desiring	8.29
phial	8.28
baneful	8.28
appeare	8.28
murrain	8.28
ravenna	8.28
avalon	8.28
poniard	8.28
beiträge	8.28
narrates	8.28
despoil	8.28
ope	8.28
eminent	8.28
applies	8.28
bantu	8.28
vast	8.27
erebus	8.27
relent	8.27
shoots	8.27
pall	8.27
greaves	8.27
grovelling	8.27
boggart	8.27
siege	8.27
sei	8.27
turanian	8.27
carline	8.27
symbolize	8.26
europe	8.26
greenlanders	8.26
lus	8.26
mangled	8.26
punic	8.26
ingoldsby	8.26
actors	8.26
pierces	8.26
ara	8.26
askest	8.26
nel	8.26
langue	8.26
blacke	8.26
sup	8.25
amorites	8.25
praxiteles	8.25
pots	8.25
pileser	8.25
horoscope	8.25
stadia	8.25
uncleanness	8.25
calabria	8.25
kronos	8.25
peruvian	8.25
ignoble	8.25
ceremonially	8.25
deva	8.25
bohemia	8.24
highwaymen	8.24
approach	8.24
wynn	8.24
disc	8.24
banana	8.24
sta	8.24
wayfaring	8.24
wei	8.24
withall	8.23
coriolanus	8.23
baltic	8.23
nomadic	8.23
para	8.23
chimæra	8.23
samite	8.23
weil	8.23
rumour	8.23
residence	8.23
belvedere	8.23
christendom	8.23
theodoric	8.23
fête	8.23
sojourn	8.23
ararat	8.23
ploughshare	8.23
pye	8.22
hoards	8.22
resides	8.22
bearers	8.22
waged	8.22
magyar	8.22
multiply	8.22
interpolated	8.22
gal	8.22
boldest	8.22
caspian	8.22
tay	8.22
covetousness	8.21
beelzebub	8.21
calabashes	8.21
yesternight	8.21
pantagruel	8.21
gomme	8.21
driv	8.21
staffordshire	8.21
anointing	8.21
concentric	8.21
lurks	8.21
hurons	8.21
aulis	8.21
sinews	8.21
buries	8.20
macdonell	8.20
mateo	8.20
siam	8.20
straitly	8.20
puis	8.20
takest	8.20
embodiments	8.20
thyme	8.20
amaze	8.20
fleshly	8.20
deiphobus	8.19
christi	8.19
naiads	8.19
danae	8.19
consumes	8.19
fertilizing	8.19
contemporaries	8.19
slavs	8.19
lxxiv	8.19
linger	8.19
phoenicia	8.19
sustain	8.19
catullus	8.19
nex	8.19
lingua	8.18
oor	8.18
akkad	8.18
kneaded	8.18
pan	8.18
fruitless	8.18
exit	8.18
defaced	8.18
ecliptic	8.18
eos	8.18
calendars	8.18
shakspere	8.17
constancy	8.17
kami	8.17
saidst	8.17
finde	8.17
ineffable	8.17
frogs	8.17
rapture	8.17
fickle	8.17
roamed	8.17
emanation	8.17
gargantua	8.16
gazes	8.16
didot	8.16
asketh	8.16
degraded	8.16
taunts	8.16
froissart	8.16
chalice	8.16
nightingales	8.15
sweyn	8.15
dyes	8.15
hui	8.15
wherefrom	8.15
achæan	8.15
archangels	8.15
rebekah	8.15
sprig	8.15
knaw	8.15
turmeric	8.15
vocabularies	8.15
advent	8.15
designate	8.15
eurymachus	8.15
locksley	8.15
phæacians	8.15
predecessors	8.15
outcast	8.15
arrives	8.15
withhold	8.15
aberdeenshire	8.15
textual	8.15
expire	8.14
vita	8.14
italicus	8.14
meane	8.14
tours	8.14
vaunting	8.14
becometh	8.14
lictors	8.14
babel	8.14
françois	8.14
wayfarer	8.14
fling	8.14
otter	8.14
syracusans	8.14
eng	8.13
goodlier	8.13
mele	8.13
simplicity	8.13
achates	8.13
trajan	8.13
assuage	8.13
reject	8.12
precincts	8.12
shapen	8.12
revile	8.12
livre	8.12
forc	8.12
christiania	8.12
forme	8.12
eternally	8.12
weir	8.12
griffins	8.12
latian	8.12
fernando	8.12
antilles	8.12
ladie	8.12
totemic	8.12
manco	8.12
imply	8.12
aquitaine	8.12
saleh	8.12
natchez	8.12
transgressed	8.12
voy	8.12
decorate	8.11
bluid	8.11
giuki	8.11
medieval	8.11
pictorial	8.11
illustrating	8.11
fram	8.11
soar	8.11
shulde	8.11
alastair	8.11
consonant	8.11
circ	8.11
kith	8.10
insomuch	8.10
booke	8.10
slaughtering	8.10
perceive	8.10
athenæum	8.10
telemachos	8.10
idyll	8.10
ochus	8.10
hinder	8.10
athenaeus	8.10
où	8.10
riven	8.10
adm	8.09
ditty	8.09
pilgrimages	8.09
mortuary	8.09
worthiest	8.09
leek	8.09
wordes	8.09
bigness	8.09
domitian	8.09
redemption	8.09
miscellany	8.09
plucks	8.09
sultans	8.09
musick	8.09
haran	8.09
authorship	8.09
melchizedek	8.08
corslet	8.08
nere	8.08
warton	8.08
friendship	8.08
tus	8.08
whirlwinds	8.08
bimeby	8.08
fillets	8.08
turneth	8.08
fenians	8.08
earldom	8.07
gg	8.07
blindness	8.07
bayonne	8.07
encompass	8.07
honors	8.07
damnation	8.07
battell	8.07
warre	8.07
statius	8.07
curtin	8.07
aileth	8.07
mana	8.07
heraldry	8.07
emendations	8.07
gallia	8.07
quintilian	8.07
atoned	8.06
como	8.06
storia	8.06
elaborated	8.06
entwined	8.06
mought	8.06
bibliothèque	8.06
malign	8.06
ruthless	8.06
proto	8.06
mab	8.06
runneth	8.06
woof	8.06
introd	8.06
rhodian	8.06
maclean	8.06
slake	8.06
extract	8.05
metaphors	8.05
inundation	8.05
between	8.05
heaps	8.05
procopius	8.05
tost	8.05
asian	8.05
mery	8.05
hung	8.05
anthropologie	8.05
torres	8.05
observance	8.05
reciter	8.05
heathendom	8.05
transferred	8.04
brands	8.04
ripe	8.04
sepulture	8.04
wak	8.04
occident	8.04
lxxi	8.04
eminence	8.04
preserves	8.04
lif	8.04
fetched	8.04
bergen	8.03
xanthus	8.03
richt	8.03
expounded	8.03
phaethon	8.03
hyphenation	8.03
uprooted	8.03
catlin	8.03
comedies	8.03
kerry	8.03
â	8.02
erle	8.02
lurk	8.02
bluejay	8.02
brahmanism	8.02
refrain	8.02
rhadamanthus	8.02
overmuch	8.02
lacedæmon	8.02
chide	8.02
dedicate	8.02
covenanting	8.02
ket	8.02
frightful	8.02
brandish	8.02
deth	8.02
rom	8.02
syn	8.01
interwoven	8.01
wuz	8.01
fou	8.01
athelstan	8.01
copyist	8.01
joyless	8.01
northwards	8.01
lxxiii	8.01
bestows	8.01
joins	8.01
clos	8.01
sparrow	8.00
origen	8.00
rhetoric	8.00
aire	8.00
fils	8.00
chuse	8.00
situate	8.00
ransom	8.00
dos	8.00
sleepless	8.00
cette	8.00
ek	8.00
wonted	8.00
giraldus	7.99
mesopotamian	7.99
bowstring	7.99
abysses	7.99
scrolls	7.99
amenophis	7.99
bretagne	7.99
sterne	7.99
whereunto	7.98
abounds	7.98
judgement	7.98
creon	7.98
spitting	7.98
nowt	7.98
ætna	7.98
areopagus	7.98
celebrates	7.98
wends	7.97
continents	7.97
parallelism	7.97
africanus	7.97
ayre	7.97
nonnus	7.97
wird	7.97
japhet	7.97
israelite	7.97
texte	7.97
lxxvi	7.97
inquires	7.97
prom	7.97
fetich	7.97
cleaves	7.97
octavius	7.97
reproached	7.97
caribs	7.97
heareth	7.97
nanking	7.97
mouldering	7.97
agave	7.97
bespake	7.97
pret	7.96
satrap	7.96
lxxxi	7.96
flagons	7.96
delusion	7.96
actions	7.96
fetiches	7.96
dishonor	7.96
gretel	7.96
wisp	7.96
même	7.96
pytheas	7.96
pretends	7.95
inner	7.95
uplifted	7.95
unwearied	7.95
worthies	7.95
idun	7.95
twel	7.95
felon	7.95
dalliance	7.94
doublet	7.94
moo	7.94
peacocks	7.94
muck	7.94
wrack	7.94
forests	7.94
fertilising	7.94
lett	7.94
bands	7.94
perpetuated	7.94
maks	7.94
weasel	7.94
stuttgart	7.94
riseth	7.94
wielder	7.94
noa	7.94
rustics	7.93
supplicating	7.93
adamant	7.93
basques	7.93
liefer	7.93
wended	7.93
obverse	7.93
shineth	7.93
whelps	7.93
light	7.93
choirs	7.93
wolde	7.93
gregorius	7.93
classification	7.93
neighing	7.92
prolong	7.92
kir	7.92
achaian	7.92
diviners	7.92
siz	7.92
waly	7.92
prodigy	7.92
deceive	7.92
covet	7.92
pebbles	7.92
oenone	7.91
coutumes	7.91
iles	7.91
amours	7.91
predestined	7.91
demigods	7.91
itt	7.91
ravish	7.91
arles	7.91
sunne	7.91
heights	7.91
luve	7.91
shifts	7.91
severus	7.91
deemest	7.90
mot	7.90
quivers	7.90
heathenism	7.90
elaboration	7.90
sas	7.90
craw	7.90
sacerdotal	7.90
pleads	7.90
trois	7.90
wassail	7.90
relig	7.90
dim	7.90
ide	7.90
fairs	7.90
fateful	7.90
hermann	7.90
persuaded	7.90
codrington	7.89
fetishes	7.89
magian	7.89
architecture	7.89
needeth	7.89
kneel	7.89
delawares	7.89
iluna	7.89
nicholson	7.89
surrounds	7.89
joachim	7.89
syndic	7.89
lamentable	7.89
rus	7.89
forschungen	7.89
lowe	7.89
strokes	7.89
annotations	7.89
garnished	7.89
orisons	7.89
craggy	7.88
shahrazad	7.88
presides	7.88
huldy	7.88
sagen	7.88
corselet	7.88
yoursel	7.88
ood	7.88
penances	7.88
aeolus	7.88
polaris	7.88
wishest	7.88
pied	7.88
domains	7.87
jul	7.87
mutes	7.87
draco	7.87
mixed	7.87
demoniac	7.87
chaldæan	7.87
va	7.87
wheaten	7.87
rears	7.87
rescues	7.87
dealing	7.87
mouth	7.87
scion	7.87
roxburghe	7.87
greyhounds	7.86
unc	7.86
husbandry	7.86
strangled	7.86
befit	7.86
deid	7.86
enfold	7.86
brows	7.86
rouen	7.86
sonnet	7.86
markland	7.86
fijian	7.86
triads	7.86
tinker	7.86
garth	7.86
olympians	7.86
pono	7.85
sita	7.85
shogun	7.85
leith	7.85
folds	7.85
cambrensis	7.85
directs	7.85
lowing	7.85
seler	7.85
haled	7.85
pelasgians	7.85
pelion	7.85
seleucus	7.85
possessing	7.85
bystanders	7.85
lande	7.85
artists	7.85
galilee	7.84
changeling	7.84
promis	7.84
mani	7.84
sais	7.84
rattles	7.84
leagues	7.84
stud	7.84
inventor	7.84
tuned	7.84
bhang	7.84
lao	7.84
infinitive	7.84
challenges	7.84
antediluvian	7.84
mediums	7.84
rais	7.84
sycamore	7.84
aloof	7.84
afterbirth	7.83
orientation	7.83
sono	7.83
insatiate	7.83
père	7.83
lends	7.83
ants	7.83
court	7.83
kinge	7.83
lohengrin	7.83
dang	7.83
lana	7.83
rhesus	7.83
fosse	7.83
regalia	7.83
met	7.83
redeem	7.82
livest	7.82
stellar	7.82
linga	7.82
voyages	7.82
phocians	7.82
stele	7.82
tripods	7.82
bretons	7.82
damon	7.82
adrastus	7.82
erewhile	7.82
clytemnestra	7.82
slane	7.82
reck	7.82
maries	7.82
synonyms	7.82
cuchulain	7.82
eleazar	7.82
romanorum	7.82
determinative	7.82
aspire	7.82
heathens	7.82
rhineland	7.82
kirkpatrick	7.81
creeks	7.81
noteworthy	7.81
usages	7.81
connacht	7.81
ogres	7.81
sunless	7.81
rends	7.81
souldiers	7.81
albion	7.81
kisses	7.81
berkshire	7.81
remorse	7.81
nave	7.81
harts	7.81
deposited	7.80
sitten	7.80
mundi	7.80
ancestress	7.80
novice	7.80
bri	7.80
cou	7.80
palanquin	7.79
apocalypse	7.79
praising	7.79
launceston	7.79
woodside	7.79
counterparts	7.79
evilly	7.79
thronging	7.79
rudest	7.79
drown	7.79
hurling	7.79
goodman	7.79
reconciliation	7.78
facsimile	7.78
homeward	7.78
mon	7.78
liegemen	7.78
constrain	7.78
endow	7.78
chere	7.77
gaza	7.77
dialogues	7.77
τὰ	7.77
reckoning	7.77
indios	7.77
weare	7.77
demigod	7.77
scarab	7.77
longing	7.76
sects	7.76
stags	7.76
knavery	7.76
appointed	7.76
unintelligible	7.76
kona	7.76
decius	7.76
naïve	7.76
blazoned	7.76
weened	7.76
exeunt	7.75
shameless	7.75
jah	7.75
mut	7.75
helots	7.75
bezel	7.75
griech	7.75
nut	7.75
lacks	7.75
sprouting	7.75
graeme	7.75
lachlan	7.75
ransomed	7.75
points	7.75
showeth	7.74
fambly	7.74
parthian	7.74
val	7.74
bringest	7.74
stinking	7.74
airy	7.74
ital	7.74
splendours	7.74
α	7.74
boaster	7.74
salim	7.74
gaping	7.74
recounts	7.74
trysting	7.74
rational	7.74
conversant	7.74
mosaic	7.73
secluded	7.73
coffers	7.73
beeves	7.73
renews	7.73
jutes	7.73
satiate	7.73
elegiac	7.73
scepticism	7.73
diabolus	7.72
gnostics	7.72
porcelain	7.72
muhammadan	7.72
tali	7.72
anthology	7.72
ingenious	7.72
rigour	7.72
atone	7.72
bounds	7.72
schmidt	7.72
covetous	7.72
aspects	7.72
upbraided	7.72
maerchen	7.72
nasr	7.71
wien	7.71
sieve	7.71
foregathered	7.71
heraldic	7.71
bremen	7.71
furze	7.71
nefer	7.71
strasburg	7.71
thibet	7.71
adi	7.71
mazin	7.71
clout	7.71
cemetery	7.71
faun	7.71
feather	7.71
dunghill	7.71
gerhard	7.71
tong	7.71
innocence	7.71
quem	7.71
durance	7.71
worthless	7.71
endureth	7.71
gli	7.71
diction	7.71
strangers	7.71
ossa	7.70
ns	7.70
pigmy	7.70
beaker	7.70
buddir	7.70
heath	7.70
threatens	7.70
paus	7.70
cuchullain	7.70
furrows	7.70
althing	7.70
metcalf	7.70
varia	7.70
masonry	7.70
betther	7.70
dwarfish	7.70
damas	7.70
bohn	7.69
millet	7.69
ravage	7.69
noch	7.69
stringed	7.69
thirtieth	7.69
hecatombs	7.69
volscians	7.69
bristles	7.68
aman	7.68
nuttall	7.68
stabbed	7.68
laomedon	7.68
lenten	7.68
fiddler	7.68
warder	7.68
magically	7.68
childbed	7.68
fortuned	7.68
metaphorical	7.68
ralston	7.68
cromlech	7.68
howsoever	7.67
wearing	7.67
weighty	7.67
bil	7.67
soit	7.67
kansa	7.67
bailiff	7.67
miry	7.67
kiri	7.67
annunciation	7.67
conventionalized	7.67
snaw	7.67
glaucus	7.67
colours	7.67
recites	7.67
tullus	7.67
terracotta	7.67
resolv	7.67
gunhild	7.66
vulgarly	7.66
wether	7.66
linen	7.66
puppets	7.66
decrepit	7.66
humility	7.66
ata	7.66
nineteenth	7.66
tapestry	7.65
yow	7.65
aspect	7.65
shear	7.65
tua	7.65
historically	7.65
kal	7.65
compound	7.65
ford	7.65
tawney	7.65
bootless	7.65
jewellers	7.65
lame	7.65
prototypes	7.65
ot	7.65
chessboard	7.65
unguents	7.65
stonehenge	7.65
fresco	7.65
erech	7.65
ruder	7.65
typified	7.65
historie	7.65
nobleness	7.64
henna	7.64
ger	7.64
paralleled	7.64
sanctified	7.64
erechtheus	7.64
ormuzd	7.64
epochs	7.64
kingdome	7.64
altho	7.64
andalusia	7.64
sustenance	7.64
initiatory	7.64
boeotian	7.63
ist	7.63
spearmen	7.63
parthians	7.63
harvesters	7.63
festivity	7.63
faine	7.63
grettir	7.63
frescoes	7.63
melissa	7.63
forgetfulness	7.63
apulia	7.63
swooning	7.63
emperour	7.62
hyginus	7.62
brownie	7.62
meanest	7.62
loathed	7.62
surmounted	7.62
sig	7.62
peuples	7.62
honouring	7.62
liken	7.62
festive	7.62
conjectures	7.62
infested	7.62
wayland	7.62
avoir	7.62
hyperion	7.62
highly	7.61
briareus	7.61
fearest	7.61
ailment	7.61
nereus	7.61
stronghold	7.61
request	7.61
samurai	7.61
pius	7.61
curious	7.61
feu	7.61
whut	7.61
meier	7.61
idylls	7.61
symbolizes	7.61
soil	7.61
parody	7.61
edifices	7.61
strewing	7.61
welkin	7.61
transforming	7.60
obscurity	7.60
solinus	7.60
badawi	7.60
conjoined	7.60
presiding	7.60
sevenfold	7.60
rh	7.60
exists	7.60
οἱ	7.60
migne	7.60
desireth	7.60
regards	7.60
catiline	7.60
pipers	7.60
bœotia	7.60
sarcophagi	7.60
abided	7.60
hortensia	7.60
measureless	7.59
melanthius	7.59
informer	7.59
austere	7.59
lactantius	7.59
otterburn	7.59
latter	7.59
distinct	7.59
wille	7.59
essenes	7.59
scroope	7.59
analogues	7.59
sacy	7.59
unnamed	7.59
suspended	7.59
governance	7.58
hersel	7.58
truncheon	7.58
oro	7.58
toddy	7.58
sainte	7.58
therfore	7.58
thesmophoria	7.58
cyrus	7.58
inaccessible	7.58
wau	7.58
odorous	7.58
medium	7.58
scilly	7.58
khem	7.58
tumuli	7.58
festus	7.58
argues	7.58
severally	7.58
bothwell	7.58
arbois	7.58
mongols	7.58
throndhjem	7.58
gars	7.58
latina	7.58
rill	7.57
nouvelles	7.57
peat	7.57
etain	7.57
vater	7.57
gibb	7.57
catty	7.57
eponymous	7.57
typographical	7.57
thorgeir	7.57
gain	7.57
halo	7.57
thrain	7.57
outspread	7.57
buffets	7.57
tortoises	7.57
adze	7.57
τῆς	7.57
dramatis	7.57
adorns	7.57
weake	7.57
wey	7.57
pio	7.56
alcina	7.56
lxxviii	7.56
freyja	7.56
deems	7.56
obey	7.56
charcoal	7.56
organisation	7.56
punctuation	7.56
sama	7.56
identifying	7.56
spelt	7.56
inconsistencies	7.56
stall	7.56
série	7.56
wyfe	7.56
chinooks	7.56
stede	7.55
arrian	7.55
asal	7.55
languish	7.55
claws	7.55
vestal	7.55
truro	7.55
founde	7.55
censers	7.55
whome	7.55
comparisons	7.55
roncesvalles	7.55
theopompus	7.55
mongolian	7.55
warders	7.55
beautified	7.54
millennium	7.54
franciscan	7.54
signe	7.54
anchorite	7.54
kelpie	7.54
timoleon	7.54
anaxagoras	7.54
givers	7.54
missions	7.54
harmonious	7.54
swallows	7.54
wending	7.54
animism	7.54
insolence	7.54
explanatory	7.53
frisians	7.53
romania	7.53
nox	7.53
wynd	7.53
dirhams	7.53
soma	7.53
arimathea	7.53
proud	7.53
falstaff	7.53
weds	7.53
baron	7.53
harpy	7.53
ethnic	7.52
folly	7.52
amo	7.52
snowy	7.52
equinoxes	7.52
heyne	7.52
loveliest	7.52
dall	7.52
setteth	7.52
scaped	7.52
dit	7.52
abhorred	7.52
adders	7.52
fergusson	7.52
procris	7.52
curry	7.52
fainting	7.52
alchemists	7.52
powerful	7.52
endures	7.52
arnobius	7.52
hele	7.52
dappled	7.51
ninny	7.51
frisian	7.51
peu	7.51
sightless	7.51
comp	7.51
lxxv	7.51
provençal	7.51
enrich	7.51
aru	7.51
garonne	7.51
ygdrasil	7.51
sprouted	7.51
belus	7.51
cyclopes	7.51
overthrows	7.51
polytheistic	7.51
conjuration	7.51
burnished	7.51
gow	7.50
vse	7.50
betrays	7.50
mythologic	7.50
pevensey	7.50
plaid	7.50
habib	7.50
yander	7.50
grandchild	7.50
blissful	7.50
revolted	7.50
closes	7.50
sempstress	7.50
repeating	7.50
avengers	7.49
nabonidus	7.49
solicited	7.49
armlets	7.49
buffoon	7.49
madest	7.49
aston	7.49
conjurers	7.49
borrows	7.49
kindles	7.49
gildas	7.49
santo	7.49
serves	7.49
ranks	7.49
crooked	7.49
clytie	7.49
scholia	7.49
variance	7.48
mimic	7.48
dearer	7.48
briny	7.48
tournaments	7.48
technique	7.48
despise	7.48
quit	7.48
palermo	7.48
marcellinus	7.48
butcher	7.48
sal	7.48
christening	7.48
melrose	7.48
flock	7.48
unnumbered	7.48
churlish	7.48
symbolically	7.48
girding	7.48
malady	7.47
tauld	7.47
magnesia	7.47
acclamations	7.47
constantinople	7.47
meete	7.47
neolithic	7.47
irrational	7.47
flown	7.46
broom	7.46
était	7.46
achæans	7.46
blended	7.46
bloud	7.46
challenged	7.46
rees	7.46
burthen	7.46
rebuked	7.45
zealanders	7.45
transmitted	7.45
sabine	7.45
gehenna	7.45
planting	7.45
exorcise	7.45
thir	7.45
dryads	7.45
lxxix	7.45
quel	7.45
stained	7.45
maugre	7.45
mirza	7.45
thorfinn	7.45
foregather	7.45
reeking	7.45
special	7.45
huntly	7.44
wanes	7.44
abs	7.44
phantasy	7.44
possest	7.44
perishes	7.44
pelopidas	7.44
saue	7.44
aristot	7.44
maa	7.44
tapu	7.44
shechem	7.44
faileth	7.44
porta	7.44
refulgent	7.44
supine	7.44
sibyl	7.44
thorstein	7.44
corea	7.44
holies	7.43
crowing	7.43
dirges	7.43
unsheathed	7.43
tra	7.43
withouten	7.43
hadrian	7.43
clomb	7.43
equall	7.43
lammas	7.43
narrators	7.43
swedenborg	7.43
eo	7.43
concrete	7.42
shinto	7.42
goodwife	7.42
grahame	7.42
archilochus	7.42
albania	7.42
turf	7.42
loadstone	7.42
aino	7.42
lyes	7.42
sprinkles	7.42
baruch	7.42
queensland	7.42
revellers	7.42
géographie	7.42
averting	7.42
behests	7.41
aladdin	7.41
capon	7.41
uninitiated	7.41
bere	7.41
heid	7.41
fecundity	7.41
basely	7.41
anacreon	7.41
pictish	7.41
standest	7.41
groat	7.41
insular	7.41
mes	7.41
spellings	7.41
witchery	7.41
hunza	7.41
entertained	7.40
pigmies	7.40
bismillah	7.40
nokomis	7.40
bellies	7.40
nona	7.40
xanthias	7.40
selfsame	7.40
hana	7.40
ida	7.40
abyssinia	7.40
palenque	7.40
alison	7.40
ulrich	7.40
elamite	7.40
purposing	7.40
stewart	7.40
goldsmiths	7.40
cantos	7.39
knewest	7.39
yearned	7.39
lepsius	7.39
misdeed	7.39
jeanie	7.39
surges	7.39
lift	7.39
finder	7.39
ardennes	7.39
wich	7.39
hoopoe	7.39
kil	7.39
wege	7.39
angus	7.39
loge	7.39
semi	7.39
whensoever	7.39
brun	7.38
invisibility	7.38
lexicon	7.38
hangman	7.38
enshrined	7.38
savage	7.38
record	7.38
monkish	7.38
salmon	7.38
seraph	7.38
messenians	7.38
mutilation	7.38
epigrams	7.38
ag	7.38
atten	7.37
chaplets	7.37
loango	7.37
moyle	7.37
propitiating	7.37
quetzal	7.37
thuringia	7.37
honeyed	7.37
enriched	7.37
jan	7.37
skene	7.37
buddhistic	7.37
myne	7.37
reise	7.37
tahitian	7.37
cly	7.37
amphora	7.37
copan	7.37
urges	7.37
portress	7.37
lamas	7.37
scaliger	7.37
remembrance	7.37
psalter	7.37
vitellius	7.37
contends	7.37
idioms	7.37
toute	7.37
crooke	7.36
hajjaj	7.36
fut	7.36
mohammedan	7.36
banyan	7.36
years	7.36
corp	7.36
salve	7.36
vs	7.36
harboured	7.36
nunnery	7.36
sorceries	7.36
bibliotheca	7.36
boabdil	7.36
regulus	7.36
shawano	7.36
wottest	7.36
benfey	7.36
restoration	7.36
dagon	7.35
avaunt	7.35
drouth	7.35
syrians	7.35
kuno	7.35
hospice	7.35
garlic	7.35
misshapen	7.35
cheyenne	7.35
glooms	7.35
fails	7.34
sitt	7.34
canticles	7.34
paschal	7.34
stour	7.34
circa	7.34
commemorative	7.34
ora	7.34
nederlandsche	7.34
elsa	7.34
stoops	7.34
parthia	7.34
potiphar	7.34
squier	7.34
nly	7.34
didactic	7.34
fashioning	7.34
seqq	7.34
hede	7.34
slaney	7.34
alang	7.33
keating	7.33
rumanian	7.33
pest	7.33
adieu	7.33
stript	7.33
thow	7.33
rags	7.33
thatch	7.33
lieu	7.33
innocents	7.33
serpentine	7.33
topographical	7.33
worn	7.33
reaches	7.33
aventine	7.33
acrisius	7.33
hoder	7.33
scented	7.32
ravisher	7.32
perfections	7.32
mauritania	7.32
spiegel	7.32
wayfarers	7.32
castilian	7.32
ramses	7.32
ama	7.32
bedecked	7.32
wields	7.31
witching	7.31
mildness	7.31
fiel	7.31
sayles	7.31
prospered	7.31
clavers	7.31
glacial	7.31
changeless	7.31
brazier	7.31
italic	7.31
kernel	7.31
charlevoix	7.31
derivative	7.31
lexikon	7.30
phæacia	7.30
plataea	7.30
vortigern	7.30
gladden	7.30
jon	7.30
eloquence	7.30
bacchanal	7.30
abbreviation	7.30
pursue	7.30
attaches	7.30
cosmos	7.30
grotto	7.30
shed	7.30
ctesias	7.30
fêtes	7.30
expiatory	7.30
wiglaf	7.30
griechische	7.30
sigrid	7.30
drench	7.30
phoenix	7.29
suff	7.29
akademie	7.29
herefordshire	7.29
calydon	7.29
forasmuch	7.29
excelling	7.29
callaway	7.29
waikiki	7.29
lycians	7.29
melampus	7.28
kiln	7.28
lxxxvi	7.28
brooded	7.28
stopt	7.28
shalmaneser	7.28
kindreds	7.28
nara	7.28
belov	7.28
goatherd	7.28
lookt	7.28
uri	7.28
recognises	7.28
adjure	7.28
vampires	7.28
hateful	7.28
mittheilungen	7.28
blades	7.28
bursts	7.28
cyclades	7.28
depicts	7.28
sherbet	7.28
enamelled	7.28
crowning	7.28
embossed	7.28
lou	7.28
unguent	7.27
accords	7.27
chid	7.27
aegina	7.27
sia	7.27
burials	7.27
cassius	7.27
architectural	7.27
ilios	7.27
milesians	7.27
luckless	7.27
subtlety	7.27
joinville	7.27
mitra	7.27
nessus	7.27
finite	7.27
beginneth	7.26
persuades	7.26
aura	7.26
sump	7.26
hitherward	7.26
quichua	7.26
sleepeth	7.26
herte	7.26
melanesia	7.26
tamil	7.26
handmaiden	7.26
assumption	7.26
beseem	7.26
fabricius	7.26
mone	7.26
ciel	7.26
magus	7.26
requiem	7.26
frog	7.25
wanter	7.25
demodocus	7.25
breslau	7.25
sov	7.25
secondly	7.25
rapine	7.25
taming	7.25
tavistock	7.25
wissenschaften	7.25
wady	7.25
significant	7.24
changer	7.24
μὲν	7.24
trays	7.24
boasting	7.24
primordial	7.24
clods	7.24
agesilaus	7.24
fac	7.24
flamen	7.24
apostate	7.24
siena	7.24
enclosure	7.24
adepts	7.24
string	7.24
goode	7.24
worde	7.24
felled	7.23
vosges	7.23
ichabod	7.23
lawd	7.23
dainties	7.23
portend	7.23
oviedo	7.23
rahman	7.23
homewards	7.23
alte	7.23
kabir	7.23
solstices	7.23
pottage	7.23
weakling	7.23
frigga	7.23
oia	7.23
cwm	7.23
dropp	7.23
chanced	7.23
drags	7.22
tributary	7.22
conjurations	7.22
fuh	7.22
fattened	7.22
ezek	7.22
pedigrees	7.22
andreas	7.22
sayeth	7.22
aben	7.22
valkyries	7.22
oaken	7.22
differ	7.22
haupt	7.21
theognis	7.21
sesame	7.21
glides	7.21
dazzled	7.21
beseems	7.21
arriv	7.21
hordes	7.21
hindi	7.21
nomen	7.21
wielded	7.21
jinni	7.21
courtier	7.21
deere	7.21
distich	7.21
xci	7.21
beseeching	7.21
entereth	7.21
lismore	7.21
eryx	7.20
herewith	7.20
caria	7.20
pact	7.20
quæ	7.20
lope	7.20
craftsmen	7.20
implacable	7.20
fleeces	7.20
vaine	7.20
firebrands	7.20
consummation	7.20
obvious	7.20
ito	7.20
fakirs	7.20
accomplishments	7.20
portentous	7.20
cm	7.20
dionysiac	7.19
bygone	7.19
alpha	7.19
mingles	7.19
lors	7.19
xcvi	7.19
ascanius	7.19
ih	7.19
tellest	7.19
thessalians	7.19
acta	7.19
bor	7.19
outworn	7.19
crieth	7.19
harkye	7.19
cheviot	7.19
lxxvii	7.19
lachmann	7.19
reisen	7.19
samoans	7.19
visitations	7.19
continues	7.19
polo	7.19
prediction	7.18
watered	7.18
eateth	7.18
nem	7.18
housewife	7.18
glastonbury	7.18
anear	7.18
unite	7.18
cloth	7.18
euboea	7.18
dal	7.18
trembled	7.18
dardanus	7.18
civilizations	7.18
ferry	7.17
emerges	7.17
zeno	7.17
trilogy	7.17
mirrored	7.17
kauai	7.17
laye	7.17
locusts	7.17
erat	7.17
thialfi	7.17
genuineness	7.17
pontius	7.17
karma	7.17
toutes	7.17
peak	7.17
thenceforward	7.16
chillun	7.16
crucify	7.16
newe	7.16
agora	7.16
jensen	7.16
primæval	7.16
brooch	7.16
omit	7.16
faber	7.16
haute	7.16
kelso	7.16
renderings	7.16
blesses	7.16
stephanus	7.16
tyrians	7.16
expound	7.16
confer	7.16
symbolised	7.16
vntill	7.16
borrowing	7.16
lxxx	7.16
hearten	7.15
smear	7.15
basutos	7.15
beichan	7.15
dana	7.15
aboute	7.15
bruited	7.15
degli	7.15
aran	7.15
bewick	7.15
langer	7.15
equivalents	7.15
incarnated	7.15
connla	7.15
rer	7.15
addrest	7.15
devices	7.15
bodisat	7.14
makua	7.14
tenets	7.14
undying	7.14
thermopylæ	7.14
distinction	7.14
kye	7.14
med	7.14
deformity	7.14
height	7.14
eum	7.14
bulbo	7.14
inroad	7.14
undefiled	7.14
valencia	7.14
theogony	7.14
remnants	7.14
metam	7.14
bove	7.14
raging	7.14
primus	7.13
sere	7.13
upo	7.13
eph	7.13
unhallowed	7.13
biddeth	7.13
arras	7.13
milesian	7.13
nigher	7.13
einem	7.13
armenians	7.13
tributes	7.13
flodden	7.13
renders	7.13
attached	7.13
ceux	7.13
finlay	7.13
timor	7.13
afrique	7.13
rural	7.13
brier	7.13
killigrew	7.13
blasphemy	7.13
imparted	7.13
prepare	7.13
witnesses	7.12
aelian	7.12
persecuted	7.12
caravanserai	7.12
comyn	7.12
inscriptionum	7.12
wente	7.12
γ	7.12
incontinent	7.12
epicurus	7.12
loe	7.12
seront	7.12
provost	7.12
boasted	7.12
parsees	7.12
buddhas	7.12
tlaloc	7.12
sadness	7.12
greed	7.12
nibelungen	7.12
banqueting	7.11
virginius	7.11
cecrops	7.11
firstly	7.11
brachet	7.11
yt	7.11
feete	7.11
kamba	7.11
etymologically	7.11
mecklenburg	7.11
nak	7.11
heimdal	7.11
navajos	7.10
sultana	7.10
fennel	7.10
hyperborean	7.10
merriment	7.10
tilled	7.10
arete	7.10
humanity	7.10
cann	7.10
proc	7.10
huxley	7.10
mala	7.10
carouse	7.10
dissembled	7.10
isidore	7.10
pari	7.10
mens	7.10
retold	7.10
unearthly	7.10
être	7.10
tapa	7.10
matins	7.10
viol	7.10
calabar	7.09
baroness	7.09
gongs	7.09
latham	7.09
necks	7.09
male	7.09
adamantine	7.09
confounds	7.09
beau	7.09
frith	7.09
plaints	7.09
visage	7.09
jubal	7.09
speare	7.09
brest	7.08
offended	7.08
pomona	7.08
hostile	7.08
betaking	7.08
jamais	7.08
roarers	7.08
potency	7.08
unicorns	7.08
harping	7.08
handbuch	7.08
soothly	7.08
toi	7.08
outlawry	7.08
envied	7.08
imaginative	7.08
kailua	7.08
amplified	7.08
attributing	7.08
lowland	7.08
aziz	7.08
strassburg	7.08
enigmas	7.07
supplicated	7.07
tamarisk	7.07
assigns	7.07
beholders	7.07
pervading	7.07
pestle	7.07
tyrol	7.07
emblematical	7.07
eighteenth	7.07
rib	7.07
lxxxii	7.07
orientalists	7.07
indias	7.06
selene	7.06
lettres	7.06
confession	7.06
erl	7.06
chiding	7.06
thes	7.06
sarcophagus	7.06
macfarlane	7.06
astolat	7.06
machinations	7.06
hinds	7.06
dist	7.06
gawd	7.06
ablutions	7.06
gulfs	7.06
tatius	7.05
populaires	7.05
confesses	7.05
phrygians	7.05
slothful	7.05
abundantly	7.05
infinity	7.05
objective	7.05
danube	7.05
bedight	7.05
breadfruit	7.05
fey	7.05
ides	7.05
rhetorician	7.04
là	7.04
witta	7.04
casas	7.04
sprout	7.04
gode	7.04
athos	7.04
pepi	7.04
septuagint	7.04
grinnell	7.04
bordeaux	7.04
ing	7.04
coosa	7.04
bacchic	7.03
minde	7.03
riche	7.03
tempe	7.03
attired	7.03
sneezing	7.03
solicit	7.03
rehearse	7.03
toke	7.03
ephesus	7.03
entreats	7.03
antonius	7.03
heifers	7.03
accoutred	7.03
preservative	7.03
terre	7.03
whey	7.03
tae	7.03
wailings	7.03
picus	7.02
neoptolemus	7.02
harried	7.02
ceaseless	7.02
anc	7.02
barmecide	7.02
shortland	7.02
knowne	7.02
pining	7.02
burgh	7.02
octavia	7.02
crafts	7.02
birk	7.02
chalcedony	7.02
cre	7.02
fixt	7.02
mocks	7.02
panoply	7.02
villagers	7.02
dapple	7.02
modelled	7.02
viziers	7.02
overtook	7.02
efter	7.02
liddel	7.02
containeth	7.02
potteries	7.01
labourer	7.01
latine	7.01
porte	7.01
γὰρ	7.01
phat	7.01
raschid	7.01
fetishism	7.01
filly	7.01
brahmins	7.01
cultus	7.01
eliezer	7.01
void	7.00
dropt	7.00
cylinders	7.00
tum	7.00
godless	7.00
repeatedly	7.00
valhal	7.00
seynt	7.00
esta	7.00
director	7.00
raja	7.00
hade	7.00
manoa	7.00
espouse	6.99
fawns	6.99
caus	6.99
ffor	6.99
bespoke	6.99
woodcutter	6.99
belong	6.99
haft	6.99
revisit	6.99
girdled	6.99
acclaim	6.99
handfuls	6.99
nothingness	6.99
sil	6.99
formless	6.99
esthonia	6.99
sumatra	6.99
origine	6.99
sayes	6.98
improvised	6.98
manetho	6.98
unlaced	6.98
sav	6.98
hiwassee	6.98
bleating	6.98
imprecations	6.98
oaths	6.98
cruell	6.98
tubal	6.98
despaired	6.98
whirls	6.98
abimelech	6.98
lucina	6.98
peloponnese	6.97
played	6.97
boor	6.97
vers	6.97
imitation	6.97
chastity	6.97
atween	6.97
dethroned	6.97
impurity	6.97
unavenged	6.97
ihre	6.96
implores	6.96
celebrations	6.96
carmarthen	6.96
wayside	6.96
sana	6.96
harms	6.96
mirage	6.96
corr	6.96
empyrean	6.96
ghi	6.96
clairvoyance	6.96
duality	6.96
choruses	6.96
kukui	6.96
earthenware	6.96
murad	6.96
lattice	6.96
inward	6.96
cocytus	6.95
stedfast	6.95
crane	6.95
soars	6.95
chace	6.95
guts	6.95
bereave	6.95
putteth	6.95
bitumen	6.95
philologie	6.95
gideon	6.95
opprest	6.95
swabia	6.95
virg	6.95
gloucestershire	6.95
notation	6.95
hallows	6.95
earths	6.94
shou	6.94
lured	6.94
hollowed	6.94
redeemer	6.94
laius	6.94
biographical	6.94
deface	6.94
hoole	6.94
welcomes	6.94
tracing	6.94
leprous	6.94
ainos	6.94
caer	6.94
indië	6.94
ulstermen	6.94
perforated	6.94
assayed	6.93
harl	6.93
leaveth	6.93
yves	6.93
heroine	6.93
topography	6.93
clamours	6.93
crook	6.93
paternoster	6.93
rishi	6.93
ivy	6.93
ladyes	6.93
defends	6.93
pur	6.93
toads	6.93
tas	6.93
traits	6.92
rebus	6.92
curate	6.92
aves	6.92
ros	6.92
fleeting	6.92
committed	6.92
iberian	6.92
jeune	6.92
elohim	6.92
jehan	6.92
ret	6.92
skrymir	6.92
accurst	6.92
awaye	6.92
opp	6.92
pleasance	6.92
scotts	6.92
spilt	6.92
doorkeeper	6.92
fab	6.92
gott	6.92
kinde	6.91
onything	6.91
dochter	6.91
bul	6.91
stirr	6.91
terminations	6.91
circumference	6.91
hies	6.91
wearie	6.91
philologist	6.91
pott	6.91
musée	6.91
inhabiting	6.91
inhabitant	6.91
fals	6.91
stratum	6.91
timorous	6.91
besieged	6.90
deprived	6.90
ryo	6.90
sores	6.90
magnanimous	6.90
daft	6.90
paisley	6.90
sacredness	6.90
physiognomy	6.90
finest	6.90
doubters	6.90
brighteyes	6.90
rashly	6.90
bey	6.90
seraphim	6.90
baseness	6.90
conceiving	6.90
uk	6.89
conquests	6.89
replete	6.89
ancona	6.89
literatures	6.89
sts	6.89
mouths	6.89
inherent	6.89
linus	6.89
carib	6.89
quire	6.89
articulate	6.89
unbelievers	6.89
lorelei	6.89
prognostics	6.89
sibylline	6.89
saadi	6.89
viewless	6.89
parsi	6.89
symbolizing	6.89
editor	6.89
jotunheim	6.88
lintel	6.88
cara	6.88
cythera	6.88
lab	6.88
discrepancies	6.88
ashburton	6.88
brough	6.88
sacra	6.88
lennan	6.88
exorcised	6.88
underlies	6.88
poplar	6.88
att	6.87
sickles	6.87
withstood	6.87
eyne	6.87
xcii	6.87
prosaic	6.87
petals	6.87
forfend	6.87
precedes	6.87
hother	6.87
usnach	6.87
sed	6.87
bonaventure	6.86
mocking	6.86
megarians	6.86
chiapas	6.86
flie	6.86
messene	6.86
pergamus	6.86
hecatomb	6.86
wraiths	6.86
prophesy	6.86
gnaw	6.86
unshaken	6.86
upbraid	6.86
tarquinius	6.86
black	6.86
nationale	6.86
tempy	6.86
rel	6.86
birchen	6.86
errol	6.86
significations	6.86
sperit	6.86
wenn	6.86
triton	6.86
instigation	6.86
archelaus	6.86
naville	6.86
paterculus	6.86
menstruous	6.86
debil	6.86
prop	6.85
goud	6.85
millstone	6.85
rewards	6.85
lacking	6.85
fellowes	6.85
bearest	6.85
menial	6.85
ribble	6.85
hund	6.85
unconquered	6.85
encircling	6.85
ethnographic	6.85
shamans	6.85
elles	6.85
unfaithful	6.84
snared	6.84
panurge	6.84
groundwork	6.84
invested	6.84
naphtali	6.84
boldness	6.84
caparisoned	6.84
fragmenta	6.84
avaricious	6.84
hina	6.84
sickened	6.84
lxxxix	6.84
archæological	6.83
riedel	6.83
sophist	6.83
teeming	6.83
huayna	6.83
cumin	6.83
trav	6.83
larissa	6.83
gessler	6.83
husayn	6.83
lim	6.83
holed	6.83
overthrowing	6.83
trop	6.83
amphitryon	6.83
ewa	6.83
christened	6.83
béarn	6.83
admirable	6.83
prior	6.83
pont	6.83
esarhaddon	6.83
publicly	6.83
sows	6.83
afric	6.83
similes	6.83
pervades	6.82
ethnologist	6.82
agrippa	6.82
touch	6.82
fenced	6.82
lora	6.82
ili	6.82
cotta	6.82
purer	6.82
augurs	6.82
faeries	6.82
inspire	6.82
townsmen	6.82
foals	6.82
rhenish	6.82
southwards	6.81
hipparchus	6.81
sonnets	6.81
circular	6.81
harmed	6.81
gustav	6.81
adamnan	6.81
moone	6.81
colman	6.81
amada	6.81
pollen	6.81
middleton	6.81
bides	6.81
enchant	6.81
jugurtha	6.81
prophesies	6.81
rognvald	6.81
shewe	6.81
wynne	6.81
citron	6.81
elate	6.81
tine	6.81
happiness	6.81
universality	6.81
libra	6.81
exhaled	6.81
ayn	6.81
mede	6.81
messianic	6.81
nias	6.81
prolegomena	6.81
abashed	6.81
beak	6.81
fleeing	6.81
bosomed	6.81
zoroastrian	6.81
grac	6.80
kittredge	6.80
poetically	6.80
wolverine	6.80
prisoned	6.80
attire	6.80
elegies	6.80
lxxxiii	6.80
returne	6.80
shinar	6.80
baganda	6.80
assuredly	6.80
crop	6.80
cistern	6.80
stung	6.80
freebooter	6.80
plumed	6.80
cherished	6.79
fowle	6.79
sticks	6.79
beseemed	6.79
gemini	6.79
druidism	6.79
plunges	6.79
sculptors	6.79
cromlechs	6.79
iambic	6.79
liegeman	6.79
pict	6.79
vans	6.79
lud	6.79
daies	6.79
archipelago	6.79
pate	6.79
bassus	6.79
firbolgs	6.79
whar	6.79
bailie	6.79
kasim	6.79
ui	6.79
whilome	6.79
garcilasso	6.79
avernus	6.78
parva	6.78
falcons	6.78
plies	6.78
lxxxiv	6.78
proffered	6.78
chargers	6.78
sai	6.78
telepathy	6.78
tsze	6.78
versâ	6.78
ryght	6.78
availeth	6.78
apartments	6.78
cloths	6.77
brackley	6.77
harmonies	6.77
assassinated	6.77
eaters	6.77
dyaks	6.77
pageant	6.77
scorns	6.77
landa	6.77
humber	6.77
chor	6.77
litany	6.77
lani	6.77
bribed	6.77
purificatory	6.77
gloriana	6.77
lacuna	6.77
traitress	6.77
warst	6.77
wieland	6.77
gnostic	6.77
sitte	6.77
designates	6.77
hives	6.77
sligo	6.77
blackbird	6.77
marge	6.77
espagne	6.76
mali	6.76
hazard	6.76
continuity	6.76
wild	6.76
departeth	6.76
kon	6.76
dreadfull	6.76
analogue	6.76
hashish	6.76
wafted	6.76
fulfilling	6.76
versification	6.76
albertus	6.76
heigh	6.75
strath	6.75
deceitful	6.75
cadence	6.75
satirical	6.75
shamefully	6.75
bak	6.75
unshorn	6.75
conq	6.75
rejecting	6.75
persuasion	6.75
cataclysm	6.75
teen	6.75
performing	6.75
caradoc	6.75
thalaba	6.74
durga	6.74
cryed	6.74
dione	6.74
gomara	6.74
torrens	6.74
truce	6.74
arrowes	6.74
possessive	6.74
forbears	6.74
soo	6.74
carousing	6.74
veiling	6.74
cupbearer	6.74
isself	6.74
porus	6.74
justus	6.74
meteoric	6.74
typifies	6.74
stainless	6.73
dramatists	6.73
besmeared	6.73
satires	6.73
brandan	6.73
mortall	6.73
patroklos	6.73
pathways	6.73
rebuilt	6.73
cambodia	6.73
dromedary	6.73
dionys	6.73
hesperus	6.73
som	6.73
maidenhood	6.73
methuselah	6.73
warding	6.73
diest	6.73
jargon	6.73
daphnis	6.73
khu	6.73
prized	6.73
nobly	6.73
lavish	6.73
glenlogie	6.73
mythes	6.73
pirithous	6.73
alone	6.73
epigram	6.72
reunite	6.72
zobeide	6.72
realme	6.72
hillock	6.72
earle	6.72
sicke	6.72
burckhardt	6.72
unna	6.72
rooted	6.72
refresh	6.72
rending	6.72
sidereal	6.72
hieroglyph	6.72
edified	6.71
forsworn	6.71
frees	6.71
pater	6.71
unhappy	6.71
highways	6.71
vineyards	6.71
fleur	6.71
attends	6.71
housings	6.71
xcviii	6.71
dravidian	6.71
happie	6.71
irus	6.71
vilest	6.71
mallet	6.71
welcomed	6.71
changelings	6.71
huc	6.71
delitzsch	6.70
ec	6.70
lxxxv	6.70
paracelsus	6.70
julian	6.70
arisen	6.70
mated	6.70
phæacian	6.70
malediction	6.70
ignis	6.70
royce	6.70
tould	6.70
sublimity	6.70
imo	6.70
isocrates	6.70
koehler	6.70
aesch	6.70
ascribing	6.70
hilts	6.70
andronicus	6.69
ascription	6.69
cyclopean	6.69
betokens	6.69
clorinda	6.69
cæsars	6.69
ethnologists	6.69
solemnity	6.69
emanations	6.69
algonkin	6.69
turne	6.69
intensive	6.69
lochaber	6.69
lutes	6.69
yeats	6.69
frere	6.69
casement	6.69
washes	6.69
suckling	6.69
philosophies	6.69
surnames	6.69
etymologies	6.69
emperors	6.69
surpassed	6.69
briseis	6.69
shabaka	6.69
swarms	6.68
alps	6.68
costliest	6.68
outcries	6.68
alam	6.68
laut	6.68
seuen	6.68
sumerians	6.68
carfax	6.68
più	6.68
þ	6.68
aahmes	6.68
bering	6.68
gunga	6.68
mow	6.68
drinke	6.68
kail	6.68
transliteration	6.68
featherman	6.68
lustration	6.68
shatter	6.68
steadfastly	6.68
dyce	6.68
tolde	6.68
pepin	6.67
saft	6.67
worlde	6.67
bellona	6.67
lyttelton	6.67
unequalled	6.67
alchemist	6.67
dives	6.67
buffeted	6.67
fantasy	6.67
entred	6.67
summits	6.67
insertion	6.67
alex	6.67
intercede	6.67
stratagems	6.67
colin	6.67
reconcile	6.67
hous	6.67
shote	6.67
ille	6.67
agency	6.67
waxes	6.66
kar	6.66
expiring	6.66
interprets	6.66
blazon	6.66
strown	6.66
hieron	6.66
sands	6.66
cheyennes	6.66
rabelais	6.66
tillage	6.66
hei	6.66
pelasgian	6.66
yoga	6.66
gellius	6.66
monier	6.66
rotation	6.66
argent	6.66
abundant	6.66
villany	6.66
fuji	6.66
parsifal	6.66
guerre	6.66
legge	6.66
capitoline	6.65
modred	6.65
hawick	6.65
catalan	6.65
vaults	6.65
shaft	6.65
prelate	6.65
sport	6.65
discovers	6.65
milked	6.65
fwhat	6.65
recording	6.65
bowe	6.65
mnesilochus	6.65
nasir	6.65
verie	6.65
whatso	6.65
cornel	6.65
kemble	6.64
immeasurable	6.64
leiden	6.64
nicodemus	6.64
fondness	6.64
donning	6.64
sardis	6.64
wicker	6.64
cressida	6.64
veit	6.64
totemism	6.64
ashtaroth	6.64
zhe	6.64
penates	6.64
stalls	6.64
discourses	6.64
languishing	6.64
proclaiming	6.64
strange	6.64
fossil	6.64
aytoun	6.64
gaz	6.64
eur	6.63
ottar	6.63
tegea	6.63
cholera	6.63
hansel	6.63
laocoon	6.63
jude	6.63
defender	6.63
feigns	6.63
hylas	6.63
iberians	6.63
nostradamus	6.63
reste	6.63
ammianus	6.63
bea	6.63
ensuing	6.63
sif	6.63
encircle	6.63
resumes	6.63
coverlet	6.63
sahagun	6.63
excels	6.63
furioso	6.63
aina	6.63
moonshine	6.63
lais	6.62
nergal	6.62
candaules	6.62
athwart	6.62
tyee	6.62
autres	6.62
deceives	6.62
transforms	6.62
kinswoman	6.62
juice	6.62
waye	6.62
desist	6.62
partakes	6.62
overjoyed	6.62
layd	6.62
laërtius	6.62
ridgeway	6.62
anklets	6.62
weaves	6.62
ailments	6.62
gang	6.62
nourishment	6.62
flints	6.62
pronounces	6.62
cambyses	6.62
slav	6.62
britannica	6.62
importunate	6.62
icelander	6.62
nobbut	6.62
chiang	6.61
eate	6.61
pasturing	6.61
spens	6.61
meet	6.61
betweene	6.61
conversed	6.61
snowdon	6.61
tare	6.61
vultures	6.61
arunta	6.61
champaign	6.61
reviling	6.61
vieux	6.61
feat	6.61
drachmas	6.61
anno	6.61
dooms	6.61
grottoes	6.61
helbig	6.61
mysie	6.61
redaction	6.61
redy	6.61
returnest	6.61
waxeth	6.61
gladiators	6.61
fan	6.61
mell	6.60
regius	6.60
unbind	6.60
bugge	6.60
believer	6.60
lay	6.60
cocoanuts	6.60
shuld	6.60
swears	6.60
ryde	6.60
alliteration	6.60
pharsalia	6.60
yeere	6.60
pompon	6.60
phallus	6.60
borough	6.60
descriptions	6.60
carcases	6.60
theft	6.60
jedge	6.60
lentils	6.60
morpheus	6.60
partie	6.60
sole	6.60
presumption	6.60
esk	6.60
chanson	6.59
exorcising	6.59
gaen	6.59
parsis	6.59
eschew	6.59
luminaries	6.59
unawares	6.59
alarms	6.59
brak	6.59
chaldæa	6.59
kamakura	6.59
niger	6.59
platters	6.59
griechischen	6.59
nootkas	6.59
laddie	6.59
bleak	6.59
grandeur	6.59
testify	6.59
bologna	6.59
westermarck	6.59
maes	6.59
biorn	6.59
oki	6.59
external	6.59
solaced	6.59
surround	6.59
mou	6.58
nim	6.58
profaned	6.58
filthy	6.58
digged	6.58
mantled	6.58
forego	6.58
lys	6.58
subjugated	6.58
windless	6.58
études	6.58
mohammedanism	6.58
argyle	6.58
aweary	6.58
recondite	6.58
mise	6.58
personify	6.58
reet	6.58
νῦν	6.58
inde	6.58
carn	6.58
penury	6.58
esp	6.58
erman	6.58
haug	6.58
omphale	6.58
ien	6.58
aërial	6.58
dynastic	6.58
fabricated	6.58
hobgoblins	6.58
callest	6.58
concepts	6.58
garlanded	6.58
solis	6.58
besom	6.58
blackening	6.58
dwellest	6.57
looe	6.57
enjoin	6.57
cephalus	6.57
together	6.57
capella	6.57
deservest	6.57
sekhet	6.57
strachey	6.57
spencer	6.57
kilted	6.57
toh	6.57
wace	6.57
lack	6.57
salisbury	6.57
console	6.57
players	6.57
scaly	6.57
arabe	6.56
wujud	6.56
questing	6.56
grimsby	6.56
linear	6.56
bounties	6.56
sustains	6.56
balsam	6.56
notre	6.55
vespers	6.55
dedannans	6.55
anacalypsis	6.55
elec	6.55
grammaticus	6.55
ying	6.55
ip	6.55
lentulus	6.55
portends	6.55
romancers	6.55
foo	6.55
newes	6.55
orbis	6.55
tolbooth	6.55
lithuania	6.55
mod	6.55
censor	6.55
idolatrous	6.55
newcastle	6.55
tartan	6.55
orientals	6.55
mathematician	6.55
alicia	6.55
joannes	6.55
lineaments	6.55
culled	6.55
nirvana	6.54
revives	6.54
τῇ	6.54
creeps	6.54
bonds	6.54
servia	6.54
telephus	6.54
fruitage	6.54
xc	6.54
architects	6.54
hells	6.54
milch	6.54
lanai	6.54
faut	6.54
geographer	6.54
ism	6.54
oldenburg	6.54
leon	6.54
inferior	6.54
lxxxvii	6.54
discrepancy	6.54
magians	6.54
mustachios	6.54
tiryns	6.54
nagas	6.54
tyndarus	6.54
invisibly	6.54
phalaris	6.54
chanter	6.53
verres	6.53
stan	6.53
annu	6.53
bijdragen	6.53
mati	6.53
warrenton	6.53
evan	6.53
dyd	6.53
stades	6.53
essai	6.53
cauldrons	6.53
liars	6.53
oppressed	6.53
derided	6.53
accessories	6.53
ties	6.53
cudgel	6.53
alcides	6.53
unquiet	6.52
wines	6.52
fulfill	6.52
vowing	6.52
dule	6.52
ilu	6.52
jahn	6.52
whilk	6.52
willeth	6.52
ravishing	6.52
allotted	6.52
murky	6.52
brackets	6.52
voiced	6.52
hestia	6.52
holdest	6.52
spearman	6.52
meditation	6.52
ethnical	6.52
enquiry	6.52
vaunted	6.51
doch	6.51
absent	6.51
anemone	6.51
cowl	6.51
priority	6.51
oxfordshire	6.51
gien	6.51
lazar	6.51
woodcut	6.51
allured	6.51
bree	6.51
godling	6.51
marriageable	6.51
anthrop	6.51
jeopardy	6.51
exorcisms	6.51
stings	6.51
vague	6.51
vom	6.51
manasseh	6.51
apo	6.51
kwan	6.51
quant	6.51
paternity	6.51
combed	6.51
odyss	6.50
bala	6.50
sapphires	6.50
gineral	6.50
hewing	6.50
shunned	6.50
tome	6.50
sower	6.50
vespasian	6.50
mei	6.50
clytaemnestra	6.50
khorasan	6.50
polydorus	6.50
underneath	6.50
maka	6.50
tasting	6.50
warlocks	6.50
irak	6.50
endeavours	6.50
nya	6.50
capricorn	6.49
vashti	6.49
philosophical	6.49
inviolable	6.49
anthropomorphism	6.49
canopus	6.49
giovanni	6.49
sainted	6.49
liketh	6.49
forsakes	6.49
improvising	6.49
indwelling	6.49
succoured	6.49
stilled	6.49
pythagoreans	6.49
carrick	6.49
tanto	6.49
bibliography	6.49
slipper	6.49
handles	6.49
geordie	6.48
freemasons	6.48
nigeria	6.48
spoiler	6.48
duran	6.48
dict	6.48
locrians	6.48
kepe	6.48
mohun	6.48
trad	6.48
graved	6.48
cull	6.48
malevolence	6.48
danaë	6.48
erthrown	6.48
miocene	6.48
coeur	6.48
ça	6.48
δε	6.48
yᵉ	6.48
vaulted	6.48
midden	6.48
murderers	6.47
fleas	6.47
phœbus	6.47
nursed	6.47
herrick	6.47
niall	6.47
noureddin	6.47
shewed	6.47
tang	6.47
wintry	6.47
feste	6.47
siluer	6.47
tithonus	6.47
opulence	6.47
urg	6.47
unrighteous	6.47
billowy	6.47
cypriote	6.47
derwentwater	6.47
sumer	6.47
mitteilungen	6.46
vul	6.46
tricked	6.46
portico	6.46
unrecorded	6.46
leah	6.46
ayont	6.46
xcvii	6.46
thersites	6.46
antiquarians	6.46
odoriferous	6.46
asp	6.46
bonniest	6.46
hao	6.46
seemest	6.46
walke	6.46
hobgoblin	6.46
ski	6.46
feld	6.46
forewent	6.46
nudd	6.46
chapels	6.46
gloomy	6.46
resuscitation	6.46
mirrors	6.46
peruvians	6.46
makers	6.45
jaundice	6.45
boastful	6.45
neleus	6.45
fison	6.45
orbs	6.45
ayrshire	6.45
joppa	6.45
baser	6.45
credibility	6.45
hurtful	6.45
josephus	6.45
basins	6.45
humbly	6.45
houris	6.45
withe	6.45
dian	6.45
outrigger	6.45
strewn	6.45
elegance	6.45
fareth	6.45
sufficeth	6.45
thirdly	6.44
brilliance	6.44
chippeway	6.44
dai	6.44
forgat	6.44
sanhedrin	6.44
seashore	6.44
nemean	6.44
lawgiver	6.44
omnipresent	6.44
skeer	6.44
cheops	6.44
jawbone	6.44
apennines	6.44
classe	6.44
oudh	6.44
bau	6.44
clymene	6.44
learoyd	6.44
myriads	6.44
brynhild	6.44
lopped	6.44
wart	6.43
plated	6.43
exhorts	6.43
minucius	6.43
bahadur	6.43
dubh	6.43
plaintive	6.43
hermetic	6.43
mang	6.43
noman	6.43
transposition	6.43
pili	6.43
tertullian	6.43
classics	6.43
full	6.43
peats	6.43
precede	6.43
fourfold	6.43
glaive	6.43
kapa	6.43
koranic	6.43
immolation	6.43
gleanings	6.42
torre	6.42
err	6.42
salii	6.42
exhortation	6.42
rhegium	6.42
shod	6.42
reproduces	6.42
cooked	6.42
glistering	6.42
martyrs	6.42
scapegoats	6.42
enhance	6.42
details	6.42
agrippina	6.42
nuit	6.42
cilician	6.42
brahmanical	6.42
mœurs	6.42
roxana	6.42
sanctorum	6.42
barham	6.42
reynaud	6.41
justly	6.41
laith	6.41
titicaca	6.41
identify	6.41
found	6.41
inconsolable	6.41
catches	6.41
airly	6.41
kata	6.41
ont	6.41
immolated	6.41
vignettes	6.41
cham	6.41
hieratic	6.41
hierophant	6.41
remaine	6.41
tither	6.41
abi	6.40
copland	6.40
thargelia	6.40
earthward	6.40
religiously	6.40
alcinoüs	6.40
sprigs	6.40
annandale	6.40
hyar	6.40
liu	6.40
derision	6.40
biddest	6.40
chansons	6.40
faa	6.40
sey	6.40
haha	6.40
perse	6.40
canny	6.40
drawn	6.40
strewed	6.40
ranked	6.40
repay	6.39
deucalion	6.39
implying	6.39
hostess	6.39
alecto	6.39
umm	6.39
kokoro	6.39
lun	6.39
vigils	6.39
cabalistic	6.39
wolves	6.39
niggard	6.39
capua	6.39
mayence	6.39
pyramidal	6.39
ancienne	6.39
carbuncles	6.39
desir	6.39
deride	6.39
warwickshire	6.39
anthropologists	6.39
entombed	6.39
ferrara	6.39
assemblage	6.39
diuers	6.39
setna	6.39
answere	6.39
brage	6.39
sardinia	6.39
goliath	6.38
anachronism	6.38
befitted	6.38
redden	6.38
penda	6.38
του	6.38
whitsunday	6.38
collector	6.38
shrilling	6.38
antidote	6.38
elamites	6.38
palms	6.38
dizier	6.37
surcoat	6.37
fiue	6.37
gallo	6.37
oppert	6.37
designations	6.37
sinners	6.37
britains	6.37
pretence	6.37
parzival	6.37
modified	6.37
volsungs	6.37
brok	6.37
losse	6.37
returneth	6.37
salton	6.37
scil	6.37
yardley	6.37
kwa	6.37
mensch	6.37
oriented	6.37
piraeus	6.37
headland	6.36
headdress	6.36
entice	6.36
broomstick	6.36
treasured	6.36
sethos	6.36
aix	6.36
dazzling	6.36
diocletian	6.36
derivations	6.36
assoc	6.36
singeth	6.36
horsemanship	6.36
vor	6.36
anglesey	6.36
doune	6.36
cockatrice	6.35
altertum	6.35
landor	6.35
hawker	6.35
kaffirs	6.35
harleian	6.35
kaw	6.35
metallurgy	6.35
representative	6.35
conceits	6.35
friezes	6.35
knyght	6.35
underlying	6.35
freedman	6.35
palsied	6.35
voiceless	6.35
sequel	6.35
plat	6.35
regina	6.35
catti	6.35
haire	6.35
salvatore	6.35
udi	6.35
extinguished	6.35
tem	6.35
forswear	6.35
aegeus	6.35
comus	6.35
stepson	6.35
arno	6.35
hoffmann	6.35
troubadour	6.35
euerie	6.34
granite	6.34
hurtled	6.34
tytler	6.34
unfolds	6.34
retained	6.34
burgos	6.34
neuter	6.34
turenn	6.34
twins	6.34
aesir	6.34
antiquité	6.34
helga	6.34
ogygia	6.34
comen	6.34
vana	6.34
allo	6.34
astyanax	6.34
cyclic	6.34
usk	6.34
diomede	6.34
honor	6.34
links	6.34
moneth	6.34
strophe	6.34
conjectured	6.34
bountiful	6.33
driveth	6.33
hawking	6.33
siegmund	6.33
lag	6.33
commend	6.33
pao	6.33
culte	6.33
caligula	6.33
stirrup	6.33
brendan	6.33
cesar	6.33
chrysolite	6.33
ronan	6.33
sittest	6.33
thyrsus	6.33
trample	6.33
verdure	6.33
kela	6.33
stench	6.33
beholden	6.32
multitudinous	6.32
cloudesley	6.32
dialis	6.32
polycrates	6.32
victories	6.32
foerster	6.32
napier	6.32
predecessor	6.32
gnaws	6.32
cradled	6.32
inge	6.32
lycophron	6.32
meikle	6.32
taile	6.32
spurned	6.32
martyrology	6.32
dross	6.32
feareth	6.31
normandie	6.31
ximenes	6.31
reflects	6.31
doncaster	6.31
xcix	6.31
adjoining	6.31
nibelungs	6.31
amasis	6.31
adornment	6.31
deceiver	6.31
proteus	6.31
bagpipes	6.31
clarion	6.31
heirloom	6.31
niam	6.31
distracted	6.31
transcription	6.31
els	6.31
lala	6.31
artisan	6.31
glorification	6.31
divinations	6.31
devourer	6.31
weepest	6.31
yate	6.31
blasphemies	6.31
bothe	6.31
wealthy	6.31
mahony	6.30
horseman	6.30
encompassing	6.30
swansea	6.30
abhor	6.30
jahrbuch	6.30
jackals	6.30
partakers	6.30
modifications	6.30
rash	6.30
dugald	6.30
fortieth	6.30
vapour	6.30
democritus	6.30
franconia	6.30
lyell	6.30
dolphins	6.29
resounding	6.29
intill	6.29
piræus	6.29
vizir	6.29
moray	6.29
fre	6.29
misprint	6.29
wards	6.29
awl	6.29
maskers	6.29
resuscitated	6.29
compassionating	6.29
gwynedd	6.29
vb	6.29
θεῶν	6.29
basra	6.29
dolmen	6.29
dupuis	6.29
gower	6.29
teotihuacan	6.29
arne	6.29
kis	6.29
narada	6.29
saviors	6.29
shrovetide	6.29
devi	6.29
stablished	6.29
widowed	6.29
ghastly	6.28
galway	6.28
mogul	6.28
prominence	6.28
authenticated	6.28
outlawed	6.28
twar	6.28
clavus	6.28
tarsus	6.28
beames	6.28
sto	6.28
mediterranean	6.28
buskins	6.28
importune	6.28
mann	6.28
rica	6.28
naw	6.28
compose	6.28
acorns	6.28
cossack	6.28
padstow	6.27
photius	6.27
sleipner	6.27
atheist	6.27
pyth	6.27
inferno	6.27
perfected	6.27
embattled	6.27
morag	6.27
tuan	6.27
materialistic	6.27
choses	6.27
kat	6.27
tau	6.27
glut	6.27
conclude	6.27
matin	6.27
ake	6.27
bakr	6.27
scourges	6.27
thresh	6.27
broods	6.26
murderess	6.26
shrinks	6.26
blee	6.26
faem	6.26
fays	6.26
mandate	6.26
nau	6.26
cloaths	6.26
masque	6.26
ganelon	6.26
combs	6.26
conjunction	6.26
apulian	6.26
maki	6.26
dawns	6.26
bulfinch	6.25
vivifying	6.25
gudeman	6.25
personating	6.25
teton	6.25
waiver	6.25
druidic	6.25
bac	6.25
hibiscus	6.25
orontes	6.25
choice	6.25
arikara	6.25
cott	6.25
gonzalez	6.25
plin	6.25
mao	6.25
choler	6.25
erelong	6.25
forebode	6.25
irk	6.25
shadrach	6.25
wanst	6.25
xciv	6.25
xcv	6.25
liturgies	6.25
pompeius	6.25
hardiness	6.24
rainbows	6.24
brien	6.24
vernacular	6.24
hangings	6.24
gowden	6.24
utes	6.24
inglorious	6.24
tydeus	6.24
anzeiger	6.24
purifications	6.24
succours	6.24
weaponless	6.24
declension	6.24
officiating	6.24
candlestick	6.24
bedivere	6.24
actium	6.24
niflheim	6.24
sedna	6.24
continual	6.24
hi	6.24
aboue	6.23
akkadian	6.23
sabre	6.23
cleansing	6.23
boniface	6.23
sorest	6.23
magnified	6.23
avait	6.23
adversaries	6.23
cui	6.23
llewellyn	6.23
delighting	6.23
bote	6.23
gentlewomen	6.23
listens	6.23
leyden	6.23
orally	6.23
horizons	6.23
mawnin	6.23
holler	6.23
brauch	6.23
hopi	6.23
granaries	6.23
occidental	6.23
individuality	6.23
farquhar	6.23
convey	6.23
barrows	6.22
aal	6.22
alexandrine	6.22
einen	6.22
paulinus	6.22
pelew	6.22
prythee	6.22
taoism	6.22
tocher	6.22
broughton	6.22
gur	6.22
intelligences	6.22
phantasm	6.22
protects	6.22
outcry	6.22
vagrant	6.22
pakeha	6.22
smiteth	6.22
naiad	6.22
alaric	6.22
unchanged	6.22
swarm	6.22
avery	6.22
bussorah	6.22
comprises	6.22
kalevala	6.22
misty	6.22
torrents	6.22
peebles	6.22
wheresoe	6.22
xciii	6.22
corbin	6.22
maila	6.22
wate	6.22
suppl	6.21
todas	6.21
fata	6.21
seligmann	6.21
slyboots	6.21
parent	6.21
floral	6.21
chastise	6.21
actæon	6.21
albe	6.21
marke	6.21
laos	6.21
petra	6.21
foams	6.21
derivatives	6.21
grund	6.21
lr	6.21
hostel	6.21
domain	6.21
unending	6.21
byword	6.21
stealth	6.21
bottomless	6.21
hann	6.21
florentine	6.20
coud	6.20
hari	6.20
regin	6.20
palmer	6.20
availed	6.20
kretschmer	6.20
samas	6.20
partridge	6.20
slumbering	6.20
breeding	6.20
holde	6.19
triptolemus	6.19
contending	6.19
owest	6.19
suffixes	6.19
crimes	6.19
nore	6.19
intercalary	6.19
orbigny	6.19
sibyls	6.19
tui	6.19
nominative	6.19
trelawny	6.19
hindustan	6.19
lime	6.19
defilement	6.19
warpath	6.19
mandeville	6.19
yoni	6.19
sulayman	6.19
hyades	6.19
parian	6.19
sceptres	6.19
mystics	6.19
potions	6.19
bourke	6.19
flits	6.19
scalds	6.19
astray	6.19
barmecides	6.19
nw	6.19
cashel	6.19
tok	6.18
ascalon	6.18
bemoan	6.18
breaketh	6.18
herausgegeben	6.18
sleepest	6.18
tmolus	6.18
dout	6.18
drinketh	6.18
fritters	6.18
anie	6.18
chaldees	6.18
seafarers	6.18
xenophanes	6.18
mitth	6.18
imprinted	6.18
ohe	6.18
triangles	6.18
kindling	6.18
posthumous	6.18
sty	6.17
innermost	6.17
wrapped	6.17
freyr	6.17
defies	6.17
mori	6.17
entering	6.17
meleager	6.17
lines	6.17
sufficiency	6.17
bole	6.17
strutt	6.17
cheeses	6.17
bathsheba	6.17
lusted	6.17
morne	6.17
wolfram	6.17
toothless	6.17
conducts	6.16
sucked	6.16
cambria	6.16
trouts	6.16
whiter	6.16
calender	6.16
alonzo	6.16
beadle	6.16
dolour	6.16
mysia	6.16
oute	6.16
targe	6.16
concept	6.16
foi	6.16
ise	6.16
astrid	6.16
begirt	6.16
moguls	6.16
feared	6.16
relatives	6.16
cruciform	6.16
daemon	6.16
imaged	6.16
procrustes	6.16
stablish	6.16
omnipotence	6.15
baptize	6.15
disperse	6.15
aegir	6.15
atheism	6.15
enjoyable	6.15
captives	6.15
priceless	6.15
amor	6.15
weltering	6.15
pouch	6.15
castel	6.15
casteth	6.15
unrivalled	6.15
athelwold	6.15
iram	6.15
romane	6.15
hiouen	6.15
forger	6.15
virginal	6.15
sated	6.15
aster	6.15
tress	6.15
rory	6.15
fatherhood	6.15
lxxxviii	6.15
berbers	6.14
cœur	6.14
fois	6.14
remedy	6.14
sweetmeat	6.14
honourably	6.14
communed	6.14
ruined	6.14
criticism	6.14
kays	6.14
thyng	6.14
bluidy	6.14
neist	6.14
perceiv	6.14
stadium	6.14
graal	6.14
chalcis	6.14
lamech	6.14
restor	6.14
sti	6.14
walles	6.14
chist	6.14
ebook	6.14
valle	6.14
urania	6.14
clotted	6.14
dishonored	6.14
yuen	6.14
pains	6.13
kah	6.13
albanian	6.13
slaughters	6.13
heimskringla	6.13
ossianic	6.13
camb	6.13
ontzlake	6.13
molokai	6.13
zo	6.13
partook	6.13
mowers	6.13
vienne	6.13
chun	6.13
hite	6.13
suffers	6.13
inter	6.13
medici	6.13
returning	6.12
eumenes	6.12
gubernatis	6.12
cyclop	6.12
presages	6.12
unbaptized	6.12
unites	6.12
ariseth	6.12
grammarians	6.12
rustam	6.12
transylvanian	6.12
clonmacnois	6.12
fet	6.12
peloponnesians	6.12
serue	6.12
sidonian	6.12
neighed	6.12
quotations	6.12
grot	6.12
spiritualists	6.12
wichita	6.12
modification	6.12
bowshot	6.12
tarries	6.12
origines	6.12
pertinax	6.12
unexplained	6.12
diu	6.12
causeless	6.12
dispelling	6.12
maces	6.12
cun	6.12
wong	6.12
gog	6.11
hurries	6.11
highwayman	6.11
roars	6.11
categories	6.11
welded	6.11
yao	6.11
achieved	6.11
yonge	6.11
biographers	6.11
ping	6.11
jocund	6.11
bach	6.11
croker	6.11
gazer	6.11
languedoc	6.11
grafted	6.11
shunning	6.10
itinerant	6.10
det	6.10
gateway	6.10
accepts	6.10
sik	6.10
crotona	6.10
tane	6.10
fakhr	6.10
wher	6.10
jephthah	6.10
maymun	6.10
rive	6.10
fischer	6.10
henchmen	6.10
houre	6.10
marjoram	6.10
jacob	6.09
ὡς	6.09
crested	6.09
bonn	6.09
curé	6.09
ankh	6.09
buch	6.09
hoang	6.09
cordova	6.09
cocoanut	6.09
hande	6.09
herse	6.09
nears	6.09
absurdities	6.09
men	6.09
milan	6.09
τοῦ	6.09
courtesie	6.09
dozy	6.09
myrrha	6.09
usi	6.09
testimonies	6.09
elgin	6.08
skeletons	6.08
ibis	6.08
moste	6.08
torture	6.08
fattest	6.08
caithness	6.08
pendants	6.08
kwang	6.08
appropriate	6.08
needy	6.08
essayed	6.08
findest	6.08
maleficent	6.08
mattock	6.08
hode	6.07
skallagrim	6.07
dunya	6.07
pelayo	6.07
courtyard	6.07
stretches	6.07
armagh	6.07
homogeneous	6.07
castrato	6.07
georgette	6.07
inclin	6.07
maye	6.07
tellus	6.07
wayes	6.07
winnow	6.07
magie	6.07
sura	6.07
mains	6.07
ruddy	6.07
darken	6.07
hammam	6.07
diod	6.07
fian	6.07
hexameter	6.07
tildy	6.07
cumae	6.07
caskets	6.07
declination	6.07
schrader	6.07
werewolf	6.07
longa	6.07
lookest	6.07
nant	6.07
après	6.07
steeps	6.06
roams	6.06
oxenham	6.06
thom	6.06
piso	6.06
renaissance	6.06
equinoctial	6.06
haida	6.06
corrupt	6.06
webs	6.06
worthily	6.06
holl	6.06
lovel	6.06
menes	6.06
sesostris	6.06
betrayer	6.06
erne	6.05
personifying	6.05
defunct	6.05
rishis	6.05
lyfe	6.05
sonnes	6.05
repenting	6.05
striking	6.05
bulletin	6.05
grecques	6.05
sidonians	6.05
renew	6.05
menials	6.05
iar	6.05
quakes	6.05
betoken	6.05
collects	6.05
pattern	6.05
theophilus	6.04
granary	6.04
lynette	6.04
olwen	6.04
ono	6.04
shih	6.04
illyricum	6.04
eftsoons	6.04
sf	6.04
duo	6.04
literati	6.04
conical	6.04
ojibways	6.04
mungo	6.04
bewitching	6.04
bared	6.04
dich	6.04
wains	6.04
quito	6.04
pallid	6.04
familiar	6.04
subdues	6.04
unwitting	6.04
chappell	6.04
köhler	6.04
mussulmans	6.04
fibre	6.04
areca	6.03
nouveau	6.03
emain	6.03
incredible	6.03
moulin	6.03
shadowed	6.03
gerarde	6.03
sudras	6.03
astolpho	6.03
aske	6.03
dragg	6.03
michi	6.03
nezahualcoyotl	6.03
ops	6.03
embody	6.03
chameleon	6.03
plow	6.03
marjory	6.03
ty	6.03
behead	6.03
cleric	6.03
prayeth	6.03
syracusan	6.03
henchman	6.03
pagodas	6.02
waned	6.02
mariette	6.02
débris	6.02
garnered	6.02
soulless	6.02
isoult	6.02
leavings	6.02
telamon	6.02
invading	6.02
starred	6.02
dugong	6.02
oberon	6.02
oer	6.02
generous	6.02
falmouth	6.02
annam	6.02
sher	6.02
exhumed	6.02
foreknowledge	6.02
maia	6.02
mortality	6.02
mynde	6.02
peris	6.02
somnus	6.02
wherefor	6.02
polychrome	6.02
advanc	6.02
manie	6.02
spiritualistic	6.02
afther	6.01
bespeaks	6.01
chambered	6.01
offends	6.01
ranee	6.01
iduna	6.01
ferre	6.01
mie	6.01
ponder	6.01
hate	6.01
behoves	6.01
serried	6.01
grieveth	6.01
othman	6.01
straw	6.01
wilde	6.01
fleetest	6.01
kou	6.01
adversary	6.01
bord	6.01
initiations	6.01
lavinium	6.01
posidon	6.01
ri	6.01
chippewa	6.01
geog	6.01
abruzzi	6.01
aetna	6.01
narayan	6.01
decadence	6.00
canaanites	6.00
hin	6.00
attachment	6.00
snorre	6.00
bitches	6.00
cyclopædia	6.00
theron	6.00
doore	6.00
personæ	6.00
τοῖς	6.00
westwards	6.00
abomination	6.00
rancour	6.00
avers	6.00
darby	6.00
whet	6.00
